B,rollout,train_group,chunk_id,total_tokens,num_microbatches,fwd_bwd_s,chunk_total_s,end_ts
16,0,0,1,57070,16,13.6250,26.2570,1789814418.6562
16,0,0,2,59114,14,5.1150,6.4590,1789814426.3804
16,0,0,3,75042,16,7.2750,9.1930,1789814436.8219
16,0,0,4,80424,16,7.0710,8.7390,1789814446.8757
16,0,0,5,85769,16,6.8430,8.5270,1789814456.7893
16,0,0,6,100983,16,7.8670,9.9020,1789814468.3138
16,0,0,7,95989,16,7.6150,9.4310,1789814479.1610
16,0,0,8,163092,16,12.4010,15.6190,1789814496.4084
16,0,0,9,160538,16,12.7900,15.7140,1789814513.3773
16,0,0,10,146069,16,11.9060,14.8100,1789814529.7693
16,0,0,11,170442,16,14.2640,17.5120,1789814548.7855
16,0,0,12,445657,32,35.8940,44.4330,1789814594.5608
16,0,0,13,240939,16,21.0220,25.5680,1789814622.2740
16,1,0,1,130383,16,9.8030,12.5430,1789815136.8505
16,1,0,2,83597,13,8.0450,9.6710,1789815147.9249
16,1,0,3,146932,16,12.9190,15.6550,1789815164.7917
16,1,0,4,153096,16,12.1980,15.3810,1789815181.8215
16,1,0,5,337621,32,27.2430,33.6240,1789815217.2726
16,1,0,6,220566,16,18.0300,22.1720,1789815242.2600
16,1,0,7,113414,8,10.1070,12.2810,1789815256.9091
16,2,0,1,90360,16,7.4780,9.9830,1789815691.8362
16,2,0,2,84153,15,6.9020,8.6020,1789815702.5641
16,2,0,3,95889,16,7.7710,9.9350,1789815714.9891
16,2,0,4,121481,16,10.0550,12.4070,1789815729.3799
16,2,0,5,111528,16,9.5220,12.3090,1789815743.7645
16,2,0,6,162041,16,13.9410,16.9310,1789815762.0840
16,2,0,7,166263,16,13.3970,16.4620,1789815781.0813
16,2,0,8,139400,16,10.6300,13.1800,1789815796.2746
16,2,0,9,384257,32,32.0720,39.3350,1789815837.5278
16,2,0,10,165526,16,13.9460,17.1790,1789815857.2208
16,2,0,11,105563,8,8.6410,10.5080,1789815869.7709
16,2,0,12,128122,8,10.1290,12.5160,1789815884.3846
16,3,0,1,42346,12,4.3290,5.5440,1789816274.7439
16,3,0,2,48710,15,5.9840,7.6330,1789816283.6690
16,3,0,3,51776,15,4.9260,6.4370,1789816292.6138
16,3,0,4,65224,16,6.6810,8.2700,1789816303.0418
16,3,0,5,90583,16,8.4790,11.0670,1789816316.0161
16,3,0,6,102934,16,7.6730,9.5960,1789816326.9902
16,3,0,7,115007,16,9.7190,11.9610,1789816340.8854
16,3,0,8,89523,14,6.6870,8.4060,1789816350.6487
16,3,0,9,117937,16,8.6450,10.9210,1789816363.9697
16,3,0,10,153659,16,13.4750,16.2810,1789816381.6267
16,3,0,11,151716,16,12.8870,15.7060,1789816398.6676
16,3,0,12,174751,16,14.4370,17.9150,1789816418.5303
16,3,0,13,381115,32,31.5470,39.1860,1789816459.2705
16,3,0,14,244940,16,21.7390,26.6970,1789816487.7165
16,3,0,15,104191,8,9.2860,11.2400,1789816500.4333
16,4,0,1,44879,12,4.2860,5.5160,1789816900.4792
16,4,0,2,54104,14,5.3010,6.6200,1789816908.7174
16,4,0,3,45143,14,5.6500,7.0270,1789816917.2368
16,4,0,4,74468,16,6.1860,7.7300,1789816927.1076
16,4,0,5,63625,15,6.0190,7.6300,1789816936.0206
16,4,0,6,117623,16,10.0070,12.2870,1789816950.0189
16,4,0,7,110379,16,9.1420,11.2060,1789816962.7173
16,4,0,8,172107,16,13.8860,17.0220,1789816982.1482
16,4,0,9,137545,16,12.2410,14.8070,1789816998.3561
16,4,0,10,149349,16,12.1100,14.9410,1789817015.4707
16,4,0,11,158229,16,12.2970,15.4070,1789817033.4229
16,4,0,12,392802,32,33.0320,40.7160,1789817076.4953
16,4,0,13,133958,16,10.8410,13.5480,1789817091.6841
16,4,0,14,125498,8,10.0790,12.5430,1789817105.6980
16,5,0,1,163614,16,14.3360,17.8690,1789817555.3835
16,5,0,2,112495,16,8.9410,11.0260,1789817568.5661
16,5,0,3,149573,16,12.7410,15.5620,1789817585.5333
16,5,0,4,343289,32,28.6180,35.5840,1789817622.7124
16,5,0,5,186790,16,14.9040,18.4180,1789817643.0586
16,5,0,6,54419,8,4.4320,5.4890,1789817650.3920
16,5,0,7,85411,8,6.9500,8.5210,1789817660.2867
16,6,0,1,371974,32,29.6060,36.8100,1789818230.1551
16,6,0,2,479106,32,41.1640,50.3980,1789818282.0917
16,7,0,1,70569,16,6.2900,7.9720,1789818697.7447
16,7,0,2,58108,15,5.5690,7.1390,1789818706.5063
16,7,0,3,76821,16,6.6350,8.8790,1789818717.2284
16,7,0,4,89435,16,7.1580,8.9840,1789818727.6479
16,7,0,5,103517,16,9.1640,11.2440,1789818740.3277
16,7,0,6,80720,15,7.0230,8.8080,1789818750.4887
16,7,0,7,147394,16,11.4560,14.1850,1789818766.1030
16,7,0,8,131436,16,10.4600,12.9150,1789818781.1457
16,7,0,9,125740,16,10.0550,12.4760,1789818794.8097
16,7,0,10,140638,16,12.0300,14.8690,1789818811.5852
16,7,0,11,410324,32,32.5100,40.3650,1789818853.9242
16,7,0,12,178560,16,15.1070,18.5150,1789818873.6408
16,7,0,13,136706,8,11.0540,13.6140,1789818889.7206
16,8,0,1,34839,11,4.0760,5.2470,1789819290.7558
16,8,0,2,44026,15,5.2710,6.8060,1789819298.6641
16,8,0,3,47373,14,4.9430,6.4390,1789819306.3505
16,8,0,4,62792,16,5.4290,6.9200,1789819314.3470
16,8,0,5,70729,15,5.7540,7.2190,1789819322.6520
16,8,0,6,83787,16,6.3270,7.9420,1789819333.6518
16,8,0,7,88938,16,7.2230,8.9610,1789819343.7097
16,8,0,8,108311,16,9.3010,11.5430,1789819356.4207
16,8,0,9,103009,16,8.4330,10.5150,1789819368.1577
16,8,0,10,137786,16,11.1640,13.8160,1789819383.3002
16,8,0,11,130133,16,11.1540,13.8340,1789819398.5212
16,8,0,12,167045,16,14.0880,17.2780,1789819417.1527
16,8,0,13,347928,32,26.9520,33.4380,1789819452.1363
16,8,0,14,219952,16,18.0900,22.2900,1789819475.7332
16,8,0,15,101681,8,7.9190,9.7960,1789819486.9541
16,9,0,1,17570,5,1.6550,2.1550,1789819840.3694
16,9,0,2,18924,5,1.6290,2.1000,1789819843.4998
16,9,0,3,22568,6,1.9130,2.4560,1789819846.9719
16,9,0,4,29619,9,2.8400,3.6820,1789819851.9588
16,9,0,5,28744,9,2.8230,3.6500,1789819856.6463
16,9,0,6,39178,13,4.1320,5.2970,1789819863.0313
16,9,0,7,40832,14,4.8720,6.3560,1789819870.7461
16,9,0,8,45859,15,5.1190,6.6260,1789819878.4785
16,9,0,9,53107,15,5.2940,6.8790,1789819886.5386
16,9,0,10,52218,14,5.1410,6.6590,1789819894.3434
16,9,0,11,78542,16,6.3980,8.1050,1789819903.6102
16,9,0,12,90724,16,7.0490,8.7940,1789819913.5346
16,9,0,13,82499,16,7.1070,8.9350,1789819923.6956
16,9,0,14,108070,16,8.4580,10.5140,1789819936.3400
16,9,0,15,101363,15,8.0330,10.0590,1789819947.6048
16,9,0,16,143954,16,11.4440,14.1030,1789819962.8158
16,9,0,17,106717,16,8.7590,10.8160,1789819974.7822
16,9,0,18,156811,16,12.7320,15.8510,1789819992.0808
16,9,0,19,181701,16,14.0670,17.4290,1789820010.7784
16,9,0,20,382854,32,29.8680,37.0730,1789820049.3107
16,9,0,21,264501,16,22.7440,27.9920,1789820079.0876
16,9,0,22,104804,8,7.9610,9.8660,1789820090.4787
16,10,0,1,31129,9,3.0280,3.9110,1789820526.5288
16,10,0,2,31949,9,3.4470,4.4880,1789820534.0840
16,10,0,3,42700,13,4.4930,5.7150,1789820541.6147
16,10,0,4,39470,13,4.4140,5.7140,1789820548.6912
16,10,0,5,54149,15,5.4640,6.9950,1789820556.8114
16,10,0,6,53191,14,5.2970,6.7690,1789820564.6761
16,10,0,7,80169,16,7.6090,9.3970,1789820575.2686
16,10,0,8,111434,16,8.5480,10.5820,1789820587.5943
16,10,0,9,146890,16,11.5370,14.2090,1789820602.9488
16,10,0,10,158089,16,12.7860,15.7290,1789820619.8865
16,10,0,11,143971,16,11.3710,14.0710,1789820635.4839
16,10,0,12,166008,16,14.1080,17.1890,1789820654.2806
16,10,0,13,228763,16,19.6900,24.0640,1789820679.8050
16,10,0,14,155090,16,12.9360,16.1020,1789820697.4463
16,10,0,15,409486,32,33.6850,41.4510,1789820740.3499
16,10,0,16,495334,32,42.4610,52.0650,1789820793.9319
16,11,0,1,96614,16,7.4310,10.0430,1789821230.4264
16,11,0,2,81658,16,8.0670,9.9060,1789821241.5790
16,11,0,3,103894,16,8.6010,10.6960,1789821253.9480
16,11,0,4,122426,16,9.6720,12.1030,1789821267.3873
16,11,0,5,142999,16,11.4130,14.1500,1789821283.2652
16,11,0,6,174190,16,14.9070,18.2790,1789821302.9921
16,11,0,7,152437,16,12.0950,14.9620,1789821320.3465
16,11,0,8,318639,32,24.7900,30.9300,1789821354.2940
16,11,0,9,184339,16,15.8480,19.3710,1789821375.2513
16,11,0,10,102692,8,8.6780,10.6540,1789821388.0712
16,11,0,11,132380,8,11.2980,13.7650,1789821403.2710
16,11,0,12,94844,8,7.4430,9.2420,1789821414.0691
16,12,0,1,46002,14,5.3010,6.7180,1789821809.1357
16,12,0,2,53850,16,5.5650,7.2130,1789821817.9872
16,12,0,3,46054,12,4.4360,5.7170,1789821824.8202
16,12,0,4,82146,16,6.6670,8.3850,1789821834.3739
16,12,0,5,69381,15,6.3020,7.9220,1789821843.4699
16,12,0,6,75335,16,6.8170,8.5960,1789821853.3287
16,12,0,7,101602,16,8.7420,10.7500,1789821865.3489
16,12,0,8,91683,16,7.7820,9.7080,1789821876.3082
16,12,0,9,109567,15,8.8270,11.0320,1789821889.0569
16,12,0,10,153513,16,12.8990,16.1470,1789821906.3753
16,12,0,11,139621,16,11.5800,14.2600,1789821922.3044
16,12,0,12,130847,15,11.2390,13.8140,1789821937.6957
16,12,0,13,174158,16,13.7710,17.0750,1789821956.8928
16,12,0,14,331933,32,26.3170,32.6820,1789821991.7388
16,12,0,15,399861,32,33.4320,41.0480,1789822035.2982
16,13,0,1,46515,13,4.4700,6.2090,1789822450.7198
16,13,0,2,51931,14,5.6640,7.0110,1789822458.8209
16,13,0,3,61109,16,6.7440,8.4500,1789822468.9373
16,13,0,4,60662,14,5.6620,7.2180,1789822478.0678
16,13,0,5,80051,16,6.3030,8.0490,1789822487.3294
16,13,0,6,85344,16,7.0900,9.0460,1789822497.8130
16,13,0,7,88083,16,7.6250,9.4460,1789822508.4604
16,13,0,8,107331,16,9.1900,11.1620,1789822520.7526
16,13,0,9,100504,16,8.2450,10.1500,1789822532.0188
16,13,0,10,99947,16,8.2390,10.2930,1789822543.7715
16,13,0,11,146590,16,11.6560,14.3460,1789822560.1573
16,13,0,12,169885,16,14.5970,17.7380,1789822579.4651
16,13,0,13,121847,16,10.4310,12.9940,1789822594.5738
16,13,0,14,324353,32,27.7580,34.2450,1789822630.7172
16,13,0,15,182447,16,14.6150,18.0490,1789822650.1287
16,13,0,16,106590,8,9.7630,11.8100,1789822663.3522
16,14,0,1,59173,15,5.1900,6.8690,1789823135.7459
16,14,0,2,65199,16,5.6590,7.1730,1789823144.0424
16,14,0,3,84169,16,6.5490,8.4410,1789823154.0427
16,14,0,4,68273,16,6.2160,7.9060,1789823163.6220
16,14,0,5,68845,15,6.2180,7.9550,1789823172.8000
16,14,0,6,82609,16,7.3160,9.2210,1789823183.4775
16,14,0,7,102730,16,8.5460,10.9830,1789823195.8165
16,14,0,8,99788,16,7.8360,9.7880,1789823207.4244
16,14,0,9,128626,16,10.1840,12.5730,1789823222.0579
16,14,0,10,130299,16,11.2960,13.8550,1789823237.5620
16,14,0,11,162580,14,12.8340,15.9060,1789823254.7646
16,14,0,12,209971,16,17.7650,21.8100,1789823278.8506
16,14,0,13,404883,32,35.1890,42.8860,1789823323.4961
16,14,0,14,255972,16,21.7620,26.8080,1789823351.7559
16,14,0,15,128565,8,10.2330,12.6710,1789823366.9420
16,15,0,1,52503,16,5.7740,7.6280,1789823723.2675
16,15,0,2,41489,11,3.9510,5.1260,1789823729.6593
16,15,0,3,66890,16,5.7710,7.7390,1789823739.0109
16,15,0,4,55138,13,5.5690,7.8420,1789823748.5586
16,15,0,5,74292,15,6.8430,8.6860,1789823758.4615
16,15,0,6,72202,16,6.8440,8.3910,1789823767.9773
16,15,0,7,73981,16,7.2240,8.8650,1789823777.9688
16,15,0,8,81026,16,7.3010,8.9120,1789823788.0613
16,15,0,9,99423,16,8.3960,10.9500,1789823800.5328
16,15,0,10,96265,15,7.7270,10.0450,1789823812.3652
16,15,0,11,91678,16,8.8330,10.8140,1789823824.4046
16,15,0,12,153245,16,12.5220,15.4530,1789823842.2443
16,15,0,13,138590,16,11.9860,14.7350,1789823858.3837
16,15,0,14,379638,32,30.4260,37.6260,1789823898.3021
16,15,0,15,177787,16,14.0960,17.4930,1789823917.1827
16,16,0,1,171357,16,13.1800,16.7490,1789824447.8428
16,16,0,2,160174,16,12.6410,15.6420,1789824465.6237
16,16,0,3,202604,16,15.5140,19.3280,1789824486.2556
16,16,0,4,361851,32,29.5510,36.4190,1789824524.0249
16,16,0,5,282753,16,24.8890,30.4540,1789824556.0694
16,17,0,1,445550,32,38.6030,47.9450,1789825219.8670
16,17,0,2,263275,16,22.5290,27.6710,1789825248.9422
16,17,0,3,119081,8,9.1580,11.3330,1789825262.1246
16,18,0,1,15208,4,1.8000,2.5180,1789825617.2921
16,18,0,2,21735,6,2.9260,3.4780,1789825621.8122
16,18,0,3,25574,7,3.9800,4.6450,1789825627.5267
16,18,0,4,38755,13,4.8890,6.3640,1789825635.1502
16,18,0,5,39910,14,5.9560,7.4050,1789825643.8561
16,18,0,6,41043,13,4.8020,6.1920,1789825651.9478
16,18,0,7,46159,15,5.2140,6.7590,1789825659.8291
16,18,0,8,48567,14,5.1950,7.0040,1789825668.0039
16,18,0,9,46191,13,5.5160,6.8890,1789825676.0526
16,18,0,10,42416,14,4.8390,6.2300,1789825683.4385
16,18,0,11,49341,16,4.9670,6.3980,1789825690.9148
16,18,0,12,61192,16,5.2950,6.7650,1789825698.7865
16,18,0,13,58438,16,5.5580,7.3060,1789825707.9874
16,18,0,14,56114,15,5.6460,7.2040,1789825716.6365
16,18,0,15,83431,16,6.4090,8.1420,1789825725.9750
16,18,0,16,95325,16,8.0810,10.0230,1789825737.5111
16,18,0,17,82848,16,7.2640,9.1380,1789825747.9756
16,18,0,18,89247,16,7.6090,9.4360,1789825758.6140
16,18,0,19,107962,15,8.6920,10.8980,1789825771.1407
16,18,0,20,116017,16,9.4420,11.6500,1789825784.3486
16,18,0,21,143552,16,11.4590,14.3050,1789825799.8687
16,18,0,22,154401,16,13.0930,16.4040,1789825817.5795
16,18,0,23,151273,16,12.8180,15.7950,1789825834.6544
16,18,0,24,370871,32,31.0090,38.0710,1789825875.7608
16,18,0,25,175481,16,14.8640,18.2020,1789825895.4890
16,18,0,26,84688,8,8.3300,10.0470,1789825906.7101
16,19,0,1,73936,15,5.8360,7.7500,1789826306.8090
16,19,0,2,79549,16,6.8650,9.1600,1789826317.8312
16,19,0,3,82718,16,7.0220,9.0240,1789826328.6702
16,19,0,4,100083,16,7.6260,9.5740,1789826339.4140
16,19,0,5,100859,16,8.4200,10.3910,1789826350.9445
16,19,0,6,123217,16,10.3090,12.5290,1789826364.6164
16,19,0,7,87746,16,7.1120,8.8940,1789826375.3414
16,19,0,8,91859,13,7.1560,8.9510,1789826385.4349
16,19,0,9,92428,15,7.4400,9.3790,1789826395.9883
16,19,0,10,136598,15,11.8280,14.6010,1789826412.8132
16,19,0,11,122987,16,10.7610,13.2230,1789826427.3200
16,19,0,12,354424,32,29.9200,36.6820,1789826466.0523
16,19,0,13,182520,16,14.5600,17.9990,1789826485.2773
16,19,0,14,131020,8,12.1830,14.6860,1789826501.6957
16,19,0,15,113794,8,9.8210,11.9970,1789826515.4140
16,0,1,1,85280,16,16.3880,30.3500,1789814440.1453
16,0,1,2,68160,16,5.4210,6.9390,1789814448.2354
16,0,1,3,86049,16,8.0370,10.0930,1789814459.7328
16,0,1,4,121686,16,9.3760,11.5780,1789814473.0009
16,0,1,5,124252,16,9.8220,12.1150,1789814486.4269
16,0,1,6,183594,16,14.7780,18.3110,1789814506.5902
16,0,1,7,172794,16,13.3900,16.5950,1789814524.4009
16,0,1,8,187850,16,15.4620,18.9240,1789814545.4047
16,0,1,9,387856,32,33.4330,40.8470,1789814588.2616
16,0,1,10,242010,16,20.0610,24.5960,1789814614.2635
16,0,1,11,143156,8,13.1660,15.9310,1789814632.8560
16,1,1,1,13622,4,2.8720,3.3750,1789814990.4037
16,1,1,2,26835,8,2.5120,3.3490,1789814995.9572
16,1,1,3,31490,10,3.7350,4.6760,1789815002.0662
16,1,1,4,26691,8,2.4250,3.1620,1789815006.7237
16,1,1,5,35907,11,4.2450,5.2930,1789815013.4306
16,1,1,6,42536,14,4.3310,5.5700,1789815020.0963
16,1,1,7,43689,14,4.5360,5.9740,1789815028.3841
16,1,1,8,33050,9,4.0800,5.3160,1789815034.8354
16,1,1,9,44370,12,4.7170,5.9250,1789815042.2568
16,1,1,10,57081,16,6.0370,8.1350,1789815052.6813
16,1,1,11,54809,16,5.9270,7.8290,1789815061.9303
16,1,1,12,55282,13,4.7680,6.0170,1789815069.6965
16,1,1,13,62018,14,5.3640,7.3100,1789815079.1679
16,1,1,14,74744,16,5.9720,7.5210,1789815088.7069
16,1,1,15,49179,12,4.3910,5.5820,1789815095.5457
16,1,1,16,90446,15,7.1610,8.8980,1789815106.7221
16,1,1,17,122539,16,9.4880,11.7620,1789815119.8847
16,1,1,18,123512,16,10.1990,12.5400,1789815134.3849
16,1,1,19,118558,15,9.6320,11.9680,1789815148.2779
16,1,1,20,145391,16,12.4490,15.0980,1789815164.5880
16,1,1,21,170576,16,13.7080,17.0410,1789815183.3559
16,1,1,22,333237,32,27.7660,33.9890,1789815219.4029
16,1,1,23,207606,16,15.8970,19.8660,1789815240.6567
16,1,1,24,111503,8,8.6240,10.6820,1789815252.7039
16,1,1,25,86076,8,6.9420,8.4800,1789815262.5570
16,2,1,1,123961,16,9.1910,11.4820,1789815714.0586
16,2,1,2,121192,16,10.2270,12.9980,1789815730.9442
16,2,1,3,161838,16,13.0630,16.0410,1789815748.3124
16,2,1,4,162245,16,13.2720,16.2690,1789815767.0351
16,2,1,5,184580,16,16.8080,20.2650,1789815788.6680
16,2,1,6,181781,16,15.2400,18.6710,1789815809.5662
16,2,1,7,426342,32,35.5190,43.6740,1789815855.4999
16,2,1,8,215734,16,18.1450,22.2170,1789815879.4059
16,3,1,1,95216,15,7.5330,9.6300,1789816345.5635
16,3,1,2,143605,16,11.3440,13.9440,1789816360.8954
16,3,1,3,144145,16,12.6000,15.2530,1789816377.4272
16,3,1,4,144343,16,11.0350,13.7230,1789816393.3894
16,3,1,5,135110,16,10.5630,13.1220,1789816408.9861
16,3,1,6,177126,16,14.4530,17.7330,1789816429.4400
16,3,1,7,381037,32,31.3350,38.6150,1789816470.3905
16,3,1,8,237626,16,20.8690,25.3910,1789816497.1326
16,4,1,1,35097,10,3.6460,5.1330,1789816868.5763
16,4,1,2,30171,9,3.3940,4.3390,1789816874.2854
16,4,1,3,41391,14,5.3930,6.8050,1789816882.6052
16,4,1,4,48485,16,6.0010,7.7590,1789816891.6590
16,4,1,5,39015,10,3.4560,4.5840,1789816897.5794
16,4,1,6,57424,14,4.5800,6.0720,1789816906.0289
16,4,1,7,66766,16,6.1940,8.2210,1789816915.8112
16,4,1,8,59321,13,5.0090,6.3150,1789816923.3146
16,4,1,9,80902,16,6.1320,7.7410,1789816932.3696
16,4,1,10,84166,16,6.5720,8.2090,1789816941.9141
16,4,1,11,92446,16,7.7230,9.6470,1789816953.1640
16,4,1,12,105424,16,8.7410,10.8840,1789816965.6005
16,4,1,13,122673,16,10.7330,13.0040,1789816980.0350
16,4,1,14,174258,16,14.0470,17.2620,1789816999.4658
16,4,1,15,185222,16,14.9620,18.4910,1789817019.4576
16,4,1,16,421342,32,33.1350,41.3810,1789817063.9926
16,4,1,17,217006,16,16.9820,21.0970,1789817086.6273
16,4,1,18,72139,8,5.1800,6.4940,1789817095.5237
16,4,1,19,118847,8,9.9710,12.1850,1789817109.1144
16,5,1,1,53419,15,5.2840,7.5600,1789817443.0963
16,5,1,2,47490,16,6.7710,8.7660,1789817453.0234
16,5,1,3,48544,14,5.0080,6.4820,1789817460.7604
16,5,1,4,67759,16,7.0260,8.6920,1789817470.6213
16,5,1,5,74443,16,6.8390,8.5300,1789817480.8183
16,5,1,6,65532,15,5.5230,7.0110,1789817489.0004
16,5,1,7,108597,16,8.5110,10.9940,1789817501.6176
16,5,1,8,88522,16,8.1240,9.8420,1789817512.7407
16,5,1,9,135269,16,11.3950,13.9460,1789817527.8600
16,5,1,10,204195,16,17.5920,21.4280,1789817550.5851
16,5,1,11,153292,16,11.8330,14.6500,1789817567.1694
16,5,1,12,150148,16,11.9890,14.7410,1789817583.6740
16,5,1,13,340231,32,27.4840,34.1060,1789817619.2278
16,5,1,14,187336,16,16.0720,19.5970,1789817640.0396
16,5,1,15,100835,8,7.6500,9.4650,1789817651.3258
16,6,1,1,62576,16,5.3610,7.4950,1789818046.3713
16,6,1,2,56902,15,5.1020,6.5300,1789818054.0994
16,6,1,3,71101,16,5.6850,7.6780,1789818063.6053
16,6,1,4,77957,15,6.6330,8.1460,1789818073.5923
16,6,1,5,94640,16,8.0790,9.8210,1789818084.5425
16,6,1,6,108114,16,9.3080,11.3120,1789818097.1663
16,6,1,7,94212,15,7.8300,10.1780,1789818109.1993
16,6,1,8,134094,16,11.5140,13.9870,1789818124.4765
16,6,1,9,164115,16,12.7420,15.8310,1789818141.4795
16,6,1,10,155638,16,12.8570,15.7920,1789818158.8492
16,6,1,11,134905,16,10.7660,13.3140,1789818173.6626
16,6,1,12,103289,16,8.5500,11.0390,1789818186.1375
16,6,1,13,130555,16,10.0710,12.8640,1789818200.2974
16,6,1,14,288685,32,24.2950,30.0510,1789818232.2834
16,6,1,15,175706,16,15.5100,18.9470,1789818253.3229
16,6,1,16,79750,8,6.7600,8.2790,1789818262.7660
16,6,1,17,114168,8,10.3250,12.4590,1789818276.6957
16,7,1,1,12889,4,2.5950,3.4630,1789818641.2396
16,7,1,2,16784,5,2.3430,2.8650,1789818645.4685
16,7,1,3,32395,11,3.4570,4.5180,1789818651.7611
16,7,1,4,36488,12,4.1820,5.3300,1789818658.3856
16,7,1,5,51390,15,4.6810,6.4600,1789818665.9357
16,7,1,6,57526,16,5.2550,6.7990,1789818674.3582
16,7,1,7,55594,16,6.6180,8.3190,1789818683.7542
16,7,1,8,59436,15,5.3880,6.9230,1789818691.8470
16,7,1,9,77911,16,6.1890,8.2720,1789818701.8085
16,7,1,10,80323,16,6.9840,9.2120,1789818712.4742
16,7,1,11,90033,16,7.7660,9.6360,1789818723.4457
16,7,1,12,113172,16,8.6590,10.7320,1789818735.6052
16,7,1,13,113751,16,9.5710,11.8050,1789818748.7172
16,7,1,14,120064,16,9.1800,11.4480,1789818761.6631
16,7,1,15,142521,16,10.3030,13.4050,1789818776.2672
16,7,1,16,158814,16,12.7000,15.5670,1789818793.4507
16,7,1,17,158998,16,13.3090,16.2780,1789818811.1150
16,7,1,18,453719,32,38.4050,47.2160,1789818859.8351
16,7,1,19,186098,16,16.0300,19.5550,1789818881.4109
16,8,1,1,91341,16,7.0060,8.9130,1789819328.0782
16,8,1,2,92116,16,7.1040,8.8420,1789819338.1029
16,8,1,3,108856,16,8.8110,10.8590,1789819350.1115
16,8,1,4,107287,16,8.6050,10.7560,1789819362.1041
16,8,1,5,121243,16,9.3460,11.7040,1789819375.0540
16,8,1,6,116314,16,10.6640,13.1240,1789819389.5123
16,8,1,7,176107,16,14.7160,17.9930,1789819408.8247
16,8,1,8,141503,16,10.9370,13.6530,1789819423.8595
16,8,1,9,301690,32,24.2620,30.0190,1789819455.1955
16,8,1,10,199939,16,17.1300,20.9460,1789819477.5719
16,8,1,11,69330,8,6.0820,7.4630,1789819486.2579
16,8,1,12,126513,8,11.5680,14.0860,1789819501.7215
16,9,1,1,41516,13,4.6300,5.9900,1789819876.4630
16,9,1,2,37496,10,3.5610,4.5720,1789819882.1893
16,9,1,3,55575,14,5.0250,6.4370,1789819889.7983
16,9,1,4,67381,15,5.7480,7.2730,1789819898.3509
16,9,1,5,71208,15,5.8000,7.3640,1789819906.9688
16,9,1,6,80910,16,6.5410,8.2540,1789819916.3796
16,9,1,7,114324,16,8.8110,10.8960,1789819928.4484
16,9,1,8,99004,15,7.9040,9.8670,1789819939.5006
16,9,1,9,115129,16,8.9950,11.1380,1789819951.9114
16,9,1,10,72662,14,5.8400,7.4330,1789819960.4552
16,9,1,11,120754,16,10.5690,13.0340,1789819974.7025
16,9,1,12,160709,16,13.3310,16.3150,1789819992.2560
16,9,1,13,200625,16,15.9890,19.8360,1789820013.4790
16,9,1,14,439979,32,37.2550,45.6590,1789820060.5822
16,9,1,15,201830,16,16.4470,20.3190,1789820082.5363
16,10,1,1,38701,13,4.0090,5.1670,1789820535.7769
16,10,1,2,44415,13,4.6260,6.4580,1789820544.1233
16,10,1,3,45689,13,4.4660,5.7860,1789820551.2877
16,10,1,4,68807,16,5.9170,7.5930,1789820560.0462
16,10,1,5,66222,16,6.1510,8.0500,1789820569.8770
16,10,1,6,81018,15,6.8800,9.2630,1789820580.8152
16,10,1,7,127492,16,10.6310,13.0260,1789820595.0743
16,10,1,8,139806,16,12.0700,14.6330,1789820611.0436
16,10,1,9,104073,15,8.6960,10.7570,1789820623.8286
16,10,1,10,142443,16,12.2660,14.9950,1789820640.4385
16,10,1,11,190494,16,16.3330,19.9350,1789820661.6842
16,10,1,12,205719,16,16.6240,20.5330,1789820683.6112
16,10,1,13,174995,16,14.2280,17.4270,1789820703.2659
16,10,1,14,452543,32,38.2180,46.9540,1789820751.7033
16,10,1,15,194948,16,16.4290,20.4050,1789820773.4751
16,10,1,16,122528,8,10.6100,12.9000,1789820788.3484
16,11,1,1,26722,8,3.0150,3.8500,1789821139.9668
16,11,1,2,36405,13,5.3590,6.7450,1789821148.2094
16,11,1,3,32563,10,3.7080,4.8360,1789821154.4067
16,11,1,4,42671,13,4.7010,6.2700,1789821161.9763
16,11,1,5,41143,12,4.4400,5.6920,1789821168.9206
16,11,1,6,38999,12,4.1390,5.4490,1789821175.5915
16,11,1,7,41998,12,4.2500,5.8460,1789821182.8995
16,11,1,8,45586,13,4.4200,5.7460,1789821190.8313
16,11,1,9,58812,15,4.9140,6.7340,1789821199.6160
16,11,1,10,53928,15,5.0430,6.4090,1789821207.1692
16,11,1,11,79247,16,6.3800,7.9980,1789821216.3308
16,11,1,12,90082,16,7.3230,9.0580,1789821226.9246
16,11,1,13,77743,16,6.7790,8.5960,1789821237.2587
16,11,1,14,84025,16,6.9230,8.7290,1789821247.3326
16,11,1,15,151538,16,12.4300,15.2060,1789821264.3851
16,11,1,16,125807,16,11.2670,13.7220,1789821279.6471
16,11,1,17,143053,16,11.1690,13.9060,1789821295.7024
16,11,1,18,149150,16,11.4350,14.2210,1789821311.4364
16,11,1,19,201809,16,16.7020,20.4640,1789821333.1461
16,11,1,20,389747,32,33.7400,41.1310,1789821376.0728
16,11,1,21,218600,16,19.0960,23.3210,1789821400.8550
16,11,1,22,136245,8,11.5150,14.1950,1789821416.8548
16,12,1,1,23769,7,3.1060,4.4540,1789821783.6811
16,12,1,2,25066,7,3.5150,4.1530,1789821789.1626
16,12,1,3,29226,9,3.3510,4.1680,1789821794.9728
16,12,1,4,24597,7,2.2540,2.9070,1789821799.1061
16,12,1,5,43549,13,3.9500,5.1070,1789821806.0843
16,12,1,6,39062,13,4.7550,6.3790,1789821813.7599
16,12,1,7,66712,16,5.6610,7.5490,1789821823.0295
16,12,1,8,74650,16,6.7060,8.3750,1789821832.6684
16,12,1,9,88360,16,7.2120,8.9650,1789821842.9727
16,12,1,10,63541,15,5.9480,7.6620,1789821852.3606
16,12,1,11,84926,16,6.8400,8.6090,1789821862.4359
16,12,1,12,109538,16,8.5730,10.6370,1789821874.2209
16,12,1,13,135534,16,10.5720,13.0370,1789821888.4793
16,12,1,14,135614,16,11.0650,13.6300,1789821903.8603
16,12,1,15,169574,16,13.6450,16.8720,1789821921.8857
16,12,1,16,132926,16,11.1090,13.6820,1789821936.7653
16,12,1,17,190246,16,16.4580,20.0830,1789821958.2076
16,12,1,18,201473,16,16.5290,20.3790,1789821979.8779
16,12,1,19,210637,16,18.6130,22.7340,1789822004.0667
16,12,1,20,184406,16,14.8250,18.2930,1789822023.9808
16,12,1,21,97058,8,7.7550,9.5140,1789822034.8941
16,12,1,22,129255,8,11.8530,14.2420,1789822051.2238
16,13,1,1,80330,16,6.7990,8.8420,1789822497.4993
16,13,1,2,54491,14,4.8560,6.3180,1789822505.2122
16,13,1,3,97508,16,7.4790,9.6380,1789822515.9826
16,13,1,4,93207,16,8.1860,9.9730,1789822527.1056
16,13,1,5,104647,16,8.3330,10.3530,1789822539.2426
16,13,1,6,140768,16,10.7820,13.6110,1789822554.1920
16,13,1,7,111918,16,9.4710,12.0660,1789822567.6178
16,13,1,8,187888,16,14.7330,18.2400,1789822587.7253
16,13,1,9,167859,16,14.8450,18.1680,1789822607.9025
16,13,1,10,169025,16,13.7520,17.0460,1789822627.0082
16,13,1,11,186718,16,15.2450,18.7270,1789822646.9667
16,13,1,12,125919,8,11.6690,13.9320,1789822662.3529
16,14,1,1,15266,4,2.3360,3.3560,1789823042.4002
16,14,1,2,20196,6,2.2050,2.8720,1789823047.4320
16,14,1,3,23971,7,2.6450,3.3790,1789823053.0207
16,14,1,4,34424,11,4.2690,5.6940,1789823059.8713
16,14,1,5,32400,10,3.8000,4.8500,1789823066.2062
16,14,1,6,47672,16,4.9270,6.7870,1789823074.3555
16,14,1,7,51353,15,4.7090,6.0620,1789823081.5712
16,14,1,8,48836,13,4.1820,5.3610,1789823088.4999
16,14,1,9,54010,15,4.8110,6.1750,1789823096.4181
16,14,1,10,58635,15,5.3490,6.7340,1789823104.2918
16,14,1,11,52257,15,5.8020,7.3410,1789823113.2088
16,14,1,12,69120,16,6.9870,8.6520,1789823123.0484
16,14,1,13,63505,14,5.2990,6.6190,1789823130.8922
16,14,1,14,59427,15,5.5720,7.2910,1789823139.3742
16,14,1,15,78599,16,6.6380,8.3310,1789823149.3977
16,14,1,16,93283,16,7.0970,8.8470,1789823159.4783
16,14,1,17,79909,16,7.4150,9.1380,1789823170.2733
16,14,1,18,73249,14,6.8000,8.3510,1789823179.8352
16,14,1,19,106177,16,9.0350,11.0890,1789823192.0900
16,14,1,20,109741,14,9.3560,11.7840,1789823205.4411
16,14,1,21,106755,16,8.8610,11.0000,1789823218.4491
16,14,1,22,135675,16,11.6180,14.1820,1789823233.8505
16,14,1,23,207543,16,17.9230,21.9640,1789823257.4487
16,14,1,24,167206,16,14.6300,17.8010,1789823276.6868
16,14,1,25,316775,32,27.3590,33.4300,1789823312.3694
16,14,1,26,156992,16,13.2670,16.3230,1789823330.2687
16,14,1,27,108670,8,9.5130,11.7000,1789823344.1120
16,14,1,28,146069,8,11.8230,14.5120,1789823361.0097
16,15,1,1,101485,16,8.5590,11.2590,1789823803.2179
16,15,1,2,158995,16,12.7150,15.9400,1789823820.4775
16,15,1,3,161476,16,13.2610,16.3060,1789823838.1374
16,15,1,4,134001,16,10.7320,13.1960,1789823852.7066
16,15,1,5,282490,32,22.8110,28.1520,1789823883.3537
16,15,1,6,189006,16,15.4080,18.9890,1789823903.6116
16,15,1,7,119095,8,9.2470,11.4370,1789823916.8254
16,15,1,8,130887,8,12.0900,14.5410,1789823933.1742
16,16,1,1,117453,16,10.3220,12.4840,1789824395.1093
16,16,1,2,78828,15,6.9840,9.1150,1789824406.0180
16,16,1,3,129961,16,10.2000,12.5950,1789824419.8598
16,16,1,4,124461,16,9.9920,12.3130,1789824433.8043
16,16,1,5,132822,16,11.7350,14.3600,1789824450.1892
16,16,1,6,144997,16,12.1340,14.8150,1789824466.7897
16,16,1,7,324043,32,25.6880,32.1950,1789824501.0606
16,16,1,8,225678,16,19.9540,24.2620,1789824526.6477
16,16,1,9,161951,8,15.4900,18.6970,1789824546.8799
16,17,1,1,81961,16,6.6980,8.3760,1789825048.2135
16,17,1,2,77682,16,6.5490,8.1580,1789825057.8414
16,17,1,3,106201,16,8.1700,10.7600,1789825070.0484
16,17,1,4,100155,16,8.5320,10.6450,1789825082.4827
16,17,1,5,110821,16,9.5670,12.1140,1789825096.0023
16,17,1,6,99536,15,8.0770,10.2310,1789825107.7678
16,17,1,7,127111,15,9.9880,12.4760,1789825121.5593
16,17,1,8,153933,16,12.4440,15.6450,1789825138.5813
16,17,1,9,146298,13,13.7210,16.6940,1789825156.6784
16,17,1,10,226813,16,18.9770,23.3070,1789825181.4280
16,17,1,11,486229,32,41.2360,50.7630,1789825234.0220
16,17,1,12,207734,16,19.1900,23.2600,1789825258.6744
16,17,1,13,126481,8,12.0310,14.4600,1789825274.6125
16,18,1,1,49042,14,4.8630,6.2480,1789825686.4121
16,18,1,2,37539,10,3.3090,4.4840,1789825692.0679
16,18,1,3,54441,14,4.7060,6.0450,1789825700.2001
16,18,1,4,59170,16,5.2270,6.7100,1789825708.0074
16,18,1,5,68780,14,5.6130,7.6160,1789825717.6040
16,18,1,6,86533,16,6.8930,8.7980,1789825728.1250
16,18,1,7,108712,16,9.1660,11.2600,1789825740.6006
16,18,1,8,81736,16,7.8660,9.6720,1789825751.5033
16,18,1,9,92497,16,7.5300,9.4250,1789825763.0660
16,18,1,10,128749,16,10.2910,12.6380,1789825777.0618
16,18,1,11,141112,15,10.8280,13.5240,1789825792.0615
16,18,1,12,179003,16,14.8490,18.2090,1789825811.7086
16,18,1,13,118117,16,9.5500,11.8980,1789825825.7037
16,18,1,14,343841,31,27.7260,34.3830,1789825861.5673
16,18,1,15,269543,16,24.5630,29.9620,1789825893.1044
16,18,1,16,98712,8,8.1910,9.9820,1789825905.5491
16,19,1,1,115405,16,9.2530,11.5430,1789826380.3402
16,19,1,2,113914,16,9.7780,12.1300,1789826393.8085
16,19,1,3,121539,16,9.8970,12.2820,1789826408.0991
16,19,1,4,156648,16,11.8070,14.6630,1789826424.7136
16,19,1,5,327666,32,26.5610,32.8800,1789826458.9169
16,19,1,6,206824,16,17.7260,21.6990,1789826481.8006
16,19,1,7,97081,8,7.3640,9.1900,1789826492.8108
16,19,1,8,106304,8,10.3290,12.3630,1789826506.5920
16,0,2,1,12000,4,10.0770,19.2140,1789814324.4058
16,0,2,2,24912,8,3.9980,5.4190,1789814331.1562
16,0,2,3,26914,8,2.5580,3.4040,1789814336.0224
16,0,2,4,36404,13,3.9430,5.1570,1789814342.7910
16,0,2,5,34991,11,3.4390,4.4450,1789814348.5241
16,0,2,6,38190,12,3.7270,5.0140,1789814354.8076
16,0,2,7,45157,15,4.8530,6.1870,1789814362.4835
16,0,2,8,40554,12,4.7680,6.3020,1789814370.2157
16,0,2,9,47500,15,5.5240,7.2220,1789814379.0897
16,0,2,10,45862,14,5.1630,6.7660,1789814387.4542
16,0,2,11,48145,14,5.3820,7.3290,1789814396.0954
16,0,2,12,55638,15,6.1790,8.3620,1789814406.0332
16,0,2,13,69999,16,6.1900,8.3100,1789814416.7813
16,0,2,14,63522,16,5.9370,7.5990,1789814426.9789
16,0,2,15,57641,15,6.4590,8.0070,1789814436.4886
16,0,2,16,86036,16,7.1480,9.0240,1789814447.1376
16,0,2,17,96352,16,7.5840,9.4220,1789814458.2224
16,0,2,18,96134,16,8.3760,10.2520,1789814469.9046
16,0,2,19,127446,16,10.1970,13.2640,1789814484.4847
16,0,2,20,98989,16,8.7600,10.7320,1789814496.7780
16,0,2,21,109163,16,10.7620,13.3950,1789814511.5598
16,0,2,22,153366,16,12.7480,15.6930,1789814529.1825
16,0,2,23,175357,16,14.3830,17.6530,1789814548.7127
16,0,2,24,392371,32,32.0730,39.5950,1789814590.6219
16,0,2,25,157705,16,14.2440,17.5120,1789814610.2911
16,0,2,26,110662,8,9.8110,11.9490,1789814623.9593
16,1,2,1,39034,13,4.6810,6.3810,1789815012.6669
16,1,2,2,43230,13,4.0730,5.2600,1789815019.8569
16,1,2,3,43933,14,4.4630,6.1690,1789815028.4163
16,1,2,4,48549,15,5.0260,6.8410,1789815037.7009
16,1,2,5,60465,15,7.1710,8.7590,1789815048.6735
16,1,2,6,60440,15,5.5280,7.0780,1789815057.1254
16,1,2,7,52610,15,5.4260,6.9570,1789815065.6160
16,1,2,8,67478,15,5.7590,7.3140,1789815074.4142
16,1,2,9,88637,16,7.6770,9.4360,1789815085.2147
16,1,2,10,91536,16,7.6410,9.4520,1789815096.1323
16,1,2,11,91848,16,7.2350,9.1270,1789815106.9602
16,1,2,12,136085,16,10.8170,13.6980,1789815122.5755
16,1,2,13,112257,16,8.8290,10.9480,1789815135.6073
16,1,2,14,166330,16,12.7440,15.7750,1789815153.5152
16,1,2,15,192761,16,15.5130,19.1650,1789815175.0595
16,1,2,16,166602,16,13.5830,16.7180,1789815193.6943
16,1,2,17,424256,32,35.4860,43.9520,1789815240.4947
16,1,2,18,180036,16,15.1830,18.6170,1789815260.7029
16,2,2,1,59676,15,5.7720,7.5090,1789815639.4539
16,2,2,2,52246,14,6.3940,7.9040,1789815648.8123
16,2,2,3,57310,14,5.7030,7.2550,1789815657.2877
16,2,2,4,67177,16,6.1090,7.6500,1789815666.4029
16,2,2,5,84136,16,6.5380,8.7230,1789815677.3657
16,2,2,6,86150,15,8.5570,10.3000,1789815689.0065
16,2,2,7,63404,15,5.7530,7.3280,1789815698.4517
16,2,2,8,90553,16,7.3040,9.1540,1789815708.9639
16,2,2,9,114912,16,8.6260,10.7650,1789815721.6379
16,2,2,10,135240,16,11.1980,13.7390,1789815736.7394
16,2,2,11,147835,16,11.4800,14.2560,1789815752.5853
16,2,2,12,116913,16,9.4030,11.6840,1789815765.9235
16,2,2,13,206543,16,16.8650,20.8210,1789815788.1873
16,2,2,14,138595,16,11.9400,14.5300,1789815804.1547
16,2,2,15,404581,32,33.9000,42.1310,1789815848.2617
16,2,2,16,229922,16,20.4310,24.8570,1789815875.1998
16,3,2,1,40224,12,4.9590,6.8510,1789816270.9648
16,3,2,2,37785,12,4.3450,5.7990,1789816278.3752
16,3,2,3,29228,8,3.3400,4.2750,1789816284.4769
16,3,2,4,62771,16,5.5820,7.6120,1789816293.7390
16,3,2,5,67006,15,5.6910,7.2380,1789816302.2708
16,3,2,6,103442,16,9.3440,11.3500,1789816314.9917
16,3,2,7,93496,16,7.3300,9.1430,1789816326.5188
16,3,2,8,94050,15,7.8640,10.1580,1789816339.1250
16,3,2,9,88579,16,7.4810,9.3150,1789816350.4495
16,3,2,10,142549,16,10.7000,13.3060,1789816366.1469
16,3,2,11,120084,16,9.2690,11.6300,1789816379.6018
16,3,2,12,197700,16,15.3680,19.1390,1789816400.4635
16,3,2,13,150476,15,12.7840,15.6860,1789816417.5249
16,3,2,14,380526,32,30.9750,38.3660,1789816457.9035
16,3,2,15,226856,16,18.8790,23.2000,1789816482.9918
16,3,2,16,76477,8,6.4310,7.8680,1789816493.6307
16,3,2,17,104726,8,10.0400,11.9770,1789816506.8902
16,4,2,1,13804,4,1.5920,2.8110,1789816851.7005
16,4,2,2,26080,8,4.4190,5.2990,1789816858.3346
16,4,2,3,28583,8,3.1610,4.1970,1789816863.9294
16,4,2,4,34873,12,3.6990,5.3410,1789816870.5327
16,4,2,5,36441,11,4.0840,5.0940,1789816876.8028
16,4,2,6,43105,14,5.5530,6.8390,1789816885.1572
16,4,2,7,41606,13,4.1780,5.3580,1789816891.7291
16,4,2,8,48763,14,5.2120,6.7070,1789816900.1618
16,4,2,9,35121,9,4.3500,5.7040,1789816907.1753
16,4,2,10,68545,16,6.3000,8.0800,1789816917.3432
16,4,2,11,66799,15,5.7860,7.3770,1789816926.9789
16,4,2,12,91235,16,8.5350,10.5050,1789816938.7288
16,4,2,13,107026,16,9.7940,12.1870,1789816952.3922
16,4,2,14,87163,16,7.1840,8.9720,1789816964.0069
16,4,2,15,96341,16,8.0370,10.4320,1789816976.5178
16,4,2,16,115623,16,9.3320,11.5140,1789816989.5197
16,4,2,17,129269,16,11.7480,14.6390,1789817006.3851
16,4,2,18,133745,16,12.6000,15.3700,1789817023.2582
16,4,2,19,468374,32,40.0810,49.0940,1789817074.2448
16,4,2,20,256104,16,22.8530,27.9410,1789817103.7767
16,5,2,1,55436,15,5.4400,7.3890,1789817461.0424
16,5,2,2,62881,16,6.1390,7.9210,1789817470.5524
16,5,2,3,77592,16,6.3300,8.0120,1789817479.8392
16,5,2,4,78741,15,6.3960,8.0750,1789817489.5402
16,5,2,5,81591,16,6.7400,8.7920,1789817499.9543
16,5,2,6,85795,16,6.8340,8.6690,1789817509.9969
16,5,2,7,144050,16,11.7860,14.4120,1789817525.6072
16,5,2,8,130067,16,10.0340,12.4630,1789817539.4781
16,5,2,9,134343,16,11.2270,13.8910,1789817554.6531
16,5,2,10,106567,13,9.0580,11.1630,1789817568.5430
16,5,2,11,173147,16,13.9850,17.1700,1789817587.1960
16,5,2,12,383477,32,32.6490,40.0880,1789817629.3195
16,5,2,13,219602,16,19.2840,23.5210,1789817654.8328
16,6,2,1,46324,11,4.5340,6.1910,1789818057.3771
16,6,2,2,64062,14,5.8140,7.3310,1789818066.2793
16,6,2,3,75336,16,7.1880,8.9190,1789818076.4153
16,6,2,4,108569,16,8.4780,10.8270,1789818089.0976
16,6,2,5,95260,16,8.3700,10.2910,1789818100.6584
16,6,2,6,100215,16,7.4960,9.4260,1789818111.5177
16,6,2,7,91219,16,8.6310,10.5320,1789818123.2720
16,6,2,8,97079,16,8.0090,9.9880,1789818134.3754
16,6,2,9,145480,16,11.7220,14.3670,1789818150.5886
16,6,2,10,108577,16,9.8310,12.0620,1789818164.0897
16,6,2,11,99111,16,8.4850,10.5970,1789818176.2513
16,6,2,12,147408,16,10.9700,13.8950,1789818191.4118
16,6,2,13,204639,16,16.9490,20.9480,1789818214.7296
16,6,2,14,393060,32,33.3400,40.8380,1789818256.9345
16,6,2,15,166009,16,13.0950,16.2150,1789818274.4157
16,6,2,16,77217,8,6.4100,7.8700,1789818284.1200
16,7,2,1,91453,14,7.4590,9.8930,1789818745.0976
16,7,2,2,108782,15,8.2130,10.2770,1789818756.5156
16,7,2,3,159185,16,12.0420,15.0050,1789818772.9463
16,7,2,4,183127,16,14.3450,17.7260,1789818792.6814
16,7,2,5,169924,16,13.5810,16.7370,1789818810.6664
16,7,2,6,304037,32,25.6820,31.6180,1789818844.2249
16,7,2,7,186679,16,15.8580,19.4120,1789818865.4963
16,7,2,8,99965,8,8.9010,10.8610,1789818877.8717
16,7,2,9,157959,8,14.3610,17.3750,1789818897.0094
16,8,2,1,21766,6,3.2160,4.1540,1789819272.3607
16,8,2,2,21660,6,3.0180,3.6510,1789819277.1316
16,8,2,3,30512,9,3.5010,4.4640,1789819284.7664
16,8,2,4,24449,7,2.4180,3.1660,1789819289.0919
16,8,2,5,41046,12,4.1380,5.6140,1789819295.8280
16,8,2,6,35458,10,3.4160,4.4270,1789819301.4160
16,8,2,7,42063,12,4.0880,5.2870,1789819307.8369
16,8,2,8,63130,15,5.4880,7.0260,1789819316.0731
16,8,2,9,75509,16,6.6660,8.3870,1789819325.5994
16,8,2,10,80022,16,6.6170,8.4060,1789819335.1421
16,8,2,11,91358,16,7.1560,8.9610,1789819345.2643
16,8,2,12,106089,16,8.3520,10.3720,1789819356.8064
16,8,2,13,102285,15,8.4690,10.5590,1789819368.5861
16,8,2,14,119857,16,9.5470,11.8590,1789819381.6429
16,8,2,15,108724,16,8.8910,11.0570,1789819393.8619
16,8,2,16,174725,16,14.5400,17.8720,1789819413.6492
16,8,2,17,117563,14,10.5520,12.9650,1789819427.9285
16,8,2,18,442778,32,36.2220,44.6560,1789819474.0192
16,8,2,19,184767,16,14.9110,18.4280,1789819494.1496
16,9,2,1,104678,16,8.9140,11.0630,1789819958.2128
16,9,2,2,142602,16,10.8170,13.4750,1789819972.9362
16,9,2,3,160507,16,12.8970,15.8460,1789819990.1239
16,9,2,4,171522,16,13.8320,17.1430,1789820008.7416
16,9,2,5,390180,32,30.6580,38.0330,1789820048.4927
16,9,2,6,179108,16,14.0810,17.5570,1789820068.4173
16,9,2,7,84254,8,6.7260,8.2540,1789820077.8966
16,9,2,8,132473,8,11.2920,13.7230,1789820093.2275
16,10,2,1,84115,16,7.0120,9.4010,1789820570.8140
16,10,2,2,82902,15,6.9870,8.8010,1789820580.9689
16,10,2,3,127913,16,10.3500,12.8020,1789820595.0047
16,10,2,4,123956,16,9.9670,12.3100,1789820608.5382
16,10,2,5,149094,16,11.7500,14.5200,1789820624.6328
16,10,2,6,166056,16,13.9370,17.0850,1789820643.2909
16,10,2,7,123078,16,10.2480,12.5970,1789820657.2076
16,10,2,8,214943,16,19.8190,23.9790,1789820682.5105
16,10,2,9,159057,16,13.3610,16.4460,1789820700.2336
16,10,2,10,394550,32,32.5200,40.0760,1789820741.9157
16,10,2,11,167858,16,14.7570,18.1980,1789820761.4692
16,10,2,12,126520,8,10.7980,13.2140,1789820777.1434
16,11,2,1,77335,16,6.4630,9.1780,1789821219.1029
16,11,2,2,84613,16,6.6170,8.7360,1789821229.9648
16,11,2,3,105635,16,8.4030,10.3530,1789821241.4972
16,11,2,4,81728,15,6.9800,8.8450,1789821252.3543
16,11,2,5,107136,16,9.0290,11.1520,1789821264.7820
16,11,2,6,106987,16,9.6110,11.7380,1789821278.0020
16,11,2,7,124606,16,9.9660,12.4480,1789821292.7920
16,11,2,8,195539,16,17.1060,21.0760,1789821315.6133
16,11,2,9,154922,16,12.6640,15.5530,1789821333.7558
16,11,2,10,410553,32,33.5660,41.7300,1789821378.2655
16,11,2,11,288879,16,25.1320,30.7660,1789821411.6017
16,12,2,1,135064,16,11.5180,14.1480,1789821947.1323
16,12,2,2,127397,16,11.4470,13.9010,1789821962.4876
16,12,2,3,373883,32,31.8620,39.1710,1789822003.0120
16,12,2,4,204868,16,16.6460,20.5250,1789822025.8527
16,12,2,5,173755,8,15.1440,18.4830,1789822046.2032
16,13,2,1,103520,16,7.6160,9.6150,1789822513.1798
16,13,2,2,83499,15,7.0190,8.7140,1789822523.0266
16,13,2,3,102830,16,8.4060,10.3290,1789822539.0414
16,13,2,4,107425,16,8.4630,11.0390,1789822551.5405
16,13,2,5,151874,16,11.8240,14.6850,1789822567.6001
16,13,2,6,125986,16,10.2290,12.6630,1789822581.5332
16,13,2,7,130598,16,10.7170,13.3270,1789822597.1303
16,13,2,8,404178,32,33.6020,41.8380,1789822640.3377
16,13,2,9,174441,16,14.7510,18.0790,1789822659.7882
16,13,2,10,75689,8,6.1710,7.7210,1789822668.8262
16,14,2,1,101958,16,8.2000,10.1670,1789823175.0377
16,14,2,2,69438,15,7.7040,9.3760,1789823185.5997
16,14,2,3,124319,16,9.9580,12.7280,1789823199.7426
16,14,2,4,103359,15,9.1010,11.2000,1789823212.2832
16,14,2,5,143027,16,11.0860,13.8000,1789823228.1566
16,14,2,6,145932,16,11.9550,14.7190,1789823244.4214
16,14,2,7,202219,16,17.4870,21.3530,1789823267.0732
16,14,2,8,183837,16,16.4890,20.1620,1789823288.6824
16,14,2,9,479181,32,38.4840,47.7300,1789823338.2717
16,14,2,10,243323,16,20.4660,25.1440,1789823364.9549
16,15,2,1,57031,13,5.0000,6.6750,1789823740.1426
16,15,2,2,55104,14,5.7350,7.0350,1789823748.7991
16,15,2,3,59782,16,6.2780,8.1660,1789823758.4356
16,15,2,4,80339,16,7.0790,9.2650,1789823769.7169
16,15,2,5,85857,16,7.3390,9.1320,1789823780.0646
16,15,2,6,68974,15,6.2770,7.9220,1789823789.1642
16,15,2,7,57513,13,5.3170,6.7480,1789823797.3917
16,15,2,8,113738,16,9.5570,11.7090,1789823810.5185
16,15,2,9,85767,15,7.2500,9.0850,1789823821.7166
16,15,2,10,172263,16,13.6520,16.9430,1789823840.7478
16,15,2,11,171698,16,13.2280,16.3810,1789823859.4481
16,15,2,12,378387,32,31.0290,38.1580,1789823899.1121
16,15,2,13,228879,16,18.1600,22.4950,1789823923.6820
16,16,2,1,52129,15,5.0940,6.6030,1789824289.9970
16,16,2,2,43725,11,3.8190,4.9940,1789824296.2939
16,16,2,3,71521,16,6.1280,7.7570,1789824305.8303
16,16,2,4,54904,16,5.9050,7.5010,1789824315.1607
16,16,2,5,58557,13,5.4310,6.7950,1789824323.0342
16,16,2,6,81837,16,6.8960,8.6220,1789824332.9828
16,16,2,7,101312,16,7.9820,9.9720,1789824344.4163
16,16,2,8,105188,16,8.1570,10.1400,1789824355.6819
16,16,2,9,110828,16,8.5950,10.9540,1789824368.4292
16,16,2,10,96405,16,8.4200,10.3260,1789824380.2576
16,16,2,11,138863,16,11.3990,14.1550,1789824395.7963
16,16,2,12,93586,16,7.9340,9.9120,1789824407.4087
16,16,2,13,100137,15,8.6130,10.7320,1789824419.9264
16,16,2,14,128448,16,10.0230,12.7400,1789824433.9563
16,16,2,15,183167,16,16.2330,19.8130,1789824456.1976
16,16,2,16,169217,16,13.0260,16.3020,1789824473.7500
16,16,2,17,355262,32,29.7630,37.0340,1789824512.2816
16,16,2,18,132882,16,11.5660,14.2490,1789824528.0584
16,16,2,19,74774,8,6.3170,7.7450,1789824537.4188
16,16,2,20,89813,8,7.5410,9.2000,1789824548.3191
16,17,2,1,61298,14,6.0320,7.7690,1789825043.9763
16,17,2,2,75582,16,7.2870,9.4580,1789825054.6840
16,17,2,3,108434,16,9.2250,11.2940,1789825067.2005
16,17,2,4,97434,15,8.4990,10.4330,1789825078.9591
16,17,2,5,90569,14,7.5950,9.4810,1789825089.5596
16,17,2,6,134266,16,10.6220,13.1950,1789825104.3427
16,17,2,7,107904,16,9.1350,11.3320,1789825117.7775
16,17,2,8,186462,16,15.2500,18.7620,1789825137.9657
16,17,2,9,149225,16,12.8900,16.3160,1789825155.6812
16,17,2,10,193439,16,17.3360,21.1850,1789825179.1325
16,17,2,11,476287,32,42.3280,51.7190,1789825232.6086
16,17,2,12,195552,16,17.5140,21.3880,1789825255.9612
16,17,2,13,114015,8,10.2080,12.4000,1789825269.8111
16,18,2,1,96220,16,8.0120,10.1450,1789825724.8618
16,18,2,2,116508,16,8.4240,10.6210,1789825738.6807
16,18,2,3,93989,16,7.6220,9.6920,1789825750.3486
16,18,2,4,89258,16,7.2740,9.1960,1789825760.7345
16,18,2,5,107286,16,9.2000,11.3580,1789825773.3279
16,18,2,6,133630,16,10.7690,13.4000,1789825788.8094
16,18,2,7,159668,16,12.2360,15.1870,1789825806.4702
16,18,2,8,166415,16,13.5380,16.6050,1789825824.8796
16,18,2,9,425756,32,35.7950,44.0920,1789825871.5411
16,18,2,10,235752,16,20.9380,25.6450,1789825899.3735
16,19,2,1,35477,11,4.3060,5.4490,1789826272.3561
16,19,2,2,34763,11,3.7640,4.8980,1789826278.4913
16,19,2,3,39310,13,4.9550,6.3070,1789826286.5730
16,19,2,4,44402,13,4.8190,6.2210,1789826293.9794
16,19,2,5,59543,15,6.1470,7.6980,1789826302.9869
16,19,2,6,63114,15,5.7120,7.5520,1789826311.7388
16,19,2,7,73306,16,6.1490,7.9520,1789826320.9669
16,19,2,8,83463,16,6.9930,8.7840,1789826331.2430
16,19,2,9,90072,16,7.4260,9.2630,1789826341.8952
16,19,2,10,77578,15,7.3160,9.0130,1789826352.1307
16,19,2,11,89913,16,7.6980,10.0270,1789826363.5690
16,19,2,12,110506,16,9.1590,11.3480,1789826376.5889
16,19,2,13,122478,16,9.7100,12.3680,1789826391.0117
16,19,2,14,121397,16,10.1740,12.4220,1789826404.9710
16,19,2,15,167010,16,14.9560,18.0820,1789826424.4178
16,19,2,16,181380,16,15.0910,18.5300,1789826445.1104
16,19,2,17,442579,32,38.7080,47.5010,1789826494.5258
16,19,2,18,221353,16,18.4630,22.7870,1789826518.9810
16,0,3,1,93145,16,14.3080,27.2060,1789814459.2017
16,0,3,2,90432,15,8.3380,10.4260,1789814471.4936
16,0,3,3,141505,16,11.9030,14.6140,1789814487.5229
16,0,3,4,170857,16,13.9840,17.7910,1789814506.5904
16,0,3,5,156624,16,12.8500,15.8060,1789814523.9969
16,0,3,6,146111,16,12.1960,14.9150,1789814540.0784
16,0,3,7,310451,32,26.2690,32.2940,1789814574.5362
16,0,3,8,217518,16,19.5950,23.8840,1789814600.4367
16,0,3,9,126636,8,11.1780,13.5070,1789814615.3026
16,0,3,10,133245,8,10.8610,13.3260,1789814630.3965
16,1,3,1,70736,16,6.7800,8.5560,1789815092.5025
16,1,3,2,102651,16,9.4890,12.0950,1789815106.0335
16,1,3,3,113570,16,9.8730,11.9630,1789815119.2024
16,1,3,4,120277,16,9.3330,12.1810,1789815133.5101
16,1,3,5,128516,16,10.8320,13.2680,1789815148.4449
16,1,3,6,120583,16,10.6370,12.8940,1789815162.6367
16,1,3,7,122807,16,9.6910,12.0150,1789815176.0149
16,1,3,8,361042,32,30.6900,37.9120,1789815215.2334
16,1,3,9,231116,16,19.9760,24.4110,1789815241.1166
16,1,3,10,99611,8,8.6240,10.5040,1789815252.9348
16,2,3,1,20329,6,2.8900,3.5250,1789815593.5990
16,2,3,2,23684,7,3.0070,4.0720,1789815598.8520
16,2,3,3,35876,12,4.3490,6.0630,1789815606.2252
16,2,3,4,32521,11,4.5480,5.6620,1789815613.4863
16,2,3,5,46519,15,5.2390,6.8240,1789815621.4767
16,2,3,6,42311,12,4.1620,5.4170,1789815628.7546
16,2,3,7,49697,15,5.1120,6.8550,1789815637.9011
16,2,3,8,49840,15,5.2400,6.7610,1789815646.6589
16,2,3,9,51180,12,4.9480,6.1940,1789815654.4520
16,2,3,10,68756,16,5.7130,7.2490,1789815662.8043
16,2,3,11,72408,16,6.0080,7.5440,1789815671.4972
16,2,3,12,79141,16,6.2790,7.8700,1789815680.5570
16,2,3,13,80220,16,7.0530,9.4710,1789815691.3704
16,2,3,14,87065,16,8.3460,10.2460,1789815703.8105
16,2,3,15,94546,16,7.8740,9.7880,1789815715.0385
16,2,3,16,166999,16,14.3140,17.4020,1789815734.2616
16,2,3,17,131369,16,12.2530,14.7320,1789815750.2945
16,2,3,18,137285,16,12.2300,14.9180,1789815766.8962
16,2,3,19,178317,16,14.4600,17.7430,1789815786.1771
16,2,3,20,145295,16,11.8980,14.6250,1789815803.1516
16,2,3,21,333819,32,28.9070,35.6170,1789815840.6381
16,2,3,22,157240,16,13.1350,16.0990,1789815858.8344
16,2,3,23,113760,8,9.3580,11.4120,1789815872.8565
16,2,3,24,120824,8,9.9460,12.2780,1789815887.1637
16,3,3,1,20778,6,3.0260,4.2890,1789816247.3966
16,3,3,2,33337,10,4.2150,5.4820,1789816254.0155
16,3,3,3,27999,8,3.2400,4.0790,1789816259.3271
16,3,3,4,37344,12,4.2980,5.5660,1789816266.2480
16,3,3,5,26757,8,3.3770,4.1730,1789816271.6978
16,3,3,6,46922,15,5.7010,7.5260,1789816280.5234
16,3,3,7,61148,16,5.6730,7.9840,1789816290.4991
16,3,3,8,60768,15,5.4160,6.9360,1789816299.0255
16,3,3,9,81571,16,6.5180,8.2410,1789816308.5042
16,3,3,10,98619,16,7.6440,9.5210,1789816319.2855
16,3,3,11,77586,16,6.2380,7.8560,1789816328.5986
16,3,3,12,130030,16,10.1540,12.5970,1789816342.5379
16,3,3,13,94653,15,7.8940,9.8620,1789816354.4825
16,3,3,14,115781,16,9.3430,11.5720,1789816367.6203
16,3,3,15,143870,16,12.2860,14.9230,1789816383.7845
16,3,3,16,155312,16,12.4690,15.5860,1789816401.8417
16,3,3,17,168520,16,14.5730,17.9250,1789816421.4612
16,3,3,18,342062,32,28.2440,34.9180,1789816458.5181
16,3,3,19,217726,16,18.2430,22.4910,1789816482.4572
16,3,3,20,96630,8,7.4390,9.5670,1789816494.6376
16,4,3,1,157313,16,12.6680,16.2220,1789816972.7772
16,4,3,2,108896,16,8.7390,10.8320,1789816985.7558
16,4,3,3,131333,16,11.5130,14.1360,1789817001.6853
16,4,3,4,205688,16,17.7280,21.9870,1789817025.0090
16,4,3,5,358680,32,29.9490,36.9470,1789817064.0074
16,4,3,6,209684,16,17.8850,22.0960,1789817088.4679
16,4,3,7,86240,8,7.1670,8.7110,1789817098.6206
16,5,3,1,16727,5,2.4570,3.5190,1789817385.9889
16,5,3,2,19265,6,2.2370,2.9130,1789817390.2129
16,5,3,3,30605,9,3.6910,4.6680,1789817396.4379
16,5,3,4,29330,9,3.5900,4.8750,1789817402.5052
16,5,3,5,29449,9,3.8160,4.7380,1789817408.7069
16,5,3,6,31474,9,3.1890,4.1140,1789817414.1336
16,5,3,7,36822,11,4.3350,5.5150,1789817420.6838
16,5,3,8,38202,12,4.4150,5.6230,1789817427.5304
16,5,3,9,42998,13,4.1510,5.5590,1789817434.7132
16,5,3,10,47059,15,5.1160,6.4540,1789817442.9752
16,5,3,11,46589,13,4.6740,6.0870,1789817450.3301
16,5,3,12,30138,8,2.7980,3.6070,1789817455.8156
16,5,3,13,63330,16,6.2670,7.8600,1789817464.8328
16,5,3,14,55816,14,5.2390,6.6460,1789817473.3554
16,5,3,15,77323,16,7.2500,8.9440,1789817483.3544
16,5,3,16,103647,16,9.0430,11.0430,1789817495.5415
16,5,3,17,87531,16,7.0790,8.8400,1789817505.4653
16,5,3,18,118722,16,10.1190,12.3000,1789817519.0361
16,5,3,19,101724,16,8.4080,11.0300,1789817531.5287
16,5,3,20,97355,16,8.7270,11.5330,1789817544.3723
16,5,3,21,155163,16,12.9650,15.8580,1789817561.3843
16,5,3,22,155222,16,13.4900,16.4300,1789817578.9811
16,5,3,23,386137,32,33.5850,40.9440,1789817621.2249
16,5,3,24,157743,16,12.8230,15.7560,1789817638.9760
16,5,3,25,122701,8,10.4920,12.7290,1789817654.1156
16,6,3,1,22753,7,2.6200,3.6810,1789817980.9856
16,6,3,2,30084,9,3.6780,4.8890,1789817987.0017
16,6,3,3,28186,8,2.7940,3.6590,1789817993.7680
16,6,3,4,34241,11,3.9330,5.3020,1789818000.2607
16,6,3,5,42585,14,4.9440,6.4130,1789818008.2623
16,6,3,6,40000,14,4.8580,6.2730,1789818015.6995
16,6,3,7,50363,16,5.5720,7.2000,1789818024.0757
16,6,3,8,44817,13,4.5100,5.8300,1789818031.0387
16,6,3,9,57340,16,5.8670,7.4800,1789818039.8000
16,6,3,10,47126,13,4.7940,6.2640,1789818048.2485
16,6,3,11,49758,13,4.6470,6.2790,1789818055.8898
16,6,3,12,75592,16,6.9890,8.7990,1789818065.8478
16,6,3,13,96226,16,7.4900,9.3240,1789818076.3546
16,6,3,14,71343,15,6.5610,8.6100,1789818086.2719
16,6,3,15,102526,16,9.0360,11.1210,1789818098.9266
16,6,3,16,138848,16,10.6270,13.2000,1789818114.0744
16,6,3,17,119184,16,9.9030,12.1020,1789818127.6262
16,6,3,18,128441,16,10.1850,12.5330,1789818141.3614
16,6,3,19,165771,16,13.6480,16.7500,1789818159.6261
16,6,3,20,154693,16,12.6490,15.4970,1789818176.3785
16,6,3,21,181783,16,15.0180,18.4560,1789818196.1805
16,6,3,22,161266,16,12.7210,15.7970,1789818213.3637
16,6,3,23,195199,16,16.7430,20.4900,1789818235.4202
16,6,3,24,255262,16,22.1130,27.0150,1789818263.9013
16,6,3,25,109671,8,9.4760,11.5090,1789818277.1771
16,7,3,1,31075,9,3.8940,5.5920,1789818645.7712
16,7,3,2,31045,9,3.4890,4.4130,1789818651.8745
16,7,3,3,40780,11,4.5500,5.7340,1789818658.9691
16,7,3,4,51955,14,5.7350,7.2890,1789818667.3610
16,7,3,5,51864,15,5.9710,7.5130,1789818676.0310
16,7,3,6,61785,16,5.8540,7.4860,1789818684.6242
16,7,3,7,45656,11,5.2520,6.6540,1789818692.4779
16,7,3,8,70234,16,6.0780,7.7500,1789818701.6528
16,7,3,9,88059,16,7.0960,8.9210,1789818712.5051
16,7,3,10,86658,15,7.4480,9.1830,1789818722.9669
16,7,3,11,113004,16,9.7420,11.7790,1789818735.8218
16,7,3,12,87462,16,7.2730,9.0810,1789818746.2955
16,7,3,13,112717,16,9.1330,11.2480,1789818759.6982
16,7,3,14,111080,16,9.0410,11.2520,1789818772.5574
16,7,3,15,146364,16,12.8910,15.6350,1789818789.3499
16,7,3,16,142207,16,11.8530,14.7410,1789818805.8102
16,7,3,17,362484,32,29.3800,36.1460,1789818843.3020
16,7,3,18,181043,16,15.1180,18.5150,1789818863.2114
16,7,3,19,125775,8,11.0560,13.3970,1789818878.1106
16,8,3,1,52805,15,5.2910,6.8150,1789819304.8116
16,8,3,2,54756,16,5.5170,7.1080,1789819313.2151
16,8,3,3,55261,14,4.9850,6.3800,1789819320.7480
16,8,3,4,64884,16,6.0150,7.6620,1789819329.5178
16,8,3,5,87354,15,7.3330,9.1740,1789819339.8523
16,8,3,6,68987,15,6.2050,7.8340,1789819348.8453
16,8,3,7,132223,16,9.9370,12.4120,1789819362.4935
16,8,3,8,72833,16,6.8110,8.6470,1789819372.2982
16,8,3,9,121311,14,9.3440,11.6880,1789819385.1274
16,8,3,10,121409,16,8.9080,11.0960,1789819397.3420
16,8,3,11,186722,16,14.6400,18.0390,1789819416.6806
16,8,3,12,358976,32,30.3340,37.1430,1789819455.5389
16,8,3,13,236973,16,18.7150,23.2020,1789819480.0831
16,8,3,14,100277,8,8.4540,10.3080,1789819491.8072
16,9,3,1,52220,14,4.9990,6.4700,1789819880.2112
16,9,3,2,47737,14,4.9300,6.3880,1789819887.8905
16,9,3,3,57179,15,5.5880,7.1770,1789819896.3853
16,9,3,4,70372,15,6.1030,7.6760,1789819905.3010
16,9,3,5,93732,16,7.2160,9.0930,1789819915.6003
16,9,3,6,96366,16,7.4250,9.2390,1789819925.9412
16,9,3,7,82498,15,6.6400,8.3190,1789819935.3602
16,9,3,8,107920,16,8.2460,10.3910,1789819946.8725
16,9,3,9,132482,16,10.8710,13.4460,1789819961.5075
16,9,3,10,126640,16,10.9190,13.5330,1789819976.1882
16,9,3,11,172177,16,13.6000,16.9410,1789819994.3546
16,9,3,12,197404,16,15.7130,19.4440,1789820015.2003
16,9,3,13,414629,32,33.1720,41.1180,1789820057.6893
16,9,3,14,173725,16,14.1530,17.4850,1789820077.4533
16,9,3,15,75046,8,5.5300,7.0740,1789820086.6424
16,10,3,1,44211,15,5.1610,6.8260,1789820547.4812
16,10,3,2,55032,14,5.4100,7.3690,1789820556.7492
16,10,3,3,68853,16,6.7330,8.3800,1789820566.3426
16,10,3,4,79944,16,6.8140,8.6320,1789820576.2509
16,10,3,5,84835,13,7.1180,8.8410,1789820586.3799
16,10,3,6,124997,16,9.9260,12.2770,1789820600.7225
16,10,3,7,133332,16,11.4600,14.0240,1789820615.9294
16,10,3,8,172649,16,14.2300,17.4830,1789820635.8006
16,10,3,9,195075,16,16.8220,20.4880,1789820658.1970
16,10,3,10,178848,16,15.9890,19.5840,1789820679.6045
16,10,3,11,178739,16,13.4800,16.8390,1789820697.8507
16,10,3,12,175813,16,14.7210,18.0620,1789820718.3312
16,10,3,13,177008,16,14.1730,17.5280,1789820737.0946
16,10,3,14,221017,16,17.2870,21.7320,1789820760.8002
16,10,3,15,81384,8,6.9030,8.4820,1789820770.7246
16,10,3,16,94586,8,8.5400,10.3280,1789820782.4287
16,11,3,1,49902,14,4.8770,6.6770,1789821185.7773
16,11,3,2,59520,16,5.6940,7.3920,1789821195.2076
16,11,3,3,57083,16,6.4940,8.1720,1789821204.5516
16,11,3,4,55319,13,4.8610,6.3250,1789821212.0634
16,11,3,5,91067,16,6.9440,8.7620,1789821222.4184
16,11,3,6,84880,16,7.0270,8.7740,1789821232.4671
16,11,3,7,78276,14,6.0860,7.8950,1789821241.6685
16,11,3,8,86459,15,7.2260,9.0310,1789821252.4582
16,11,3,9,110174,16,9.3470,11.5220,1789821265.1788
16,11,3,10,141892,16,11.3050,13.9190,1789821281.4222
16,11,3,11,136712,16,11.7170,14.2490,1789821297.1317
16,11,3,12,165504,16,12.8070,15.8400,1789821315.1306
16,11,3,13,167358,16,12.6890,15.8390,1789821332.8193
16,11,3,14,449191,32,37.9120,46.6880,1789821380.9935
16,11,3,15,195329,16,16.4300,20.1760,1789821403.5775
16,12,3,1,40449,14,4.8240,6.8100,1789821799.4842
16,12,3,2,33570,10,3.4770,4.5110,1789821805.6345
16,12,3,3,39871,11,3.8020,4.9880,1789821811.7331
16,12,3,4,48702,14,4.9480,6.3670,1789821819.8790
16,12,3,5,73662,16,6.1930,8.0680,1789821829.0662
16,12,3,6,63685,15,5.6860,7.2210,1789821837.6825
16,12,3,7,77302,16,7.0140,8.7560,1789821847.6012
16,12,3,8,99284,16,8.0030,9.9740,1789821858.9912
16,12,3,9,110919,16,8.6020,10.9300,1789821871.6172
16,12,3,10,134909,16,10.8220,13.3410,1789821886.3517
16,12,3,11,131424,16,10.5020,12.9920,1789821900.9697
16,12,3,12,104684,16,8.5350,10.6590,1789821913.6591
16,12,3,13,155840,16,12.6560,15.5240,1789821930.3961
16,12,3,14,163689,16,13.0120,16.1000,1789821948.7358
16,12,3,15,176736,16,14.7920,18.2690,1789821968.2695
16,12,3,16,426244,32,35.7260,44.0520,1789822013.7139
16,12,3,17,176956,16,15.4240,18.9240,1789822034.3536
16,12,3,18,130600,8,10.3020,12.6760,1789822048.8559
16,13,3,1,17444,5,1.8250,2.7040,1789822412.6776
16,13,3,2,21899,6,2.3370,2.9490,1789822417.6432
16,13,3,3,29738,9,3.1670,4.0870,1789822423.4881
16,13,3,4,36635,12,5.1420,6.3510,1789822431.2750
16,13,3,5,42857,14,4.7510,6.6750,1789822439.7706
16,13,3,6,42893,13,4.4200,5.8810,1789822446.9892
16,13,3,7,44890,13,4.4400,5.7300,1789822454.3804
16,13,3,8,49148,14,5.0560,6.4680,1789822462.2773
16,13,3,9,68985,16,5.8230,7.5880,1789822471.0452
16,13,3,10,65508,16,5.8630,7.9640,1789822480.7060
16,13,3,11,56991,13,5.2510,6.6080,1789822488.5723
16,13,3,12,42917,10,4.1290,5.5680,1789822495.4102
16,13,3,13,78859,14,6.4170,8.0350,1789822504.6226
16,13,3,14,93898,16,7.4020,9.2840,1789822515.3669
16,13,3,15,92401,16,8.1330,9.9240,1789822526.3500
16,13,3,16,142596,16,11.4540,14.0280,1789822542.2576
16,13,3,17,128861,16,10.5280,13.0030,1789822556.5225
16,13,3,18,143036,16,11.6640,14.4320,1789822572.4682
16,13,3,19,135463,16,11.1450,13.8640,1789822587.5612
16,13,3,20,341891,32,28.4590,35.4190,1789822625.0187
16,13,3,21,342682,31,28.1880,34.8600,1789822661.4763
16,13,3,22,117476,8,10.6140,12.9290,1789822675.7148
16,14,3,1,192551,16,15.6270,19.2470,1789823224.7583
16,14,3,2,155325,16,12.1380,15.0250,1789823241.8198
16,14,3,3,142246,16,12.2760,15.1650,1789823258.8875
16,14,3,4,177873,16,14.1400,17.5220,1789823278.0249
16,14,3,5,444395,32,38.2940,46.8750,1789823326.4865
16,14,3,6,262552,16,22.8360,27.8550,1789823356.0645
16,14,3,7,125565,8,10.6830,13.0190,1789823370.7023
16,15,3,1,11107,3,1.4940,1.8120,1789823679.4307
16,15,3,2,22524,7,2.6090,3.6020,1789823684.1921
16,15,3,3,27811,8,2.8400,3.6990,1789823689.1982
16,15,3,4,25127,7,2.4460,3.2710,1789823693.9453
16,15,3,5,28121,8,2.8550,3.6770,1789823699.0450
16,15,3,6,35171,11,3.8790,5.1700,1789823705.3001
16,15,3,7,40987,13,4.1100,5.4120,1789823712.1876
16,15,3,8,31057,10,4.1150,5.3300,1789823718.5853
16,15,3,9,45107,14,4.3590,5.6440,1789823725.2890
16,15,3,10,56854,16,5.0740,6.8070,1789823733.1290
16,15,3,11,50260,14,4.5510,5.8110,1789823740.3635
16,15,3,12,81078,16,6.4360,8.3260,1789823750.6509
16,15,3,13,74425,16,7.5510,9.2880,1789823761.0150
16,15,3,14,60885,16,6.2790,7.9470,1789823770.3933
16,15,3,15,81389,16,7.4090,9.1540,1789823780.6886
16,15,3,16,51460,11,5.2720,7.0010,1789823789.1432
16,15,3,17,104318,16,8.4110,10.4710,1789823800.7684
16,15,3,18,99156,16,8.2560,10.7160,1789823812.8660
16,15,3,19,128564,16,9.7530,12.6270,1789823827.0604
16,15,3,20,173177,16,13.7100,17.0190,1789823846.2901
16,15,3,21,313526,32,25.8240,32.0850,1789823879.6104
16,15,3,22,166963,16,13.5200,16.7360,1789823897.8146
16,15,3,23,151585,8,12.8680,15.8650,1789823915.5075
16,15,3,24,107222,8,9.2220,11.2130,1789823928.7563
16,16,3,1,20045,6,2.9940,4.2020,1789824238.9313
16,16,3,2,23362,7,3.4190,4.2060,1789824244.6226
16,16,3,3,28466,8,3.0360,3.8980,1789824250.4133
16,16,3,4,34775,11,3.8130,4.9960,1789824256.6138
16,16,3,5,34535,11,3.7440,4.8660,1789824263.2007
16,16,3,6,43217,14,5.6130,7.0000,1789824271.4615
16,16,3,7,41910,14,4.8360,6.3170,1789824279.3844
16,16,3,8,41641,13,4.4710,5.8450,1789824286.5066
16,16,3,9,42178,13,4.4470,5.7770,1789824293.9807
16,16,3,10,56817,16,5.5680,7.1680,1789824302.4723
16,16,3,11,55153,13,5.9780,7.3340,1789824310.8612
16,16,3,12,73993,16,6.2460,7.9000,1789824320.7169
16,16,3,13,80523,16,6.5090,8.9940,1789824332.0421
16,16,3,14,97332,16,8.7600,10.6340,1789824343.9064
16,16,3,15,90133,16,6.9150,8.6280,1789824354.1139
16,16,3,16,59513,13,4.9280,6.2120,1789824362.0664
16,16,3,17,82382,15,6.9440,8.6510,1789824371.7484
16,16,3,18,122756,16,10.6480,12.9660,1789824385.9335
16,16,3,19,129529,16,9.9400,12.3950,1789824399.6057
16,16,3,20,120581,16,9.6970,12.0050,1789824413.6567
16,16,3,21,166385,16,13.7260,17.0000,1789824432.4409
16,16,3,22,160949,16,14.0090,17.0000,1789824450.6733
16,16,3,23,141184,16,11.0720,13.7870,1789824466.1374
16,16,3,24,355023,32,28.2830,35.2050,1789824503.4880
16,16,3,25,228752,16,19.5180,23.9970,1789824528.7716
16,16,3,26,102619,8,8.4830,10.3910,1789824540.6273
16,17,3,1,20703,6,2.1530,2.9330,1789824917.0736
16,17,3,2,23992,7,2.5390,3.2510,1789824922.4443
16,17,3,3,23289,7,2.8640,3.6110,1789824927.4943
16,17,3,4,32038,11,3.7850,5.1300,1789824933.8949
16,17,3,5,35885,11,3.7770,4.9370,1789824940.6672
16,17,3,6,32420,10,4.6350,5.6620,1789824947.4607
16,17,3,7,23698,7,2.2410,3.1690,1789824951.6862
16,17,3,8,39833,13,3.9660,5.1340,1789824957.8365
16,17,3,9,46614,15,4.6380,5.9770,1789824965.8013
16,17,3,10,50416,16,5.0220,6.4600,1789824973.3083
16,17,3,11,43695,14,4.3500,5.6010,1789824980.4883
16,17,3,12,51805,16,5.6630,7.3350,1789824989.2779
16,17,3,13,47483,14,5.0570,6.7800,1789824997.4374
16,17,3,14,54134,14,5.0030,6.4520,1789825005.3428
16,17,3,15,59402,15,5.8880,7.4510,1789825013.9313
16,17,3,16,66179,15,5.8670,7.7210,1789825023.1940
16,17,3,17,82322,16,6.6570,8.4240,1789825033.4274
16,17,3,18,70088,16,6.1470,7.7930,1789825042.9639
16,17,3,19,65389,14,5.5430,7.2610,1789825051.8375
16,17,3,20,90005,16,8.8260,10.7000,1789825063.7365
16,17,3,21,89283,15,7.2980,9.1410,1789825074.1077
16,17,3,22,78772,16,7.1550,8.9870,1789825084.1904
16,17,3,23,135216,16,10.3980,12.9740,1789825099.7016
16,17,3,24,162963,16,12.8320,15.9770,1789825116.8989
16,17,3,25,142806,16,11.8450,14.9700,1789825133.0886
16,17,3,26,111801,14,10.0510,12.2710,1789825146.5242
16,17,3,27,205429,16,17.8810,21.8820,1789825169.9850
16,17,3,28,177151,16,15.4860,19.0310,1789825190.1740
16,17,3,29,361311,32,30.7960,37.7340,1789825229.5047
16,17,3,30,197715,16,16.5150,20.2170,1789825252.3196
16,17,3,31,114844,8,9.2530,11.3650,1789825265.8451
16,18,3,1,145374,16,10.9950,13.7750,1789825764.0050
16,18,3,2,188194,16,16.1750,19.6780,1789825784.8600
16,18,3,3,162536,16,14.3250,17.7400,1789825804.4562
16,18,3,4,171225,16,13.6220,16.8680,1789825822.5437
16,18,3,5,281917,32,23.8850,29.3140,1789825853.2294
16,18,3,6,223979,16,20.3050,24.6730,1789825879.2386
16,18,3,7,125661,8,11.0050,13.3460,1789825894.0472
16,18,3,8,123552,8,11.6200,14.0240,1789825909.6751
16,19,3,1,24587,7,3.1640,4.4650,1789826263.1336
16,19,3,2,24962,7,2.8030,3.5390,1789826268.4276
16,19,3,3,32491,11,4.0690,5.1480,1789826275.7073
16,19,3,4,33442,11,3.9000,5.0250,1789826282.4826
16,19,3,5,45297,13,4.3830,6.2860,1789826290.6169
16,19,3,6,55182,16,5.4680,7.1170,1789826299.1133
16,19,3,7,57012,14,5.1020,6.5590,1789826306.8038
16,19,3,8,61145,16,6.0970,8.2810,1789826317.0689
16,19,3,9,44241,11,4.3110,5.6330,1789826323.8616
16,19,3,10,101681,16,7.6700,9.6250,1789826334.7397
16,19,3,11,82383,16,6.9150,9.1590,1789826345.8339
16,19,3,12,99937,16,7.5800,9.4870,1789826356.5569
16,19,3,13,105426,16,8.7360,10.9640,1789826370.1486
16,19,3,14,150017,16,12.3310,15.1430,1789826386.5708
16,19,3,15,127812,16,10.0160,12.5390,1789826401.3972
16,19,3,16,174005,16,14.5480,17.8280,1789826420.8184
16,19,3,17,215164,16,17.5880,21.7170,1789826443.9077
16,19,3,18,332090,30,28.4060,35.2330,1789826481.0762
16,19,3,19,230636,16,20.2860,24.7580,1789826508.0782
32,0,0,1,55638,15,12.0760,24.7600,1789827538.9181
32,0,0,2,57070,16,6.6960,8.4060,1789827548.4689
32,0,0,3,57641,15,5.8780,7.4420,1789827557.0796
32,0,0,4,80424,16,7.1630,9.0500,1789827567.3175
32,0,0,5,93145,16,7.5100,9.3230,1789827577.9127
32,0,0,6,96352,16,7.2660,9.0980,1789827588.1535
32,0,0,7,96134,16,7.4510,9.6940,1789827599.0285
32,0,0,8,124252,16,10.5640,12.8600,1789827613.0208
32,0,0,9,170857,16,12.8010,16.2100,1789827631.5100
32,0,0,10,109163,16,9.1740,11.3990,1789827644.5514
32,0,0,11,146111,16,12.1460,14.8370,1789827660.7298
32,0,0,12,179697,16,15.0500,18.4440,1789827680.8763
32,0,0,13,392371,32,32.3780,40.0580,1789827722.4562
32,0,0,14,235438,16,20.6760,25.0820,1789827749.0937
32,1,0,1,192761,16,14.4920,18.0740,1789828265.2555
32,1,0,2,146932,16,12.6990,15.4140,1789828281.9258
32,1,0,3,327704,32,26.8990,33.2910,1789828316.5676
32,1,0,4,220566,16,19.4240,23.5580,1789828341.3726
32,1,0,5,99611,8,8.3480,10.2040,1789828352.8965
32,1,0,6,115181,8,10.0130,12.1670,1789828366.3701
32,2,0,1,87065,16,8.1210,10.2130,1789828781.5309
32,2,0,2,84153,15,6.6190,8.2630,1789828791.4014
32,2,0,3,95889,16,7.4570,9.2750,1789828801.9200
32,2,0,4,121192,16,9.0040,11.3600,1789828814.5341
32,2,0,5,135240,16,10.6470,13.3150,1789828828.9760
32,2,0,6,162041,16,12.8300,15.8450,1789828846.0134
32,2,0,7,166263,16,13.5080,16.5320,1789828863.7521
32,2,0,8,139400,16,10.7020,13.2700,1789828878.4181
32,2,0,9,354078,32,28.1900,34.7660,1789828914.6704
32,2,0,10,157660,16,13.8630,16.9030,1789828933.0466
32,2,0,11,105563,8,9.6640,11.5390,1789828945.7659
32,2,0,12,90596,8,7.7560,9.8730,1789828957.3829
32,3,0,1,42346,12,4.3040,5.9200,1789829354.2175
32,3,0,2,48710,15,5.6040,7.0740,1789829362.4169
32,3,0,3,51776,15,4.9790,6.3550,1789829370.4814
32,3,0,4,67006,15,5.3550,6.8280,1789829379.1312
32,3,0,5,103442,16,8.7190,10.6570,1789829390.9289
32,3,0,6,102934,16,7.6330,9.4870,1789829401.5329
32,3,0,7,115007,16,9.8040,11.9780,1789829414.7134
32,3,0,8,89523,14,7.5770,9.2800,1789829425.1850
32,3,0,9,143605,16,11.7470,14.9290,1789829441.2503
32,3,0,10,120084,16,10.3880,12.7550,1789829455.1865
32,3,0,11,151716,16,12.8670,15.8540,1789829472.2453
32,3,0,12,150476,15,12.5060,15.3340,1789829489.0995
32,3,0,13,381115,32,31.3720,38.5160,1789829528.9131
32,3,0,14,226856,16,18.6010,22.8700,1789829553.2066
32,3,0,15,96630,8,8.0720,9.8570,1789829564.5478
32,3,0,16,128082,8,10.9190,13.2160,1789829579.4189
32,4,0,1,57424,14,4.6710,6.0000,1789829954.9864
32,4,0,2,35121,9,3.8060,4.6610,1789829961.0498
32,4,0,3,68545,16,5.7390,7.2310,1789829969.7621
32,4,0,4,59321,13,5.5280,7.0270,1789829978.0744
32,4,0,5,80902,16,6.3840,8.0170,1789829987.2489
32,4,0,6,84166,16,6.5530,8.2060,1789829996.8526
32,4,0,7,92446,16,7.1920,8.9680,1789830007.4431
32,4,0,8,92725,16,7.2670,9.1510,1789830017.7317
32,4,0,9,96341,16,8.5320,10.4320,1789830029.3353
32,4,0,10,108896,16,8.6520,10.6710,1789830041.1350
32,4,0,11,131333,16,11.1030,13.7120,1789830056.2588
32,4,0,12,205688,16,16.4120,20.3260,1789830078.2470
32,4,0,13,421342,32,34.0390,42.1320,1789830121.8872
32,4,0,14,200870,16,17.0310,20.7760,1789830144.0079
32,4,0,15,72139,8,5.6940,7.0110,1789830152.4159
32,4,0,16,126601,8,10.9360,13.3850,1789830167.2037
32,5,0,1,135720,16,10.3260,12.8630,1789830612.6950
32,5,0,2,128094,13,10.7790,13.3120,1789830627.3847
32,5,0,3,149573,16,12.0080,14.7950,1789830644.0431
32,5,0,4,410810,32,33.8990,41.7690,1789830687.3512
32,5,0,5,219602,16,18.0270,22.2250,1789830710.9018
32,6,0,1,195199,16,16.1420,20.2520,1789831260.9513
32,6,0,2,175706,16,15.5200,19.0300,1789831282.0690
32,6,0,3,97022,8,7.9650,9.7040,1789831293.9759
32,6,0,4,109671,8,9.3410,11.3540,1789831308.0543
32,6,0,5,98969,8,8.2330,10.0430,1789831319.5613
32,7,0,1,147394,16,11.8270,15.0660,1789831779.6435
32,7,0,2,124699,16,9.7540,12.0470,1789831793.7644
32,7,0,3,183127,16,14.8490,18.2310,1789831813.4497
32,7,0,4,142207,16,11.1740,13.9660,1789831829.5703
32,7,0,5,334518,32,28.1940,34.5490,1789831865.3709
32,7,0,6,174214,16,14.6120,17.8960,1789831885.0395
32,7,0,7,125775,8,11.7010,14.0300,1789831900.4876
32,7,0,8,146346,8,13.6200,16.4640,1789831919.1420
32,8,0,1,44026,15,5.7860,7.2270,1789832313.1576
32,8,0,2,41046,12,5.0040,6.3570,1789832320.6122
32,8,0,3,52805,15,5.0310,6.4500,1789832328.1754
32,8,0,4,55261,14,4.8710,6.2610,1789832335.4965
32,8,0,5,75509,16,6.9810,8.5530,1789832345.1569
32,8,0,6,80022,16,6.5850,8.2220,1789832354.6148
32,8,0,7,87354,15,7.1660,8.9400,1789832364.7975
32,8,0,8,108856,16,8.4400,10.4870,1789832376.4830
32,8,0,9,132223,16,10.0810,12.5470,1789832390.2274
32,8,0,10,121243,16,9.5990,11.8680,1789832403.8440
32,8,0,11,121311,14,9.6390,11.9790,1789832416.9604
32,8,0,12,176107,16,14.2540,17.5150,1789832435.7559
32,8,0,13,117563,14,10.6540,13.0160,1789832450.0568
32,8,0,14,301690,32,24.8430,30.5380,1789832481.8639
32,8,0,15,176895,16,14.6260,17.9710,1789832501.0234
32,8,0,16,69330,8,5.9260,7.2830,1789832509.5144
32,8,0,17,148807,8,12.3750,15.2210,1789832526.0703
32,9,0,1,17570,5,2.7870,3.7120,1789832847.7280
32,9,0,2,18924,5,2.5960,3.5560,1789832852.3847
32,9,0,3,22568,6,2.8130,3.7900,1789832857.2444
32,9,0,4,29619,9,3.5020,4.4310,1789832863.1449
32,9,0,5,28744,9,4.3250,5.6030,1789832869.8270
32,9,0,6,45859,15,5.2860,6.8050,1789832878.0979
32,9,0,7,37496,10,3.3650,4.3910,1789832883.5797
32,9,0,8,52220,14,4.9550,6.8090,1789832891.6695
32,9,0,9,55575,14,5.3730,6.8860,1789832899.6428
32,9,0,10,57179,15,5.2190,6.7640,1789832908.2413
32,9,0,11,67381,15,5.6310,7.0400,1789832916.5061
32,9,0,12,90724,16,7.7360,9.4940,1789832927.2823
32,9,0,13,82499,16,7.0760,8.8910,1789832937.4428
32,9,0,14,108070,16,8.4890,10.5600,1789832949.1365
32,9,0,15,101363,15,8.0750,10.0920,1789832960.4959
32,9,0,16,132482,16,10.2110,12.9310,1789832975.1443
32,9,0,17,104678,16,8.3870,10.4390,1789832987.9475
32,9,0,18,106717,16,8.3180,10.3660,1789833000.1767
32,9,0,19,156811,16,13.0490,16.1260,1789833017.5101
32,9,0,20,197404,16,16.1950,19.9070,1789833039.1726
32,9,0,21,373267,32,30.4450,37.5830,1789833078.5435
32,9,0,22,283208,16,24.1940,29.6350,1789833109.9009
32,10,0,1,38701,13,5.0400,6.7380,1789833538.3309
32,10,0,2,44415,13,4.5130,6.2060,1789833545.9052
32,10,0,3,45689,13,4.4870,5.7880,1789833553.9684
32,10,0,4,68853,16,5.9630,7.6000,1789833562.9204
32,10,0,5,66222,16,5.9030,7.9820,1789833572.5530
32,10,0,6,84115,16,6.7400,8.6130,1789833582.7643
32,10,0,7,111434,16,8.7720,10.7740,1789833595.2472
32,10,0,8,127913,16,9.7120,12.0850,1789833609.1624
32,10,0,9,158089,16,12.8640,15.8650,1789833626.6413
32,10,0,10,172649,16,14.8620,18.0920,1789833646.0538
32,10,0,11,166008,16,13.4940,16.5720,1789833664.0191
32,10,0,12,192852,16,16.6630,20.4170,1789833686.1490
32,10,0,13,178739,16,13.9540,17.2930,1789833705.3016
32,10,0,14,409486,32,33.0180,40.8410,1789833748.0161
32,10,0,15,167858,16,13.8640,17.1000,1789833766.3528
32,10,0,16,101403,8,8.5650,10.4000,1789833778.0113
32,10,0,17,125556,8,9.9110,12.1960,1789833791.7654
32,11,0,1,84025,16,6.7170,8.9160,1789834238.1680
32,11,0,2,94248,16,7.4810,9.4690,1789834249.1750
32,11,0,3,107136,16,9.2610,11.3430,1789834261.6001
32,11,0,4,106987,16,8.6810,10.8040,1789834274.5738
32,11,0,5,131458,16,10.8780,13.6070,1789834289.5199
32,11,0,6,149150,16,11.2140,13.9590,1789834304.6499
32,11,0,7,154922,16,12.9880,16.2300,1789834322.0578
32,11,0,8,380553,32,31.0560,38.2220,1789834361.6921
32,11,0,9,203500,16,17.6870,21.6290,1789834384.6867
32,11,0,10,143610,8,11.6230,14.2670,1789834400.5935
32,11,0,11,94844,8,8.0700,9.8770,1789834412.0243
32,12,0,1,46002,14,5.3220,6.7090,1789834792.6325
32,12,0,2,53850,16,6.3020,7.9140,1789834801.8451
32,12,0,3,46054,12,4.0440,5.2570,1789834808.7536
32,12,0,4,82146,16,6.3100,8.0320,1789834818.0733
32,12,0,5,69381,15,5.6930,7.3240,1789834827.1111
32,12,0,6,75335,16,6.4600,8.5760,1789834837.5802
32,12,0,7,101602,16,8.2150,10.5060,1789834849.3432
32,12,0,8,91683,16,7.8420,9.7530,1789834860.8515
32,12,0,9,109567,15,9.7450,11.9010,1789834873.9769
32,12,0,10,153513,16,12.7500,15.9180,1789834891.2117
32,12,0,11,139418,16,12.0740,14.7140,1789834907.1672
32,12,0,12,130847,15,9.9920,12.5100,1789834921.7499
32,12,0,13,174158,16,13.8230,17.1290,1789834941.0400
32,12,0,14,176736,16,14.7620,18.0860,1789834960.9360
32,12,0,15,426244,32,35.3120,43.5800,1789835006.2317
32,12,0,16,184406,16,14.8140,18.2760,1789835026.5010
32,13,0,1,85344,16,7.1620,9.1020,1789835446.9611
32,13,0,2,42917,10,3.9450,5.0330,1789835453.5819
32,13,0,3,88083,16,7.2290,9.2450,1789835464.5597
32,13,0,4,97508,16,7.5770,9.4570,1789835475.1992
32,13,0,5,83499,15,7.8580,9.6200,1789835486.6780
32,13,0,6,100504,16,7.9410,9.9280,1789835498.1177
32,13,0,7,104647,16,7.7560,9.7540,1789835510.0967
32,13,0,8,128861,16,10.2980,12.7380,1789835525.0054
32,13,0,9,147446,16,11.8850,14.5990,1789835541.1901
32,13,0,10,187888,16,15.5250,19.1930,1789835561.7310
32,13,0,11,406665,32,34.6710,42.7270,1789835605.8547
32,13,0,12,211688,16,19.0930,23.2290,1789835630.8892
32,14,0,1,59427,15,6.2830,8.2940,1789836076.0854
32,14,0,2,59173,15,5.4850,7.1840,1789836084.6034
32,14,0,3,78599,16,6.3130,8.2970,1789836094.8930
32,14,0,4,93283,16,7.0060,8.7400,1789836105.3892
32,14,0,5,79909,16,6.2740,7.8710,1789836114.5596
32,14,0,6,73249,14,5.8650,7.3830,1789836123.6643
32,14,0,7,101958,16,7.9200,10.2810,1789836135.4061
32,14,0,8,102730,16,9.0450,11.2010,1789836148.2863
32,14,0,9,103359,15,9.1310,11.1950,1789836160.7385
32,14,0,10,143027,16,11.0080,13.7190,1789836176.9098
32,14,0,11,135675,16,11.4680,14.0800,1789836192.4509
32,14,0,12,165518,14,13.4850,16.6650,1789836210.4639
32,14,0,13,177873,16,15.5130,19.0790,1789836230.9007
32,14,0,14,378670,32,32.1750,39.6230,1789836272.0609
32,14,0,15,262552,16,21.1060,26.3770,1789836300.1282
32,14,0,16,128565,8,12.4440,14.8680,1789836316.6445
32,15,0,1,11107,3,1.1700,1.5490,1789836603.8036
32,15,0,2,22524,7,2.8290,3.8230,1789836608.7170
32,15,0,3,27811,8,3.1370,3.9700,1789836613.8673
32,15,0,4,25127,7,3.1850,4.3440,1789836619.3910
32,15,0,5,28121,8,3.3690,4.1990,1789836624.8587
32,15,0,6,35171,11,3.8120,4.9570,1789836631.2758
32,15,0,7,45107,14,4.9140,6.6070,1789836639.8244
32,15,0,8,52503,16,5.5970,7.2140,1789836648.1151
32,15,0,9,66890,16,6.9010,8.6280,1789836657.8478
32,15,0,10,45997,12,5.0160,6.2610,1789836665.4996
32,15,0,11,55104,14,5.4670,6.9420,1789836674.4050
32,15,0,12,74292,15,6.0810,7.5830,1789836683.2078
32,15,0,13,72202,16,6.4090,7.9360,1789836692.4518
32,15,0,14,85857,16,6.7740,8.4880,1789836702.0368
32,15,0,15,81026,16,6.4980,8.2410,1789836711.4063
32,15,0,16,99423,16,8.3000,10.3520,1789836722.9790
32,15,0,17,101801,16,8.3240,10.3670,1789836734.8210
32,15,0,18,101485,16,9.0950,11.2480,1789836747.5205
32,15,0,19,91678,16,8.1170,10.0890,1789836758.7746
32,15,0,20,173177,16,13.6030,16.9130,1789836776.8645
32,15,0,21,138590,16,11.8610,14.6030,1789836793.1369
32,15,0,22,364347,32,29.7970,36.6500,1789836831.2385
32,15,0,23,223253,16,17.4000,21.5910,1789836854.0981
32,16,0,1,144997,16,12.0340,14.7090,1789837370.9792
32,16,0,2,169217,16,12.9540,16.2130,1789837388.8116
32,16,0,3,292685,32,23.1310,28.6770,1789837418.8178
32,16,0,4,195236,16,16.5950,20.7310,1789837441.4846
32,16,0,5,98319,8,8.4000,10.2280,1789837453.3890
32,16,0,6,161951,8,15.4400,18.6480,1789837474.2605
32,17,0,1,186740,16,16.1200,20.3580,1789838124.2035
32,17,0,2,214469,16,18.6980,22.8380,1789838149.2169
32,17,0,3,119081,8,10.2310,12.3940,1789838162.9734
32,17,0,4,114015,8,9.9450,12.3840,1789838177.2643
32,17,0,5,132971,8,11.8430,14.3430,1789838193.8665
32,18,0,1,15208,4,2.4310,3.3710,1789838523.5218
32,18,0,2,21735,6,3.0950,4.4330,1789838529.1273
32,18,0,3,25574,7,3.8040,4.5700,1789838534.8245
32,18,0,4,38755,13,4.0420,5.2330,1789838541.6452
32,18,0,5,39910,14,4.4470,6.3090,1789838549.4530
32,18,0,6,41043,13,4.8100,6.1130,1789838557.7157
32,18,0,7,46159,15,4.7810,6.1870,1789838565.1952
32,18,0,8,48567,14,5.1170,6.5470,1789838573.0551
32,18,0,9,46191,13,5.5750,6.9040,1789838581.1791
32,18,0,10,49042,14,4.9160,6.7340,1789838589.6284
32,18,0,11,61192,16,5.6960,7.3080,1789838598.3546
32,18,0,12,58438,16,6.7640,8.4050,1789838607.9199
32,18,0,13,56114,15,5.5850,7.1150,1789838616.2092
32,18,0,14,83431,16,6.3750,8.3780,1789838626.2820
32,18,0,15,96220,16,8.0180,10.2100,1789838638.2494
32,18,0,16,93989,16,7.5750,9.5570,1789838649.8622
32,18,0,17,85615,16,7.1710,9.0590,1789838660.1658
32,18,0,18,107962,15,8.4070,10.5910,1789838672.9230
32,18,0,19,107286,16,9.3580,11.6070,1789838685.8369
32,18,0,20,201568,16,17.4040,21.3240,1789838708.4289
32,18,0,21,135061,16,10.8420,13.3900,1789838723.6552
32,18,0,22,320138,32,25.3930,31.5730,1789838756.8888
32,18,0,23,343841,31,27.4420,34.0790,1789838792.4863
32,18,0,24,125661,8,11.6910,14.0250,1789838807.7458
32,19,0,1,63114,15,6.2090,8.2800,1789839198.9278
32,19,0,2,73936,15,5.7410,7.5580,1789839208.2374
32,19,0,3,73306,16,5.8250,8.0130,1789839218.4455
32,19,0,4,83463,16,7.5790,9.2810,1789839228.8232
32,19,0,5,90072,16,6.9040,8.7260,1789839239.1589
32,19,0,6,77578,15,6.4480,8.1840,1789839248.6653
32,19,0,7,89913,16,7.7560,9.9910,1789839260.5423
32,19,0,8,110506,16,10.0260,12.2310,1789839274.1079
32,19,0,9,122478,16,9.7470,12.0600,1789839288.2219
32,19,0,10,121397,16,9.6790,11.9400,1789839301.6789
32,19,0,11,167010,16,14.7490,17.8650,1789839320.8373
32,19,0,12,215164,16,17.7260,21.8220,1789839343.8288
32,19,0,13,393487,30,33.8210,41.6240,1789839386.8328
32,19,0,14,203812,16,16.0490,19.9340,1789839408.9617
32,0,1,1,95989,16,13.3660,28.1310,1789827612.8044
32,0,1,2,127446,16,10.1010,12.6800,1789827626.7666
32,0,1,3,160538,16,12.1280,15.0310,1789827642.9678
32,0,1,4,146069,16,11.3700,14.2190,1789827658.6594
32,0,1,5,183526,16,14.1630,17.5340,1789827677.6158
32,0,1,6,387856,32,33.0790,40.4850,1789827720.0637
32,0,1,7,208411,16,17.7840,21.8320,1789827743.1842
32,0,1,8,143156,8,13.2300,16.0020,1789827760.4109
32,1,1,1,42536,14,4.6110,5.8790,1789828115.2488
32,1,1,2,43933,15,5.0210,6.6340,1789828123.2408
32,1,1,3,48549,15,4.7460,6.2280,1789828130.5139
32,1,1,4,44370,12,3.9130,5.0060,1789828136.8451
32,1,1,5,57081,16,5.1790,6.8490,1789828145.7065
32,1,1,6,54809,16,5.1640,6.6170,1789828153.3876
32,1,1,7,55282,13,4.4720,5.6930,1789828160.1227
32,1,1,8,62018,14,5.2960,6.6480,1789828168.1292
32,1,1,9,88637,16,7.5720,9.2270,1789828178.4802
32,1,1,10,91536,16,7.0640,8.9980,1789828189.3921
32,1,1,11,70736,16,5.9880,7.5670,1789828198.1147
32,1,1,12,90446,15,6.9590,8.7470,1789828207.9326
32,1,1,13,116305,16,8.6510,10.7750,1789828220.1221
32,1,1,14,123512,16,9.9690,12.3540,1789828233.5620
32,1,1,15,118558,15,10.0110,12.3530,1789828247.3886
32,1,1,16,166330,16,12.6800,15.6920,1789828264.2952
32,1,1,17,153096,16,11.9810,15.1340,1789828280.7348
32,1,1,18,366575,32,29.5230,36.4230,1789828318.4171
32,1,1,19,423332,32,35.2730,43.4780,1789828363.9064
32,2,1,1,161838,16,13.0810,16.0650,1789828821.2106
32,2,1,2,111528,16,9.3740,11.6200,1789828834.9564
32,2,1,3,137285,16,12.0390,14.7110,1789828850.8826
32,2,1,4,178317,16,14.0020,17.4580,1789828869.5033
32,2,1,5,182736,16,15.2600,18.7040,1789828890.0297
32,2,1,6,399648,32,35.2750,43.0580,1789828934.4829
32,2,1,7,211427,16,17.0460,21.0400,1789828957.1048
32,2,1,8,125763,8,10.7990,13.0640,1789828971.5664
32,3,1,1,142549,16,10.6440,13.8060,1789829432.5534
32,3,1,2,117937,16,8.7480,10.9080,1789829444.9303
32,3,1,3,143870,16,11.6830,14.8350,1789829461.0267
32,3,1,4,197700,16,16.7530,20.4800,1789829482.7316
32,3,1,5,174751,16,14.2100,17.6270,1789829501.9438
32,3,1,6,381037,32,32.8740,40.0900,1789829543.3235
32,3,1,7,237626,16,20.7460,25.3200,1789829570.0682
32,4,1,1,39089,12,4.4550,6.1740,1789829937.0281
32,4,1,2,43105,14,4.9560,6.4490,1789829944.5941
32,4,1,3,45792,15,4.6590,6.4060,1789829952.6927
32,4,1,4,48763,14,4.8770,6.1390,1789829960.3175
32,4,1,5,54104,14,4.7760,6.2190,1789829968.6368
32,4,1,6,45143,14,5.0370,6.7170,1789829977.2112
32,4,1,7,74468,16,5.8260,7.3350,1789829986.2929
32,4,1,8,91235,16,7.6550,9.4530,1789829996.9159
32,4,1,9,117623,16,9.1900,11.3550,1789830009.5959
32,4,1,10,105424,16,8.4380,10.5750,1789830021.4494
32,4,1,11,122673,16,9.2990,11.5540,1789830034.3352
32,4,1,12,134054,16,11.4560,14.0890,1789830049.7087
32,4,1,13,185222,16,13.6960,17.1200,1789830068.4542
32,4,1,14,158229,16,12.4960,15.5170,1789830085.7935
32,4,1,15,392802,32,33.8580,41.5470,1789830128.6897
32,4,1,16,252181,16,21.8620,26.6370,1789830156.6988
32,5,1,1,30138,8,3.5960,5.0920,1789830503.4653
32,5,1,2,48544,14,4.6930,6.0440,1789830511.0003
32,5,1,3,63330,16,5.4460,6.9040,1789830519.7690
32,5,1,4,55816,14,5.8360,7.4460,1789830528.3146
32,5,1,5,77592,16,6.5150,8.1060,1789830537.8552
32,5,1,6,65532,15,5.9070,7.5590,1789830546.9675
32,5,1,7,108597,16,8.6040,10.7540,1789830558.9754
32,5,1,8,85795,16,7.3400,9.0480,1789830569.1126
32,5,1,9,131482,16,10.6500,13.4730,1789830583.7125
32,5,1,10,204195,16,17.1610,21.0550,1789830607.1414
32,5,1,11,153292,16,11.8070,14.6400,1789830623.6063
32,5,1,12,173147,16,13.7840,16.9390,1789830642.2197
32,5,1,13,366120,32,30.9960,38.1340,1789830682.2786
32,5,1,14,191602,16,14.4930,18.0780,1789830702.1248
32,5,1,15,54419,8,4.5410,5.6050,1789830709.8138
32,6,1,1,62576,16,5.3380,6.8180,1789831078.6287
32,6,1,2,56902,15,6.0490,7.4510,1789831087.2215
32,6,1,3,75592,16,6.1630,7.6980,1789831096.9618
32,6,1,4,64062,14,5.8780,7.9360,1789831106.6344
32,6,1,5,81505,16,7.5890,9.3330,1789831117.1569
32,6,1,6,108114,16,8.4360,10.8840,1789831129.3668
32,6,1,7,94212,15,8.3290,10.3310,1789831140.9094
32,6,1,8,134094,16,11.4830,13.9530,1789831156.5356
32,6,1,9,164115,16,12.9280,16.0100,1789831174.0121
32,6,1,10,145480,16,11.4010,14.0830,1789831190.0113
32,6,1,11,109489,16,9.4530,11.7730,1789831203.1085
32,6,1,12,124527,16,9.7580,12.0890,1789831216.3618
32,6,1,13,130555,16,9.9820,12.4380,1789831231.0609
32,6,1,14,346368,32,27.5740,34.1670,1789831266.5727
32,6,1,15,479106,32,41.8600,51.1570,1789831319.6643
32,7,1,1,55594,16,5.7010,7.7850,1789831698.2819
32,7,1,2,61785,16,5.8630,8.1510,1789831708.3456
32,7,1,3,51966,13,4.7260,6.3270,1789831716.9360
32,7,1,4,70569,16,6.1480,8.1710,1789831726.9814
32,7,1,5,76821,16,7.1690,9.3690,1789831738.4015
32,7,1,6,89435,16,6.9140,8.8240,1789831748.6750
32,7,1,7,103517,16,8.0580,10.0080,1789831760.0221
32,7,1,8,80720,15,7.0010,8.8320,1789831770.1802
32,7,1,9,108782,15,8.2330,10.3260,1789831782.7607
32,7,1,10,145566,16,12.3980,15.6010,1789831799.5540
32,7,1,11,146364,16,11.7620,14.6310,1789831815.5461
32,7,1,12,169924,16,13.2580,16.4130,1789831834.3536
32,7,1,13,332003,32,28.2640,34.6510,1789831870.2376
32,7,1,14,186098,16,14.9300,18.4630,1789831890.3843
32,7,1,15,99965,8,8.8860,10.8320,1789831902.4215
32,7,1,16,157959,8,13.3150,16.3550,1789831921.4355
32,8,1,1,68987,15,5.8920,7.9320,1789832365.6456
32,8,1,2,108311,16,9.1280,11.4270,1789832378.8427
32,8,1,3,103009,16,8.4770,10.5840,1789832390.7385
32,8,1,4,137786,16,11.0380,13.8550,1789832405.9198
32,8,1,5,90133,16,7.4290,9.2470,1789832416.8410
32,8,1,6,174725,16,15.2200,18.5740,1789832437.4350
32,8,1,7,141503,16,10.8590,13.5140,1789832452.0631
32,8,1,8,442778,32,36.8900,45.4220,1789832499.1108
32,8,1,9,207811,16,17.6170,21.5880,1789832522.2369
32,9,1,1,70372,15,7.1070,8.6870,1789832916.1803
32,9,1,2,71208,15,6.0250,7.5920,1789832924.9292
32,9,1,3,80910,16,6.5690,8.6540,1789832934.8555
32,9,1,4,114324,16,8.7820,10.8630,1789832946.9478
32,9,1,5,99004,15,7.8530,9.7710,1789832957.8830
32,9,1,6,115129,16,9.1030,11.4460,1789832971.3776
32,9,1,7,72662,14,6.0930,7.7100,1789832980.6803
32,9,1,8,126640,16,10.8960,13.4370,1789832995.4943
32,9,1,9,172177,16,13.7090,16.9690,1789833013.9516
32,9,1,10,181701,16,14.9250,18.2900,1789833033.5358
32,9,1,11,437991,32,36.8440,45.2200,1789833080.2995
32,9,1,12,162509,16,12.8180,15.8990,1789833097.4829
32,9,1,13,59174,8,5.2740,6.7280,1789833105.7540
32,10,1,1,55032,14,5.4540,6.8960,1789833549.5133
32,10,1,2,54149,15,5.7630,7.2830,1789833558.0237
32,10,1,3,53191,14,5.0450,7.2500,1789833566.9368
32,10,1,4,80169,16,7.2540,9.0000,1789833577.1961
32,10,1,5,81018,15,6.5220,8.4200,1789833587.5394
32,10,1,6,127492,16,9.6510,12.1590,1789833600.8505
32,10,1,7,123956,16,10.4790,12.8300,1789833614.9214
32,10,1,8,104073,15,9.8780,11.9500,1789833628.0086
32,10,1,9,166056,16,13.8930,17.0740,1789833646.4937
32,10,1,10,190494,16,16.2190,19.8880,1789833668.7543
32,10,1,11,225320,16,19.5340,23.8960,1789833694.1189
32,10,1,12,174995,16,14.1640,17.3700,1789833712.7676
32,10,1,13,452543,32,40.6210,49.5430,1789833763.6929
32,10,1,14,186107,16,15.5420,19.1320,1789833784.2383
32,11,1,1,27890,9,3.1070,4.9260,1789834136.3400
32,11,1,2,35237,13,4.5140,5.7110,1789834143.8101
32,11,1,3,32563,10,3.6590,4.7040,1789834150.0658
32,11,1,4,42671,13,4.6370,6.2660,1789834158.1160
32,11,1,5,41143,12,3.8380,5.0520,1789834164.7379
32,11,1,6,38999,12,4.6050,5.8720,1789834171.6613
32,11,1,7,41998,12,3.8580,5.0170,1789834177.7224
32,11,1,8,45586,13,4.3240,5.4950,1789834186.2527
32,11,1,9,58812,15,4.8530,6.2600,1789834194.3149
32,11,1,10,53928,15,5.4410,7.0130,1789834202.8580
32,11,1,11,79247,16,6.7290,8.4720,1789834213.1939
32,11,1,12,84613,16,6.7920,8.5620,1789834223.4839
32,11,1,13,96614,16,7.3170,9.1620,1789834233.8838
32,11,1,14,78276,14,6.1530,7.6520,1789834243.0325
32,11,1,15,151538,16,11.9230,14.7910,1789834259.1220
32,11,1,16,125807,16,10.2040,12.6280,1789834273.7482
32,11,1,17,143053,16,10.9940,13.7080,1789834289.5200
32,11,1,18,195539,16,16.2280,20.2160,1789834312.0899
32,11,1,19,201809,16,16.3630,20.1140,1789834333.8935
32,11,1,20,401123,32,32.4820,40.1310,1789834375.6068
32,11,1,21,247961,16,20.6850,25.5190,1789834402.7548
32,12,1,1,23769,7,3.3780,4.1370,1789834770.0038
32,12,1,2,25066,7,2.6420,3.5490,1789834775.1743
32,12,1,3,29226,9,3.3820,4.3560,1789834781.0535
32,12,1,4,33570,10,3.8020,5.1790,1789834787.8473
32,12,1,5,39062,13,4.3650,5.7190,1789834794.7740
32,12,1,6,48702,14,4.8510,6.2680,1789834802.1612
32,12,1,7,73662,16,5.8860,7.5510,1789834810.9099
32,12,1,8,63685,15,5.7050,7.1140,1789834819.9197
32,12,1,9,77302,16,6.5290,8.2470,1789834829.5595
32,12,1,10,99284,16,7.6870,9.9100,1789834841.1935
32,12,1,11,121807,16,10.2650,12.5450,1789834855.3145
32,12,1,12,134909,16,11.6030,14.1160,1789834871.0310
32,12,1,13,131424,16,10.4570,12.9390,1789834886.0427
32,12,1,14,104684,16,8.3000,10.4130,1789834898.0416
32,12,1,15,155840,16,13.8520,16.7080,1789834915.9255
32,12,1,16,163689,16,13.6480,16.6940,1789834934.2440
32,12,1,17,135064,16,11.1350,13.7740,1789834950.1536
32,12,1,18,373883,32,30.8370,38.0250,1789834989.6261
32,12,1,19,204868,16,16.9560,21.0800,1789835012.2833
32,12,1,20,173755,8,15.0720,18.3930,1789835032.3251
32,13,1,1,44890,13,4.1420,5.4010,1789835404.1581
32,13,1,2,46515,13,4.0860,5.2590,1789835410.5528
32,13,1,3,51931,14,4.5000,5.7790,1789835417.3851
32,13,1,4,61109,16,6.3070,7.9010,1789835431.0865
32,13,1,5,60662,14,5.3210,7.0470,1789835440.1864
32,13,1,6,56991,13,5.2700,6.6280,1789835447.9947
32,13,1,7,54491,14,6.0660,7.5740,1789835456.7645
32,13,1,8,78859,14,6.3870,8.0040,1789835466.2186
32,13,1,9,107331,16,8.0040,10.1940,1789835478.0975
32,13,1,10,92401,16,8.3660,10.2410,1789835489.5213
32,13,1,11,102830,16,8.5330,10.4910,1789835501.7914
32,13,1,12,99947,16,7.8690,9.8910,1789835512.8455
32,13,1,13,140768,16,10.6820,13.4110,1789835527.8274
32,13,1,14,169885,16,13.7270,16.8590,1789835545.9528
32,13,1,15,121847,16,10.5080,13.0240,1789835561.2520
32,13,1,16,324353,32,28.3910,34.7750,1789835597.3613
32,13,1,17,139784,16,11.4950,14.0910,1789835612.6576
32,13,1,18,125919,8,11.3220,13.5930,1789835627.6610
32,13,1,19,127202,8,10.0570,12.3970,1789835642.6841
32,14,1,1,15266,4,2.1820,2.6570,1789835992.4917
32,14,1,2,20196,6,2.7800,3.6530,1789835997.2956
32,14,1,3,23971,7,3.1490,4.3190,1789836002.8046
32,14,1,4,34424,11,4.1370,5.1240,1789836009.4009
32,14,1,5,32400,10,3.1390,4.3350,1789836014.8166
32,14,1,6,47672,16,4.9450,6.5180,1789836023.2313
32,14,1,7,51353,15,4.7100,6.0590,1789836030.7024
32,14,1,8,48836,13,4.5710,5.7570,1789836038.1464
32,14,1,9,54010,15,5.2730,6.8420,1789836046.2487
32,14,1,10,58635,15,7.0190,8.5900,1789836055.9628
32,14,1,11,52257,15,5.5430,7.0830,1789836064.1980
32,14,1,12,69120,16,6.6340,9.0370,1789836074.5943
32,14,1,13,63505,14,5.3590,7.3580,1789836084.0696
32,14,1,14,65199,16,6.7250,8.2580,1789836093.5979
32,14,1,15,84169,16,7.4480,9.0250,1789836104.0866
32,14,1,16,68273,16,5.8140,7.8400,1789836113.7162
32,14,1,17,68845,15,6.2850,8.1550,1789836124.1471
32,14,1,18,82609,16,6.7160,8.8610,1789836134.3035
32,14,1,19,124319,16,9.9400,12.2560,1789836147.7408
32,14,1,20,99788,16,8.0150,10.0260,1789836158.9547
32,14,1,21,128626,16,10.2970,12.9590,1789836173.1211
32,14,1,22,155325,16,12.0560,14.9410,1789836189.9691
32,14,1,23,139308,16,10.9670,13.9570,1789836205.5589
32,14,1,24,209971,16,16.9970,21.0040,1789836228.8807
32,14,1,25,342988,32,27.5610,34.2240,1789836264.4554
32,14,1,26,196867,16,18.6750,22.6030,1789836288.3676
32,14,1,27,108670,8,9.3060,11.4170,1789836301.1170
32,14,1,28,146069,8,13.6930,16.4160,1789836321.2322
32,15,1,1,172263,16,15.0350,19.1630,1789836766.1650
32,15,1,2,153245,16,12.6370,15.5960,1789836783.2482
32,15,1,3,276328,32,23.6070,28.8880,1789836813.4350
32,15,1,4,189006,16,15.0760,18.6360,1789836834.3454
32,15,1,5,124721,8,10.8770,13.1940,1789836850.0615
32,15,1,6,130887,8,11.4600,13.9920,1789836865.4896
32,16,1,1,93586,16,7.6390,10.0470,1789837308.4641
32,16,1,2,84182,15,7.5280,9.2260,1789837319.0440
32,16,1,3,129961,16,10.2560,12.6290,1789837333.1103
32,16,1,4,124461,16,9.9700,12.3430,1789837347.2267
32,16,1,5,132822,16,11.5570,14.1840,1789837362.9623
32,16,1,6,171357,16,13.6650,16.8130,1789837381.7538
32,16,1,7,202604,16,15.7090,19.5140,1789837403.0871
32,16,1,8,414484,32,33.8320,41.7800,1789837446.3043
32,16,1,9,282753,16,25.9690,31.5330,1789837479.7982
32,17,1,1,70088,16,6.0670,8.5180,1789837952.5059
32,17,1,2,65389,14,5.8540,7.9050,1789837961.9896
32,17,1,3,75582,16,7.4160,9.1450,1789837972.4645
32,17,1,4,77682,16,6.5920,8.5150,1789837982.8397
32,17,1,5,106201,16,8.2080,10.6020,1789837994.9183
32,17,1,6,100155,16,8.5560,10.6600,1789838007.1891
32,17,1,7,125199,16,10.4250,13.2450,1789838021.7238
32,17,1,8,99536,15,8.9820,11.1180,1789838034.1022
32,17,1,9,142806,16,11.8480,14.7150,1789838050.5795
32,17,1,10,162250,16,13.6370,16.7310,1789838069.4335
32,17,1,11,205429,16,18.4220,22.3680,1789838093.1458
32,17,1,12,258193,16,22.5670,27.5560,1789838122.2019
32,17,1,13,361311,32,30.7970,37.6660,1789838161.4967
32,17,1,14,199792,16,16.9750,20.8560,1789838184.3305
32,18,1,1,42416,14,4.8180,6.9150,1789838577.3089
32,18,1,2,49341,16,5.4220,7.0180,1789838585.4241
32,18,1,3,37539,10,3.6010,4.9690,1789838591.5439
32,18,1,4,54441,14,4.9920,6.7890,1789838600.0593
32,18,1,5,59170,16,5.7220,7.3530,1789838608.5850
32,18,1,6,68780,14,5.4020,7.4360,1789838618.0248
32,18,1,7,86533,16,8.1860,9.9700,1789838629.2114
32,18,1,8,116508,16,8.6900,10.8780,1789838641.3928
32,18,1,9,82848,16,7.1930,9.0370,1789838651.8732
32,18,1,10,92890,16,7.2700,9.1500,1789838662.1878
32,18,1,11,145374,16,11.2070,13.8620,1789838678.0879
32,18,1,12,133630,16,10.7070,13.3590,1789838693.5806
32,18,1,13,165125,16,13.4510,16.5180,1789838711.6079
32,18,1,14,166415,16,14.3080,17.3670,1789838730.4060
32,18,1,15,425756,32,36.3720,44.4670,1789838776.4165
32,18,1,16,213274,16,17.2200,21.2010,1789838799.6492
32,18,1,17,96007,8,8.1790,10.0060,1789838811.2087
32,19,1,1,113914,16,10.4070,12.8070,1789839287.4979
32,19,1,2,127812,16,10.8940,13.4300,1789839302.3167
32,19,1,3,174005,16,14.5880,17.9260,1789839322.6234
32,19,1,4,181380,16,14.2190,17.6220,1789839342.1939
32,19,1,5,381182,32,34.4080,41.9920,1789839385.6581
32,19,1,6,209271,16,16.9790,20.9660,1789839407.9749
32,0,2,1,12000,4,5.5180,10.8480,1789827452.4274
32,0,2,2,24912,8,5.7280,6.8980,1789827461.0072
32,0,2,3,26914,8,3.1060,4.2660,1789827466.3625
32,0,2,4,36404,13,4.6230,6.1540,1789827474.2213
32,0,2,5,34991,11,3.7420,4.8610,1789827480.3755
32,0,2,6,38190,12,3.6530,5.5590,1789827487.7177
32,0,2,7,45157,15,4.4740,5.7980,1789827494.8374
32,0,2,8,40554,12,3.6530,5.0680,1789827501.5459
32,0,2,9,47500,15,4.5210,6.1500,1789827509.4801
32,0,2,10,45862,14,4.5660,6.0410,1789827516.6580
32,0,2,11,48145,14,4.9970,6.4240,1789827524.2519
32,0,2,12,59114,14,5.2220,6.6620,1789827532.8514
32,0,2,13,69999,16,6.7290,8.4010,1789827542.3568
32,0,2,14,63522,16,5.7930,7.4700,1789827551.7445
32,0,2,15,75042,16,7.1160,9.7940,1789827562.6429
32,0,2,16,86036,16,7.4370,9.2050,1789827573.0740
32,0,2,17,90432,15,7.3770,9.1630,1789827583.4356
32,0,2,18,86049,16,7.1130,8.9190,1789827594.2475
32,0,2,19,121686,16,9.5370,11.7580,1789827607.1559
32,0,2,20,163092,16,12.4190,15.9110,1789827624.2992
32,0,2,21,183594,16,14.8440,18.6490,1789827644.4825
32,0,2,22,156624,16,13.4360,16.4020,1789827662.1828
32,0,2,23,170426,16,14.1150,17.2690,1789827680.5701
32,0,2,24,445657,32,36.3060,44.9220,1789827727.1659
32,0,2,25,157705,16,14.2000,17.4680,1789827746.6274
32,0,2,26,106009,8,9.2960,11.3490,1789827759.2227
32,1,2,1,13622,4,2.5000,2.9580,1789828080.1188
32,1,2,2,26835,8,2.9190,4.0020,1789828085.3567
32,1,2,3,31490,10,3.5790,4.7850,1789828091.4446
32,1,2,4,26691,8,3.8860,4.7010,1789828097.5000
32,1,2,5,35907,11,3.8400,4.9580,1789828104.1604
32,1,2,6,36337,11,5.0940,6.3720,1789828111.8104
32,1,2,7,45927,15,5.2130,7.2770,1789828120.6475
32,1,2,8,43689,14,5.6040,7.0200,1789828128.7947
32,1,2,9,33050,9,3.1810,4.1400,1789828134.0721
32,1,2,10,60465,15,6.2850,8.4070,1789828144.2275
32,1,2,11,60440,15,5.4050,7.1010,1789828153.1981
32,1,2,12,52610,15,5.3640,6.8850,1789828161.1400
32,1,2,13,67478,15,6.4780,8.0470,1789828170.2929
32,1,2,14,74744,16,6.2970,7.9720,1789828179.3642
32,1,2,15,49179,12,5.0860,6.3880,1789828187.4591
32,1,2,16,102651,16,9.1410,11.1160,1789828199.6771
32,1,2,17,91848,16,7.2510,9.1290,1789828210.4179
32,1,2,18,120277,16,9.6210,11.8820,1789828224.2882
32,1,2,19,128516,16,10.4510,12.8670,1789828239.3763
32,1,2,20,130383,16,9.9600,12.4890,1789828253.5347
32,1,2,21,145391,16,11.7170,14.3930,1789828270.0499
32,1,2,22,122807,16,9.9240,12.2540,1789828283.4603
32,1,2,23,338545,32,28.6800,35.3490,1789828320.1297
32,1,2,24,207606,16,16.1320,20.0610,1789828342.0523
32,1,2,25,113414,8,11.2570,13.4710,1789828357.6483
32,2,2,1,52246,14,5.1310,6.5480,1789828727.5808
32,2,2,2,51180,12,4.4530,5.8110,1789828734.5598
32,2,2,3,68756,16,5.9460,7.5930,1789828743.6060
32,2,2,4,67177,16,6.1410,7.9350,1789828753.3714
32,2,2,5,79141,16,7.9580,9.9570,1789828764.8351
32,2,2,6,86150,15,7.7010,9.7090,1789828776.1883
32,2,2,7,90360,16,7.1310,8.9230,1789828786.4229
32,2,2,8,94546,16,7.5160,9.8620,1789828797.4308
32,2,2,9,123961,16,9.7900,12.0760,1789828810.9053
32,2,2,10,166999,16,12.8200,15.8900,1789828828.6324
32,2,2,11,147835,16,13.5640,16.3180,1789828846.7428
32,2,2,12,116913,16,9.4080,11.6450,1789828859.7524
32,2,2,13,138595,16,11.5420,14.1330,1789828875.0250
32,2,2,14,211960,16,18.5040,22.5270,1789828898.8390
32,2,2,15,454995,32,39.4450,48.4310,1789828949.5264
32,2,2,16,215734,16,17.5960,21.6780,1789828973.4213
32,3,2,1,26757,8,2.5810,3.9170,1789829344.1787
32,3,2,2,40224,12,3.7570,5.1240,1789829350.7620
32,3,2,3,46922,15,4.7820,6.1070,1789829358.0636
32,3,2,4,61148,16,5.6280,7.2550,1789829366.5553
32,3,2,5,60768,15,5.8750,7.9070,1789829376.4801
32,3,2,6,81571,16,7.8990,9.6200,1789829387.2343
32,3,2,7,98619,16,7.7200,9.6140,1789829398.9549
32,3,2,8,77586,16,6.8340,8.5590,1789829408.6417
32,3,2,9,130030,16,10.0190,12.3850,1789829422.9170
32,3,2,10,94653,15,8.3830,10.6020,1789829434.8276
32,3,2,11,144145,16,10.9430,13.6410,1789829450.1010
32,3,2,12,144343,16,11.1590,13.8850,1789829465.3190
32,3,2,13,135110,16,11.7660,14.4050,1789829481.0270
32,3,2,14,177126,16,16.0290,19.3120,1789829501.8740
32,3,2,15,342062,32,28.2450,34.7850,1789829538.0400
32,3,2,16,223744,16,19.5200,23.8330,1789829563.9442
32,3,2,17,76477,8,7.1400,8.6000,1789829573.8135
32,4,2,1,13804,4,1.7210,2.6260,1789829903.4220
32,4,2,2,26080,8,2.6230,3.3490,1789829908.6608
32,4,2,3,28583,8,3.0310,3.7750,1789829913.9535
32,4,2,4,34873,12,4.4100,5.8560,1789829921.2157
32,4,2,5,35097,10,3.9220,4.9720,1789829927.3597
32,4,2,6,30171,9,3.7170,4.6310,1789829933.0892
32,4,2,7,38743,13,4.5030,5.8380,1789829940.4087
32,4,2,8,44299,13,4.5070,5.9140,1789829947.6987
32,4,2,9,39015,10,3.4910,4.5590,1789829954.0718
32,4,2,10,44879,12,4.6030,6.2150,1789829961.8006
32,4,2,11,66766,16,6.0850,7.8190,1789829970.7226
32,4,2,12,66799,15,5.7190,7.8980,1789829980.1823
32,4,2,13,63625,15,5.9810,7.5430,1789829988.8834
32,4,2,14,107026,16,8.3750,10.8420,1789830001.2302
32,4,2,15,104817,16,8.2570,10.3810,1789830013.2354
32,4,2,16,172107,16,13.8590,17.1110,1789830031.8130
32,4,2,17,157313,16,12.5320,15.4280,1789830049.0427
32,4,2,18,129269,16,11.8890,14.5030,1789830064.8008
32,4,2,19,133745,16,10.8040,13.5650,1789830079.8334
32,4,2,20,466618,32,40.6630,49.7420,1789830131.0003
32,4,2,21,223194,16,18.9880,23.3220,1789830155.8224
32,5,2,1,62881,16,7.0980,9.1530,1789830522.1242
32,5,2,2,67759,16,6.6360,8.2960,1789830531.5486
32,5,2,3,77323,16,6.8980,8.6170,1789830541.3206
32,5,2,4,103647,16,8.7380,10.7380,1789830553.5336
32,5,2,5,87531,16,7.2390,9.0080,1789830564.5450
32,5,2,6,144050,16,10.8400,13.4540,1789830579.3560
32,5,2,7,105511,16,8.4960,10.5440,1789830591.0704
32,5,2,8,134343,16,11.2770,13.9090,1789830606.9786
32,5,2,9,115426,16,10.2150,12.4420,1789830620.9801
32,5,2,10,150148,16,12.8920,15.6690,1789830637.8320
32,5,2,11,343558,32,28.1060,34.8870,1789830674.9841
32,5,2,12,117699,16,10.0260,12.4250,1789830688.6298
32,5,2,13,100835,8,7.6070,9.4420,1789830700.2172
32,5,2,14,119074,8,10.1660,12.3630,1789830715.1416
32,6,2,1,77957,15,6.4910,8.2640,1789831099.6403
32,6,2,2,96226,16,7.4340,9.3500,1789831110.8829
32,6,2,3,84478,15,6.8280,8.5510,1789831120.6049
32,6,2,4,102526,16,8.4040,10.3890,1789831132.1928
32,6,2,5,138848,16,11.0330,13.6200,1789831147.5155
32,6,2,6,119184,16,8.9810,11.6440,1789831160.6320
32,6,2,7,97079,16,8.1800,10.2350,1789831172.0700
32,6,2,8,165771,16,13.6860,16.8400,1789831190.1309
32,6,2,9,108577,16,9.2090,11.4590,1789831202.8784
32,6,2,10,103289,16,8.5610,10.6960,1789831214.8217
32,6,2,11,147408,16,12.0040,14.7580,1789831230.7611
32,6,2,12,103583,16,8.4210,10.4540,1789831242.3679
32,6,2,13,371974,32,30.0340,37.1350,1789831281.4221
32,6,2,14,211440,16,17.0740,21.1110,1789831304.1159
32,6,2,15,114168,8,9.8250,11.9680,1789831318.4957
32,7,2,1,58108,15,5.4560,7.0080,1789831717.8426
32,7,2,2,80323,16,6.6900,8.7400,1789831727.9326
32,7,2,3,86658,15,8.0950,9.8510,1789831739.3733
32,7,2,4,113172,16,9.2320,11.3260,1789831751.9024
32,7,2,5,87462,16,7.2820,9.1550,1789831762.1998
32,7,2,6,91453,14,7.7890,9.6860,1789831773.0450
32,7,2,7,112717,16,9.0350,11.7010,1789831786.2847
32,7,2,8,142521,16,11.0250,13.6840,1789831801.1678
32,7,2,9,158814,16,12.7230,15.6330,1789831818.4817
32,7,2,10,158998,16,13.0790,16.0600,1789831836.4876
32,7,2,11,405676,32,34.6480,42.7750,1789831881.3584
32,7,2,12,178560,16,16.1600,19.5840,1789831902.1497
32,7,2,13,113699,8,10.0560,12.2720,1789831916.1101
32,8,2,1,21766,6,1.9240,2.4950,1789832292.4655
32,8,2,2,21660,6,3.7910,4.3350,1789832297.8202
32,8,2,3,30512,9,3.0790,3.8830,1789832303.0145
32,8,2,4,24449,7,2.4280,3.1190,1789832307.1506
32,8,2,5,34839,11,3.7820,5.2490,1789832313.5156
32,8,2,6,35458,10,4.3370,5.4790,1789832320.4404
32,8,2,7,59991,16,5.7810,7.4410,1789832329.0144
32,8,2,8,63130,15,5.4850,7.2820,1789832338.0100
32,8,2,9,64884,16,6.7340,8.4550,1789832347.5723
32,8,2,10,91341,16,7.8130,9.6280,1789832358.3501
32,8,2,11,88938,16,7.3060,9.6050,1789832369.5639
32,8,2,12,106089,16,9.4190,11.4290,1789832382.1403
32,8,2,13,76028,14,7.5310,9.2140,1789832392.6623
32,8,2,14,119857,16,9.6080,11.9280,1789832406.4136
32,8,2,15,148724,16,13.0670,15.9630,1789832423.6201
32,8,2,16,167045,16,14.0180,17.2060,1789832442.1804
32,8,2,17,358976,32,30.3550,37.2420,1789832481.0546
32,8,2,18,236973,16,19.3030,23.8020,1789832506.3008
32,8,2,19,101681,8,8.5610,10.4530,1789832518.1943
32,9,2,1,120754,16,10.4730,13.1580,1789832992.1737
32,9,2,2,160507,16,12.8720,15.8180,1789833009.9595
32,9,2,3,222341,16,17.6610,21.9450,1789833033.4049
32,9,2,4,399531,32,32.7460,40.2320,1789833075.9104
32,9,2,5,162195,16,13.8150,16.9380,1789833094.3059
32,9,2,6,75046,8,6.1350,7.5330,1789833103.1305
32,9,2,7,120394,8,10.2900,12.5070,1789833117.0899
32,10,2,1,124997,16,9.9450,13.1130,1789833598.9536
32,10,2,2,139806,16,11.0410,13.6230,1789833614.9717
32,10,2,3,149094,16,11.3760,14.1200,1789833631.1670
32,10,2,4,142443,16,11.5280,14.2500,1789833646.6662
32,10,2,5,123078,16,10.1630,12.5890,1789833660.4716
32,10,2,6,195342,16,16.1580,20.1870,1789833682.3626
32,10,2,7,155090,16,13.1470,16.0670,1789833699.8183
32,10,2,8,175813,16,15.5580,18.9250,1789833720.0216
32,10,2,9,395056,32,33.6600,41.2750,1789833763.3102
32,10,2,10,267097,16,24.0550,29.3970,1789833794.7422
32,11,2,1,91067,16,7.7190,9.4410,1789834207.9844
32,11,2,2,90082,16,6.9360,8.8570,1789834218.3273
32,11,2,3,84880,16,7.0990,9.3500,1789834228.9996
32,11,2,4,105635,16,8.5270,10.5330,1789834240.6979
32,11,2,5,86459,15,7.2520,9.1000,1789834251.5551
32,11,2,6,110174,16,9.3080,11.4720,1789834264.1621
32,11,2,7,142999,16,11.2830,13.8870,1789834279.8741
32,11,2,8,174190,16,14.8570,18.3460,1789834299.4947
32,11,2,9,152437,16,11.8420,14.6540,1789834315.6185
32,11,2,10,318639,32,25.9270,32.0960,1789834349.1709
32,11,2,11,185598,16,16.6600,20.2200,1789834370.8126
32,11,2,12,132380,8,12.3900,14.8750,1789834387.0616
32,11,2,13,136245,8,11.2150,13.8410,1789834402.5887
32,12,2,1,201473,16,17.3280,21.8280,1789834946.2769
32,12,2,2,331933,32,27.1840,33.5430,1789834981.2329
32,12,2,3,210637,16,18.5930,22.7330,1789835005.3573
32,12,2,4,114816,8,10.0010,12.2200,1789835019.2661
32,12,2,5,130600,8,10.3090,12.7330,1789835034.2308
32,13,2,1,151874,16,11.9030,14.7650,1789835526.4140
32,13,2,2,107508,16,9.1240,11.3730,1789835539.3499
32,13,2,3,135463,16,11.3210,13.9470,1789835554.6448
32,13,2,4,103085,16,8.8220,11.0190,1789835567.2582
32,13,2,5,342682,31,29.1830,35.8670,1789835604.7683
32,13,2,6,186718,16,14.7730,18.2650,1789835625.9342
32,13,2,7,106590,8,9.2320,11.2690,1789835639.1754
32,14,2,1,145932,16,11.9880,15.2100,1789836187.9934
32,14,2,2,207543,16,18.2290,22.2990,1789836212.5882
32,14,2,3,202219,16,16.4730,20.3410,1789836234.1347
32,14,2,4,444395,32,37.7390,46.3760,1789836282.0124
32,14,2,5,255972,16,21.6920,26.9240,1789836310.9853
32,14,2,6,125565,8,9.9800,12.3070,1789836324.6765
32,15,2,1,59782,16,6.5120,8.4390,1789836682.3027
32,15,2,2,74425,16,6.1190,7.7710,1789836691.1757
32,15,2,3,60885,16,5.8940,7.5460,1789836700.7058
32,15,2,4,81389,16,6.5050,8.6810,1789836711.1690
32,15,2,5,51460,11,4.5460,5.7630,1789836719.5238
32,15,2,6,98782,15,7.8210,9.7760,1789836730.4400
32,15,2,7,113738,16,8.9240,11.4320,1789836743.3628
32,15,2,8,85767,15,7.0000,8.7390,1789836754.1115
32,15,2,9,161476,16,12.9950,16.0460,1789836771.4843
32,15,2,10,171698,16,13.1880,16.3420,1789836789.0799
32,15,2,11,362701,32,30.2060,37.0210,1789836827.4956
32,15,2,12,177787,16,15.9090,19.4740,1789836848.2897
32,15,2,13,107222,8,10.3160,12.3520,1789836861.8772
32,16,2,1,41910,14,5.5410,7.1340,1789837199.1134
32,16,2,2,41641,13,3.9680,5.7470,1789837206.2388
32,16,2,3,52129,15,4.7040,6.2130,1789837214.5311
32,16,2,4,64591,16,5.4110,7.3850,1789837222.9864
32,16,2,5,54904,16,5.2610,6.7220,1789837230.7049
32,16,2,6,58557,13,5.0580,6.3090,1789837238.0814
32,16,2,7,81837,16,6.7420,8.4520,1789837247.6099
32,16,2,8,97332,16,7.6300,9.4990,1789837258.8648
32,16,2,9,90133,16,7.1040,8.8980,1789837268.8796
32,16,2,10,59513,13,5.2580,6.6650,1789837276.6926
32,16,2,11,82382,15,7.8440,9.6410,1789837287.4647
32,16,2,12,122756,16,10.5650,12.9400,1789837301.9010
32,16,2,13,134381,16,11.1180,13.8260,1789837317.0191
32,16,2,14,120581,16,10.5780,12.8620,1789837331.2223
32,16,2,15,166385,16,14.7070,17.8240,1789837350.4195
32,16,2,16,160949,16,13.2010,16.1980,1789837368.0803
32,16,2,17,160174,16,12.6910,15.7280,1789837385.9018
32,16,2,18,324043,32,25.1150,31.2980,1789837418.4471
32,16,2,19,210218,16,17.0100,20.9870,1789837440.8692
32,16,2,20,102619,8,9.3570,11.2670,1789837453.6129
32,17,2,1,113288,16,8.8710,11.7860,1789837985.7521
32,17,2,2,89283,15,7.3390,9.5120,1789837996.7344
32,17,2,3,78772,16,7.8360,9.6790,1789838007.8314
32,17,2,4,120838,16,9.9070,12.2650,1789838021.3998
32,17,2,5,113379,16,10.3870,12.7100,1789838035.3397
32,17,2,6,127111,15,10.2400,12.8090,1789838049.3595
32,17,2,7,103484,14,9.0020,11.1960,1789838062.4807
32,17,2,8,146298,13,13.6400,16.6230,1789838080.4293
32,17,2,9,149402,16,12.6540,15.5910,1789838097.4306
32,17,2,10,531068,32,48.8150,59.5030,1789838158.5192
32,17,2,11,444288,32,37.5160,46.3650,1789838207.1758
32,18,2,1,95325,16,7.6400,10.1330,1789838635.2470
32,18,2,2,108712,16,9.4810,11.4580,1789838647.7709
32,18,2,3,81736,16,7.7510,9.4910,1789838658.3196
32,18,2,4,92497,16,7.9180,10.0000,1789838669.8542
32,18,2,5,188194,16,14.9960,18.5580,1789838690.3147
32,18,2,6,141112,15,10.9680,13.7330,1789838706.4958
32,18,2,7,171225,16,14.5820,17.9000,1789838725.5053
32,18,2,8,113052,16,10.0900,12.7230,1789838739.4812
32,18,2,9,194671,16,15.6580,19.3260,1789838760.3829
32,18,2,10,281362,16,26.9440,32.7110,1789838794.3666
32,18,2,11,98712,8,9.6970,11.5120,1789838807.5473
32,19,2,1,34763,11,3.4380,4.4940,1789839173.8234
32,19,2,2,33442,11,3.8190,5.4250,1789839180.3488
32,19,2,3,39310,13,3.9710,5.6210,1789839187.0610
32,19,2,4,44402,13,4.1600,5.3630,1789839194.1556
32,19,2,5,57012,14,4.6470,6.4260,1789839201.9946
32,19,2,6,79549,16,6.6810,8.4190,1789839211.7054
32,19,2,7,44241,11,4.3010,5.5020,1789839219.5372
32,19,2,8,101681,16,7.8660,9.8710,1789839230.6368
32,19,2,9,82383,16,7.0570,9.3870,1789839241.8395
32,19,2,10,99937,16,7.6640,9.5700,1789839252.5124
32,19,2,11,105426,16,9.7490,11.9080,1789839265.5315
32,19,2,12,150017,16,12.6170,15.4420,1789839282.1827
32,19,2,13,115405,16,9.5090,11.7610,1789839295.4099
32,19,2,14,104973,15,10.0190,12.2010,1789839308.7283
32,19,2,15,156648,16,12.5650,15.4310,1789839325.6217
32,19,2,16,327666,32,26.1530,32.5850,1789839359.4227
32,19,2,17,206824,16,17.5640,21.5720,1789839382.2719
32,19,2,18,135987,8,11.1420,13.7010,1789839397.3338
32,19,2,19,142070,8,12.3380,15.0530,1789839414.9835
32,0,3,1,85280,16,15.3720,28.5560,1789827568.2121
32,0,3,2,68160,16,5.6950,7.3330,1789827577.0607
32,0,3,3,85769,16,7.1020,9.1300,1789827587.6002
32,0,3,4,100983,16,8.0690,10.0650,1789827598.8974
32,0,3,5,141505,16,11.7200,14.6930,1789827615.3255
32,0,3,6,98989,16,8.1460,10.2000,1789827626.8528
32,0,3,7,172794,16,13.4300,16.9450,1789827645.0178
32,0,3,8,153366,16,12.5550,15.4490,1789827662.2208
32,0,3,9,310451,32,26.0280,32.0440,1789827695.7424
32,0,3,10,251117,16,21.9280,26.6910,1789827723.8093
32,0,3,11,132137,8,11.8050,14.3040,1789827739.9474
32,0,3,12,133245,8,10.6440,13.1060,1789827754.5879
32,1,3,1,113570,16,8.3750,10.4740,1789828209.4449
32,1,3,2,142319,16,11.4650,14.4990,1789828225.4197
32,1,3,3,112257,16,9.9990,12.0730,1789828238.6197
32,1,3,4,83597,13,6.8580,8.4680,1789828248.2506
32,1,3,5,120583,16,10.3340,12.5750,1789828262.0588
32,1,3,6,170576,16,14.4130,17.6630,1789828281.2727
32,1,3,7,166602,16,13.2930,16.4300,1789828299.2148
32,1,3,8,231116,16,18.3830,22.8480,1789828324.3549
32,1,3,9,180036,16,14.3870,17.8020,1789828343.9159
32,1,3,10,86076,8,6.9550,8.5090,1789828353.6906
32,2,3,1,20329,6,2.0660,2.7690,1789828676.0197
32,2,3,2,23684,7,2.8500,3.7590,1789828680.9323
32,2,3,3,35876,12,4.5000,5.7930,1789828688.2598
32,2,3,4,32521,11,4.1060,5.2340,1789828694.5923
32,2,3,5,46519,15,5.1510,6.7590,1789828702.6725
32,2,3,6,42311,12,4.4650,6.1340,1789828709.9413
32,2,3,7,49697,15,5.1900,6.7040,1789828717.8374
32,2,3,8,49840,15,6.4840,8.1990,1789828727.1957
32,2,3,9,59676,15,5.4860,6.9920,1789828735.4805
32,2,3,10,57310,14,5.2190,6.6640,1789828743.2777
32,2,3,11,72408,16,6.2340,8.4090,1789828753.3836
32,2,3,12,84136,16,6.6440,8.6630,1789828763.4809
32,2,3,13,80220,16,6.5690,8.3080,1789828773.1746
32,2,3,14,63404,15,5.6270,7.6090,1789828782.5487
32,2,3,15,90553,16,8.0060,9.9120,1789828793.6844
32,2,3,16,114912,16,8.4030,10.4760,1789828805.4287
32,2,3,17,121481,16,10.1460,12.4450,1789828819.1676
32,2,3,18,131369,16,10.5310,12.9660,1789828833.8206
32,2,3,19,162245,16,13.7470,16.7600,1789828851.9001
32,2,3,20,184580,16,15.4830,18.9790,1789828873.2172
32,2,3,21,169102,16,14.0520,17.5770,1789828892.0704
32,2,3,22,338752,32,28.3430,34.9010,1789828929.5144
32,2,3,23,154948,16,13.4440,16.3480,1789828947.1493
32,2,3,24,113760,8,8.7000,10.7260,1789828959.4942
32,3,3,1,20778,6,1.9660,3.0150,1789829330.6403
32,3,3,2,33337,10,4.0000,4.9370,1789829337.2954
32,3,3,3,27999,8,3.0580,3.7970,1789829342.8828
32,3,3,4,37344,12,3.7120,4.8000,1789829349.2206
32,3,3,5,37785,12,4.1390,5.2150,1789829355.4357
32,3,3,6,29228,8,3.1080,3.8280,1789829360.4703
32,3,3,7,62771,16,5.6820,7.2720,1789829368.8138
32,3,3,8,65224,16,5.8590,7.5910,1789829377.5313
32,3,3,9,90583,16,7.6740,10.0020,1789829388.9621
32,3,3,10,93496,16,7.5200,9.3550,1789829399.5011
32,3,3,11,94050,15,7.8980,9.7320,1789829410.6764
32,3,3,12,88579,16,7.1660,9.1340,1789829421.1546
32,3,3,13,95216,15,7.7330,9.6260,1789829432.0005
32,3,3,14,115781,16,9.2780,11.5280,1789829445.5451
32,3,3,15,153659,16,13.1120,15.9270,1789829462.7730
32,3,3,16,155312,16,12.7800,15.7360,1789829480.1398
32,3,3,17,168520,16,14.5560,17.9300,1789829500.1770
32,3,3,18,380526,32,31.7180,38.9840,1789829540.9438
32,3,3,19,238922,16,20.7320,25.5070,1789829567.8875
32,3,3,20,104191,8,8.8260,10.7900,1789829580.0920
32,4,3,1,119114,16,9.4120,12.0970,1789830039.3017
32,4,3,2,174258,16,13.6930,16.9150,1789830057.7523
32,4,3,3,149349,16,12.1460,14.9920,1789830074.0765
32,4,3,4,360436,32,31.5530,38.6240,1789830114.0706
32,4,3,5,217006,16,16.9640,21.0970,1789830136.5844
32,4,3,6,48999,8,4.8980,5.9880,1789830143.9344
32,4,3,7,118847,8,9.4670,11.9100,1789830157.6719
32,5,3,1,16727,5,1.9520,3.0110,1789830431.8891
32,5,3,2,19265,6,1.8950,2.4390,1789830436.2147
32,5,3,3,30605,9,3.4350,4.4280,1789830441.7558
32,5,3,4,29330,9,3.0330,3.8750,1789830447.4931
32,5,3,5,29449,9,3.2260,4.0710,1789830452.6966
32,5,3,6,31474,9,3.2420,4.2070,1789830458.0876
32,5,3,7,36822,11,4.2010,5.5930,1789830465.2888
32,5,3,8,38202,12,4.1760,5.3910,1789830471.8040
32,5,3,9,42998,13,5.0700,6.3650,1789830479.2717
32,5,3,10,47059,15,5.3540,6.8790,1789830487.4373
32,5,3,11,53419,15,5.1850,7.0710,1789830496.3297
32,5,3,12,47490,16,5.5000,7.1120,1789830504.6000
32,5,3,13,46589,13,4.7210,6.6040,1789830512.9533
32,5,3,14,55436,15,5.4500,7.2260,1789830522.2626
32,5,3,15,74443,16,6.8990,8.6700,1789830532.0891
32,5,3,16,78741,15,6.4060,8.8250,1789830542.8520
32,5,3,17,81591,16,7.3050,9.1790,1789830553.3177
32,5,3,18,88522,16,7.3030,9.4170,1789830564.6142
32,5,3,19,118722,16,8.9500,11.0940,1789830577.1184
32,5,3,20,130067,16,9.8870,12.3030,1789830590.5466
32,5,3,21,97355,16,8.7250,10.9370,1789830603.3338
32,5,3,22,158599,16,13.6680,16.6880,1789830621.2780
32,5,3,23,155222,16,12.0720,14.9920,1789830638.5837
32,5,3,24,372690,32,31.6850,38.9520,1789830679.1199
32,5,3,25,182524,16,15.5550,19.0900,1789830700.0538
32,5,3,26,122701,8,10.5680,12.8440,1789830715.3119
32,6,3,1,22753,7,3.2170,4.4560,1789831012.9869
32,6,3,2,30084,9,3.8860,5.0110,1789831019.2224
32,6,3,3,28186,8,3.2990,4.1990,1789831024.8393
32,6,3,4,34241,11,4.0160,5.1370,1789831032.8610
32,6,3,5,42585,14,4.9410,6.3510,1789831040.7850
32,6,3,6,40000,14,4.8090,6.2620,1789831048.2329
32,6,3,7,50363,16,5.8600,7.4800,1789831056.8371
32,6,3,8,44817,13,4.2620,5.5140,1789831063.4203
32,6,3,9,57340,16,4.9760,6.4540,1789831070.9427
32,6,3,10,47126,13,4.1760,5.4060,1789831077.4464
32,6,3,11,49758,13,4.3070,5.5420,1789831084.7699
32,6,3,12,71101,16,5.9000,7.3970,1789831094.0590
32,6,3,13,46324,11,5.4380,6.7780,1789831101.9439
32,6,3,14,75336,16,6.3720,8.5130,1789831112.5187
32,6,3,15,108569,16,8.4080,10.4950,1789831124.4356
32,6,3,16,95260,16,8.0940,10.2570,1789831136.8134
32,6,3,17,100215,16,8.8120,10.7450,1789831148.7302
32,6,3,18,91219,16,7.8810,9.8860,1789831159.7733
32,6,3,19,128441,16,10.1630,12.5650,1789831173.6318
32,6,3,20,155638,16,12.9340,15.9850,1789831191.4731
32,6,3,21,154693,16,12.1230,14.9820,1789831207.9604
32,6,3,22,181783,16,14.2030,17.5720,1789831227.6608
32,6,3,23,204639,16,17.1670,21.0850,1789831250.7586
32,6,3,24,393060,32,32.3350,39.8060,1789831291.9940
32,6,3,25,209831,16,17.7250,21.8070,1789831316.2675
32,7,3,1,12889,4,1.4820,1.8980,1789831631.6660
32,7,3,2,16784,5,2.1540,2.9230,1789831636.2766
32,7,3,3,31075,9,3.6850,4.8570,1789831642.3425
32,7,3,4,31045,9,3.5480,4.4740,1789831648.7284
32,7,3,5,32395,11,3.8480,4.9590,1789831654.8852
32,7,3,6,36488,12,4.1510,5.3900,1789831661.9334
32,7,3,7,40780,11,4.1460,5.3210,1789831669.0149
32,7,3,8,51390,15,4.8210,6.2300,1789831676.7420
32,7,3,9,51955,14,4.7880,6.0430,1789831684.2222
32,7,3,10,57526,16,5.1280,6.5680,1789831692.6118
32,7,3,11,51864,15,4.8320,6.2670,1789831699.8862
32,7,3,12,53126,14,5.0750,6.3410,1789831707.4890
32,7,3,13,77911,16,6.2750,7.9460,1789831716.6191
32,7,3,14,70234,16,6.7950,8.5310,1789831726.2707
32,7,3,15,88059,16,7.9490,9.7090,1789831737.0597
32,7,3,16,90033,16,8.1620,10.0470,1789831748.6158
32,7,3,17,113004,16,9.4300,11.4900,1789831761.4369
32,7,3,18,113751,16,9.2800,11.5290,1789831774.1892
32,7,3,19,120064,16,9.5790,11.8450,1789831787.1846
32,7,3,20,131436,16,10.6020,13.0830,1789831802.0046
32,7,3,21,125740,16,9.9000,12.6160,1789831815.8896
32,7,3,22,140638,16,12.0580,14.8750,1789831833.1221
32,7,3,23,434502,32,36.5060,44.8190,1789831880.6158
32,7,3,24,217373,16,18.7520,22.9300,1789831904.9678
32,8,3,1,47373,14,4.7600,6.6110,1789832317.5235
32,8,3,2,42063,12,4.2260,5.5170,1789832324.3347
32,8,3,3,57557,16,5.4880,7.1430,1789832333.4154
32,8,3,4,70729,15,6.4800,8.0850,1789832342.7786
32,8,3,5,83787,16,7.4210,9.1170,1789832353.0636
32,8,3,6,92116,16,7.6730,9.4470,1789832363.9106
32,8,3,7,91358,16,7.2540,9.0820,1789832374.6027
32,8,3,8,107287,16,8.4420,10.8510,1789832387.4967
32,8,3,9,99090,16,9.3160,11.4110,1789832400.5533
32,8,3,10,116314,16,9.9840,12.5370,1789832414.3143
32,8,3,11,121409,16,9.9960,12.2020,1789832427.8934
32,8,3,12,186722,16,14.5030,17.9210,1789832447.7383
32,8,3,13,347928,32,27.1540,33.6600,1789832483.0879
32,8,3,14,219952,16,17.2950,21.5170,1789832506.3448
32,8,3,15,100277,8,9.9110,11.7550,1789832519.4076
32,9,3,1,39178,13,4.9040,6.3450,1789832867.8603
32,9,3,2,40832,14,4.8530,6.3170,1789832875.3219
32,9,3,3,41516,14,5.0810,6.5830,1789832883.0504
32,9,3,4,53107,15,5.7580,7.3170,1789832891.5687
32,9,3,5,47737,14,5.6800,7.2090,1789832899.8982
32,9,3,6,52218,14,5.1210,6.5670,1789832908.2785
32,9,3,7,78542,16,7.5050,9.7510,1789832919.1627
32,9,3,8,93732,16,7.6750,9.7080,1789832930.8127
32,9,3,9,96366,16,8.3590,10.2640,1789832942.2906
32,9,3,10,82498,15,6.5640,8.3230,1789832951.7936
32,9,3,11,107920,16,8.2780,10.4070,1789832963.3483
32,9,3,12,143954,16,11.4850,14.3270,1789832978.8073
32,9,3,13,142602,16,12.5240,15.1690,1789832995.2210
32,9,3,14,160709,16,13.3130,16.5750,1789833013.1582
32,9,3,15,149806,16,12.2490,15.0760,1789833029.9790
32,9,3,16,354211,32,28.8270,35.5140,1789833067.0977
32,9,3,17,241750,16,20.1710,24.7990,1789833093.3746
32,9,3,18,104804,8,8.0380,9.9550,1789833104.7942
32,10,3,1,31129,9,3.7970,4.8590,1789833524.5707
32,10,3,2,31949,9,3.3190,4.3240,1789833530.5002
32,10,3,3,42700,13,4.4320,5.8680,1789833538.7261
32,10,3,4,39470,13,4.4190,5.7200,1789833545.7949
32,10,3,5,44211,15,5.2260,6.7200,1789833554.4600
32,10,3,6,68807,16,6.1590,7.8080,1789833563.6755
32,10,3,7,79944,16,6.7190,8.4650,1789833573.4480
32,10,3,8,82902,15,7.0330,8.7930,1789833583.3449
32,10,3,9,84835,13,6.9030,8.6000,1789833593.3582
32,10,3,10,146890,16,11.6210,14.3070,1789833609.2027
32,10,3,11,133332,16,10.5670,13.0890,1789833623.7835
32,10,3,12,143971,16,11.5650,14.1930,1789833639.2340
32,10,3,13,195075,16,15.5790,19.2560,1789833660.4865
32,10,3,14,214759,16,18.9380,23.3680,1789833686.3499
32,10,3,15,159057,16,13.2920,16.3510,1789833704.7076
32,10,3,16,394550,32,31.8480,39.4520,1789833746.7771
32,10,3,17,220028,16,18.5680,22.7850,1789833770.8467
32,10,3,18,122528,8,9.6960,12.0180,1789833784.1524
32,10,3,19,126520,8,10.1940,12.8360,1789833798.8228
32,11,3,1,49902,14,4.9300,6.9700,1789834180.6882
32,11,3,2,59520,16,5.5690,7.4510,1789834190.2278
32,11,3,3,57083,16,5.9780,7.8960,1789834199.9458
32,11,3,4,55319,13,4.7400,6.5810,1789834208.5314
32,11,3,5,77335,16,6.3140,8.0340,1789834217.8444
32,11,3,6,77743,16,7.1440,9.1480,1789834228.8318
32,11,3,7,81658,16,7.0380,8.8640,1789834238.9144
32,11,3,8,91374,15,8.0500,9.9920,1789834250.0465
32,11,3,9,122426,16,9.6120,12.2160,1789834263.7012
32,11,3,10,141892,16,11.2560,13.8690,1789834279.7828
32,11,3,11,129860,16,9.8020,12.1930,1789834293.3278
32,11,3,12,165504,16,13.4050,16.4080,1789834312.0323
32,11,3,13,167358,16,13.4180,16.8830,1789834330.8930
32,11,3,14,458385,32,40.8860,50.0650,1789834382.4335
32,11,3,15,218600,16,19.5510,23.8430,1789834407.9948
32,12,3,1,24597,7,2.7550,3.7600,1789834775.8594
32,12,3,2,40449,14,5.1290,6.5290,1789834783.5974
32,12,3,3,43549,13,4.1570,5.6720,1789834791.5161
32,12,3,4,39871,11,3.6280,4.8130,1789834797.4584
32,12,3,5,66712,16,5.3450,7.8490,1789834807.0819
32,12,3,6,74650,16,6.1860,7.7500,1789834816.0198
32,12,3,7,88360,16,6.9190,8.6820,1789834826.0666
32,12,3,8,63541,14,5.4910,7.0070,1789834834.3846
32,12,3,9,84926,16,7.4860,9.2530,1789834845.0106
32,12,3,10,98650,16,7.6730,9.8780,1789834856.4458
32,12,3,11,135534,16,10.6330,13.9540,1789834871.6808
32,12,3,12,135614,16,11.2010,13.8150,1789834886.8934
32,12,3,13,169777,16,13.9140,17.0910,1789834905.9199
32,12,3,14,132926,16,10.5250,13.1050,1789834920.3022
32,12,3,15,190246,16,16.5950,20.5180,1789834942.1026
32,12,3,16,127397,16,10.4810,12.8680,1789834956.5669
32,12,3,17,399861,32,34.1250,41.7950,1789835000.0128
32,12,3,18,176956,16,16.5030,20.0790,1789835022.0067
32,12,3,19,97058,8,7.2150,8.9820,1789835033.5251
32,13,3,1,17444,5,2.4480,3.1280,1789835379.1987
32,13,3,2,21899,6,3.4360,4.1080,1789835384.4097
32,13,3,3,29738,9,3.2060,4.2430,1789835390.9011
32,13,3,4,36635,12,4.2570,5.4800,1789835397.4967
32,13,3,5,42857,14,4.3430,5.5930,1789835404.7615
32,13,3,6,42893,13,3.9940,5.1660,1789835411.4081
32,13,3,7,49148,14,4.4600,5.7870,1789835419.1515
32,13,3,8,68985,16,6.3400,7.8180,1789835428.7222
32,13,3,9,65508,16,5.9210,7.9680,1789835438.2682
32,13,3,10,80051,16,5.9820,7.8900,1789835448.0860
32,13,3,11,80330,16,6.2360,8.1410,1789835458.1811
32,13,3,12,93898,16,7.4050,9.4130,1789835469.5719
32,13,3,13,103520,16,7.8630,9.8040,1789835480.5407
32,13,3,14,93207,16,8.2930,10.2250,1789835492.0180
32,13,3,15,142596,16,11.8830,14.4850,1789835507.7255
32,13,3,16,107425,16,8.4450,10.5970,1789835520.5395
32,13,3,17,146590,16,11.6430,14.3950,1789835536.5521
32,13,3,18,125986,16,10.2540,12.7010,1789835550.4901
32,13,3,19,130598,16,11.2790,13.8920,1789835565.6772
32,13,3,20,404178,32,33.2210,41.1530,1789835608.7849
32,13,3,21,174441,16,14.8460,18.1570,1789835628.1704
32,13,3,22,117476,8,9.7320,12.6740,1789835642.4439
32,14,3,1,69438,15,6.8590,8.6100,1789836128.5923
32,14,3,2,106177,16,8.0940,10.5040,1789836140.6090
32,14,3,3,109741,14,9.2840,11.4900,1789836154.2431
32,14,3,4,106755,16,8.7500,10.9190,1789836166.5348
32,14,3,5,192551,16,16.6780,20.4020,1789836188.3109
32,14,3,6,130299,16,11.9450,14.5440,1789836204.2145
32,14,3,7,167206,16,14.1210,17.2900,1789836223.4414
32,14,3,8,183837,16,15.4840,18.9920,1789836244.4504
32,14,3,9,439306,32,35.7390,44.1740,1789836290.1212
32,14,3,10,243323,16,20.4140,25.0790,1789836316.6020
32,15,3,1,40987,13,4.5760,6.0730,1789836632.0559
32,15,3,2,31057,10,3.5470,4.5820,1789836638.5057
32,15,3,3,41489,11,3.8910,5.5110,1789836646.1628
32,15,3,4,56854,16,5.5850,7.5680,1789836655.4727
32,15,3,5,59401,15,6.2670,8.0910,1789836664.9846
32,15,3,6,57031,13,5.7780,7.5540,1789836674.7103
32,15,3,7,81078,16,7.1350,8.8310,1789836684.6860
32,15,3,8,80339,16,7.4990,9.1780,1789836695.6691
32,15,3,9,73981,16,6.6510,8.6770,1789836706.0647
32,15,3,10,68974,15,6.2900,7.9110,1789836716.0115
32,15,3,11,57513,13,5.0070,6.5460,1789836725.0269
32,15,3,12,99156,16,8.4990,10.4450,1789836736.5716
32,15,3,13,158995,16,12.7850,15.7050,1789836753.9044
32,15,3,14,128564,16,9.7460,12.2300,1789836767.4379
32,15,3,15,134001,16,11.3190,13.8190,1789836782.5849
32,15,3,16,350665,32,27.9570,34.7920,1789836819.5451
32,15,3,17,166963,16,14.1130,17.3070,1789836838.3210
32,15,3,18,151585,8,12.8690,15.9090,1789836856.7062
32,16,3,1,20045,6,2.8410,3.8790,1789837166.3460
32,16,3,2,23362,7,3.6340,4.3770,1789837172.0497
32,16,3,3,28466,8,3.0790,4.2120,1789837178.0619
32,16,3,4,34775,11,3.8120,5.0340,1789837184.2910
32,16,3,5,34535,11,3.8390,4.9590,1789837191.0530
32,16,3,6,43217,14,5.7430,7.1570,1789837199.4139
32,16,3,7,42178,13,3.9990,5.2960,1789837206.2276
32,16,3,8,43725,11,4.1130,5.2950,1789837212.9537
32,16,3,9,56817,16,5.1180,6.6070,1789837220.6436
32,16,3,10,62083,14,5.6320,7.1410,1789837228.9060
32,16,3,11,73993,16,6.4630,8.4350,1789837239.0293
32,16,3,12,80523,16,6.5410,8.5160,1789837249.5147
32,16,3,13,101312,16,7.9620,9.8900,1789837261.5234
32,16,3,14,105188,16,9.0610,11.0800,1789837273.8218
32,16,3,15,110828,16,9.6770,11.7510,1789837286.7778
32,16,3,16,96405,16,8.1690,10.1380,1789837298.6308
32,16,3,17,134011,16,10.2980,12.7910,1789837313.4543
32,16,3,18,112099,16,9.0180,11.1770,1789837326.6781
32,16,3,19,100137,15,8.5230,10.6230,1789837338.5095
32,16,3,20,128448,16,10.3290,13.0760,1789837352.8833
32,16,3,21,183167,16,15.6730,19.2210,1789837373.4099
32,16,3,22,141184,16,10.8460,13.5530,1789837389.2345
32,16,3,23,364967,32,30.1990,37.3620,1789837428.1691
32,16,3,24,181858,16,16.1910,19.7570,1789837449.2124
32,16,3,25,74774,8,7.0720,8.4970,1789837458.9798
32,17,3,1,20703,6,3.0100,4.0970,1789837834.4668
32,17,3,2,23992,7,2.5610,3.4640,1789837840.0037
32,17,3,3,23289,7,2.4430,3.1680,1789837845.0848
32,17,3,4,32038,11,4.0270,5.0410,1789837851.4308
32,17,3,5,35885,11,4.0630,5.8300,1789837858.3934
32,17,3,6,32420,10,3.3590,4.2610,1789837864.6453
32,17,3,7,23698,7,2.1730,2.8230,1789837868.5910
32,17,3,8,39833,13,3.9970,5.4410,1789837875.0723
32,17,3,9,46614,15,5.2080,6.7660,1789837883.5452
32,17,3,10,50416,16,6.4240,8.0810,1789837892.7666
32,17,3,11,46703,15,5.3260,6.8410,1789837900.7717
32,17,3,12,48797,15,6.0490,7.5510,1789837909.5274
32,17,3,13,47483,14,5.4610,6.9110,1789837917.8739
32,17,3,14,54134,14,6.0320,7.4710,1789837926.5237
32,17,3,15,59402,15,5.4760,7.0010,1789837935.2868
32,17,3,16,66179,15,5.9610,7.8350,1789837944.7163
32,17,3,17,82322,16,6.5820,8.8820,1789837955.5814
32,17,3,18,61298,14,5.5280,7.3930,1789837964.7347
32,17,3,19,81961,16,7.5100,9.2990,1789837975.3582
32,17,3,20,85151,16,7.2150,9.0580,1789837986.0802
32,17,3,21,97434,15,8.0000,9.9510,1789837997.2506
32,17,3,22,90569,14,7.6100,9.8060,1789838008.6044
32,17,3,23,134266,16,11.4350,13.9000,1789838023.7670
32,17,3,24,157488,16,11.8180,14.6780,1789838040.6830
32,17,3,25,186462,16,15.0210,18.5140,1789838061.2522
32,17,3,26,149225,16,12.1920,15.6180,1789838078.2040
32,17,3,27,193439,16,16.9560,20.8100,1789838101.0662
32,17,3,28,427817,32,34.7760,43.0330,1789838145.8485
32,17,3,29,264537,16,24.1820,29.4020,1789838176.6694
32,17,3,30,114844,8,9.5230,11.6510,1789838189.8417
32,18,3,1,128749,16,10.0110,12.5960,1789838674.7596
32,18,3,2,116017,16,10.1490,12.3940,1789838688.5910
32,18,3,3,104520,16,9.0060,11.5120,1789838702.3426
32,18,3,4,192886,16,16.3820,20.0520,1789838724.2689
32,18,3,5,118117,16,10.0590,12.3580,1789838737.8682
32,18,3,6,370871,32,29.8150,36.8040,1789838777.0144
32,18,3,7,215448,16,19.4620,23.7150,1789838802.0934
32,18,3,8,84688,8,7.6650,9.4360,1789838812.7508
32,19,3,1,24587,7,2.4470,3.5240,1789839163.4002
32,19,3,2,24962,7,2.3340,3.0310,1789839167.8295
32,19,3,3,32491,11,3.4900,4.5710,1789839173.9611
32,19,3,4,35477,11,3.7600,5.1560,1789839180.4267
32,19,3,5,45297,13,3.9420,5.3030,1789839186.9925
32,19,3,6,55182,16,5.1740,6.6210,1789839195.1448
32,19,3,7,59543,15,6.2170,8.0590,1789839204.3048
32,19,3,8,61145,16,6.1140,7.7690,1789839213.5785
32,19,3,9,82718,16,6.9580,9.2480,1789839224.8413
32,19,3,10,100083,16,8.9780,10.8900,1789839236.8897
32,19,3,11,100859,16,8.1940,10.1310,1789839248.1745
32,19,3,12,123217,16,9.6330,11.8920,1789839262.3589
32,19,3,13,87746,16,7.3740,9.2660,1789839273.4925
32,19,3,14,91859,13,8.1530,10.0050,1789839284.6704
32,19,3,15,92428,15,8.3470,10.2610,1789839296.4972
32,19,3,16,153164,16,13.8910,16.8650,1789839314.6650
32,19,3,17,122987,16,10.2990,12.7540,1789839329.4677
32,19,3,18,354424,32,30.0290,36.8290,1789839367.8809
32,19,3,19,182520,16,15.4840,18.9360,1789839387.9895
32,19,3,20,131020,8,11.9320,14.4390,1789839404.0835
32,19,3,21,123625,8,9.8070,12.0680,1789839417.7025
64,0,0,1,157060,16,19.4010,35.2060,1789840560.3779
64,0,0,2,146111,16,11.6830,14.4390,1789840576.5524
64,0,0,3,432501,32,37.1130,45.7100,1789840624.4557
64,0,0,4,255723,16,20.3530,25.2360,1789840650.9853
64,1,0,1,455556,32,36.1850,44.9910,1789841210.6800
64,1,0,2,239451,16,19.0040,23.7810,1789841236.4525
64,1,0,3,115181,8,11.4480,13.5980,1789841251.4543
64,2,0,1,84153,15,6.6640,8.5170,1789841659.2974
64,2,0,2,90553,16,7.3520,9.1360,1789841669.5430
64,2,0,3,114912,16,9.7180,11.8210,1789841682.5958
64,2,0,4,121481,16,9.5740,11.8530,1789841695.8620
64,2,0,5,161838,16,13.6360,16.7360,1789841713.9709
64,2,0,6,147835,16,11.9450,14.6750,1789841730.0344
64,2,0,7,156284,16,13.1890,16.1520,1789841748.7195
64,2,0,8,184580,16,15.9810,19.4700,1789841769.5492
64,2,0,9,171062,16,14.8450,18.0550,1789841788.7484
64,2,0,10,407403,32,35.1750,42.9040,1789841833.0518
64,2,0,11,208670,16,17.8890,21.7890,1789841856.3384
64,2,0,12,93021,8,7.9190,9.6780,1789841867.4096
64,3,0,1,20778,6,1.9650,3.2700,1789842180.0900
64,3,0,2,33337,10,3.5460,4.7890,1789842186.1570
64,3,0,3,27999,8,3.8640,4.6580,1789842192.1562
64,3,0,4,37344,12,3.6850,4.7720,1789842198.2719
64,3,0,5,37785,12,4.1850,5.5800,1789842205.1041
64,3,0,6,42346,12,4.7840,5.9800,1789842212.4427
64,3,0,7,29228,8,2.7170,3.8400,1789842217.4312
64,3,0,8,51776,15,4.8290,6.2390,1789842224.7335
64,3,0,9,62771,16,5.4680,7.3400,1789842234.0287
64,3,0,10,65224,16,5.9410,7.4610,1789842242.5536
64,3,0,11,91641,16,7.2430,9.0340,1789842252.8739
64,3,0,12,102934,16,7.4470,9.3070,1789842263.2852
64,3,0,13,115007,16,10.2500,12.4750,1789842276.8991
64,3,0,14,89523,14,6.7720,8.5470,1789842287.6635
64,3,0,15,143605,16,11.6530,14.4080,1789842303.3124
64,3,0,16,115781,16,9.9870,12.3550,1789842316.8043
64,3,0,17,153659,16,12.1870,14.9950,1789842333.0389
64,3,0,18,155312,16,12.4810,15.3770,1789842350.3471
64,3,0,19,168520,16,14.4720,17.8060,1789842370.2479
64,3,0,20,309313,32,25.1340,31.0080,1789842403.2412
64,3,0,21,213083,16,18.1590,22.4540,1789842427.5050
64,3,0,22,123907,8,11.0450,13.4350,1789842442.3060
64,3,0,23,104726,8,8.8170,10.7450,1789842454.4019
64,4,0,1,13804,4,1.3580,2.2500,1789842707.9444
64,4,0,2,26080,8,2.7810,3.6080,1789842712.5735
64,4,0,3,28583,8,2.7760,3.5700,1789842717.3671
64,4,0,4,34873,12,4.0830,5.3480,1789842723.8052
64,4,0,5,35097,10,3.3760,4.3860,1789842729.3184
64,4,0,6,30171,9,3.4350,4.2560,1789842734.7773
64,4,0,7,38743,13,4.4620,5.7980,1789842741.7024
64,4,0,8,39089,12,3.9620,5.0370,1789842747.7282
64,4,0,9,43105,14,4.3300,5.5760,1789842755.0505
64,4,0,10,48485,16,4.8140,6.3820,1789842762.9822
64,4,0,11,41606,13,4.1050,5.3050,1789842769.8686
64,4,0,12,39015,10,4.1410,5.4250,1789842776.6649
64,4,0,13,48763,14,4.4120,5.7550,1789842783.4382
64,4,0,14,57424,14,4.5410,5.8450,1789842790.4886
64,4,0,15,35121,9,2.9200,3.7280,1789842795.7951
64,4,0,16,66766,16,5.4440,6.9670,1789842803.7999
64,4,0,17,45143,14,5.0450,6.8130,1789842812.1132
64,4,0,18,66799,15,6.1760,7.7220,1789842821.3053
64,4,0,19,80902,16,6.5020,8.1570,1789842830.5806
64,4,0,20,107026,16,8.4890,10.4260,1789842842.0582
64,4,0,21,104817,16,8.1560,10.1000,1789842853.4572
64,4,0,22,172107,16,14.7540,18.0800,1789842872.8150
64,4,0,23,157313,16,11.8680,14.7660,1789842888.8490
64,4,0,24,150030,16,13.0340,15.7630,1789842906.0119
64,4,0,25,153643,16,11.6820,14.4940,1789842922.7844
64,4,0,26,330343,32,25.7120,31.9810,1789842956.6147
64,4,0,27,200418,16,15.4710,19.5300,1789842978.6296
64,4,0,28,72139,8,6.1420,7.4410,1789842987.5172
64,4,0,29,92812,8,8.6800,10.3700,1789842999.1668
64,4,0,30,121405,8,11.1930,13.4330,1789843014.0987
64,5,0,1,201266,16,16.8260,21.2640,1789843479.0564
64,5,0,2,317862,32,25.2520,31.1430,1789843511.7403
64,5,0,3,186258,16,14.8700,18.4990,1789843532.8288
64,5,0,4,54419,8,4.0660,5.0910,1789843539.3724
64,5,0,5,85411,8,6.9410,8.8000,1789843549.9806
64,6,0,1,217331,16,18.6980,22.8830,1789844106.0805
64,6,0,2,205211,16,17.7840,21.7220,1789844129.6856
64,6,0,3,114168,8,10.9270,13.0390,1789844144.0752
64,7,0,1,86658,15,6.7930,8.9190,1789844540.1500
64,7,0,2,90033,16,7.4000,9.2160,1789844550.6988
64,7,0,3,113004,16,9.2840,11.3220,1789844563.2069
64,7,0,4,113751,16,9.1450,11.3580,1789844575.6628
64,7,0,5,108782,15,8.1240,10.1970,1789844586.9801
64,7,0,6,124699,16,9.7050,12.4220,1789844600.6056
64,7,0,7,142521,16,10.2710,12.9630,1789844614.7689
64,7,0,8,146364,16,11.9740,14.6770,1789844630.9206
64,7,0,9,153431,16,12.2060,15.0330,1789844647.2572
64,7,0,10,177964,16,13.6900,16.9360,1789844665.4586
64,7,0,11,186098,16,14.8840,18.3870,1789844686.1774
64,7,0,12,227455,16,20.8130,25.2080,1789844712.6896
64,7,0,13,99965,8,7.9820,9.9180,1789844724.0867
64,8,0,1,44026,15,4.7360,6.0810,1789845065.9247
64,8,0,2,41046,12,5.2330,6.3130,1789845075.4718
64,8,0,3,47373,14,4.5020,5.8750,1789845082.5154
64,8,0,4,54756,16,5.2140,6.6950,1789845090.4582
64,8,0,5,63130,15,5.0350,6.5780,1789845098.1886
64,8,0,6,55261,14,4.8270,6.1120,1789845105.7294
64,8,0,7,75509,16,6.2730,7.8170,1789845114.5902
64,8,0,8,83787,16,6.2250,8.1590,1789845124.1159
64,8,0,9,91341,16,7.0080,9.1830,1789845135.4993
64,8,0,10,87354,15,7.1130,8.8710,1789845145.5112
64,8,0,11,108311,16,9.9720,12.1250,1789845158.8821
64,8,0,12,107287,16,8.3170,10.2950,1789845171.4755
64,8,0,13,72833,16,7.4450,9.1660,1789845181.7944
64,8,0,14,119857,16,9.0080,11.2830,1789845195.0485
64,8,0,15,121311,14,9.2820,12.6050,1789845208.9389
64,8,0,16,121409,16,8.8730,11.0400,1789845221.7681
64,8,0,17,101989,14,8.1410,10.3590,1789845233.6814
64,8,0,18,324902,32,26.0900,32.2530,1789845267.3397
64,8,0,19,234010,16,19.2220,23.6380,1789845292.4226
64,8,0,20,124423,8,10.7660,13.1000,1789845308.2293
64,8,0,21,69330,8,5.8750,7.2550,1789845316.8143
64,9,0,1,17570,5,1.5800,2.2120,1789845614.0117
64,9,0,2,18924,5,1.5900,2.0830,1789845617.1942
64,9,0,3,22568,6,1.8990,2.4480,1789845622.8533
64,9,0,4,29619,9,2.7940,3.6180,1789845628.3571
64,9,0,5,28744,9,3.1470,4.0370,1789845633.7256
64,9,0,6,39178,13,4.2570,5.6540,1789845640.4169
64,9,0,7,40832,14,4.7580,6.0860,1789845647.5794
64,9,0,8,45859,15,4.5310,5.8530,1789845654.7982
64,9,0,9,53107,15,4.7290,6.0620,1789845662.5452
64,9,0,10,52220,14,4.9910,6.3450,1789845670.6892
64,9,0,11,52218,14,4.7250,6.0220,1789845677.9129
64,9,0,12,67381,15,5.4650,6.8760,1789845685.8358
64,9,0,13,71208,15,5.6660,7.1330,1789845694.0622
64,9,0,14,80910,16,6.3990,8.3970,1789845703.9197
64,9,0,15,114324,16,8.8020,10.8960,1789845716.1035
64,9,0,16,99004,15,7.6970,9.5610,1789845726.7948
64,9,0,17,115129,16,9.7630,11.9020,1789845739.8038
64,9,0,18,72662,14,6.6460,8.3820,1789845749.4141
64,9,0,19,126640,16,10.7660,13.3050,1789845765.0582
64,9,0,20,120754,16,10.6480,13.1700,1789845779.9645
64,9,0,21,156676,16,12.1890,15.1070,1789845796.8950
64,9,0,22,170811,16,14.1260,17.2440,1789845816.7544
64,9,0,23,349371,32,28.2340,34.8760,1789845852.9592
64,9,0,24,252907,16,20.3230,25.5050,1789845880.0778
64,9,0,25,116398,8,10.2860,12.6670,1789845894.5914
64,10,0,1,38701,13,4.2830,5.8750,1789846297.6398
64,10,0,2,44415,13,4.8780,6.1160,1789846304.8849
64,10,0,3,45689,13,4.2630,5.9120,1789846312.9237
64,10,0,4,55032,14,4.5420,5.8490,1789846320.8205
64,10,0,5,68807,16,5.4280,6.8920,1789846328.8674
64,10,0,6,53191,14,4.7010,6.4310,1789846337.2916
64,10,0,7,84115,16,6.7470,8.4370,1789846346.7841
64,10,0,8,111434,16,8.4640,10.5990,1789846358.6626
64,10,0,9,127492,16,9.9450,12.9350,1789846372.7599
64,10,0,10,139806,16,10.9680,13.5120,1789846388.0772
64,10,0,11,158089,16,12.4420,15.3880,1789846404.7674
64,10,0,12,166056,16,14.3930,17.7240,1789846423.8015
64,10,0,13,123078,16,10.0370,12.3830,1789846437.8993
64,10,0,14,195342,16,15.5810,19.2680,1789846458.6177
64,10,0,15,178739,16,14.8580,18.1900,1789846478.1600
64,10,0,16,408751,32,34.5150,42.3380,1789846521.9208
64,10,0,17,162225,16,14.3060,17.3530,1789846541.0502
64,10,0,18,101403,8,8.3790,10.4500,1789846553.3329
64,10,0,19,125556,8,10.3750,12.6870,1789846567.8818
64,11,0,1,195539,16,15.3840,19.1140,1789847053.4180
64,11,0,2,149150,16,11.8270,14.5400,1789847069.6649
64,11,0,3,201809,16,16.0670,19.8350,1789847091.5687
64,11,0,4,409036,32,32.0170,39.6970,1789847133.0440
64,11,0,5,246302,16,20.6090,25.3760,1789847159.7959
64,12,0,1,73662,16,5.8970,7.5030,1789847529.8917
64,12,0,2,74650,16,6.0740,7.5920,1789847538.5727
64,12,0,3,69381,15,5.7170,7.1980,1789847546.8477
64,12,0,4,75335,16,6.3050,7.9570,1789847555.9172
64,12,0,5,84926,16,6.6550,8.3260,1789847565.3228
64,12,0,6,109551,16,8.5730,10.6400,1789847577.0533
64,12,0,7,135534,16,10.4780,12.9240,1789847591.1327
64,12,0,8,153513,16,12.6950,15.6110,1789847607.9062
64,12,0,9,139418,16,11.3020,13.9520,1789847623.0122
64,12,0,10,130847,15,10.3360,12.8540,1789847637.0500
64,12,0,11,174158,16,13.7030,16.9800,1789847655.2414
64,12,0,12,176736,16,14.7020,18.0390,1789847674.4598
64,12,0,13,316214,32,25.5210,31.5310,1789847707.2216
64,12,0,14,215772,16,19.4590,23.7120,1789847732.1043
64,12,0,15,97058,8,7.1990,8.9470,1789847742.3344
64,12,0,16,127841,8,11.1310,13.4950,1789847757.2390
64,13,0,1,80330,16,6.2250,7.8210,1789848123.6162
64,13,0,2,54491,14,5.0730,6.4130,1789848131.1884
64,13,0,3,93898,16,7.4800,9.3110,1789848141.5836
64,13,0,4,103520,16,7.6640,9.5830,1789848152.2502
64,13,0,5,93207,16,7.2130,8.9990,1789848162.3642
64,13,0,6,142596,16,11.1010,13.6720,1789848177.2087
64,13,0,7,107425,16,8.2430,10.2890,1789848188.7673
64,13,0,8,151874,16,11.7130,14.5370,1789848204.5291
64,13,0,9,143036,16,10.9300,13.5890,1789848219.4371
64,13,0,10,125986,16,9.6830,12.0650,1789848232.6110
64,13,0,11,130598,16,10.5240,13.0660,1789848246.8825
64,13,0,12,349723,32,29.4700,36.1670,1789848284.2951
64,13,0,13,209465,16,17.4750,21.5490,1789848307.2347
64,13,0,14,75689,8,6.1980,7.7410,1789848316.1275
64,14,0,1,15266,4,1.3180,1.7310,1789848633.3599
64,14,0,2,20196,6,1.8970,2.4520,1789848636.8889
64,14,0,3,23971,7,2.1910,2.8310,1789848640.8200
64,14,0,4,34424,11,3.4760,4.4570,1789848646.4597
64,14,0,5,32400,10,3.0090,3.8970,1789848651.3632
64,14,0,6,47672,16,5.0560,6.4800,1789848658.8962
64,14,0,7,51353,15,4.7510,6.3100,1789848666.2970
64,14,0,8,48836,13,4.1390,5.3190,1789848672.6806
64,14,0,9,54010,15,4.7620,6.1390,1789848679.8891
64,14,0,10,58635,15,4.9400,6.3250,1789848687.2977
64,14,0,11,63505,14,5.1850,6.5410,1789848694.9629
64,14,0,12,59173,15,5.1540,6.6240,1789848702.6600
64,14,0,13,78599,16,6.2700,7.9460,1789848711.6705
64,14,0,14,93283,16,6.9890,8.6770,1789848722.1847
64,14,0,15,79909,16,6.4130,7.9960,1789848731.2426
64,14,0,16,73249,14,5.5880,7.0650,1789848739.8220
64,14,0,17,101958,16,7.8440,9.7270,1789848750.7841
64,14,0,18,106177,16,7.9870,9.9900,1789848761.8837
64,14,0,19,99788,16,7.8360,9.8130,1789848772.8237
64,14,0,20,106755,16,8.3710,10.4440,1789848784.3945
64,14,0,21,192551,16,14.6190,18.2390,1789848803.8347
64,14,0,22,130299,16,10.7820,13.3450,1789848818.3220
64,14,0,23,131885,16,11.2460,13.8770,1789848833.3595
64,14,0,24,201000,16,16.8020,20.5730,1789848855.2622
64,14,0,25,191332,16,15.6250,19.2360,1789848875.7488
64,14,0,26,195091,16,16.2860,20.1470,1789848897.1113
64,14,0,27,231292,16,19.2700,23.7360,1789848922.0433
64,14,0,28,120701,8,10.5530,12.8330,1789848936.2227
64,14,0,29,115180,8,10.2750,12.5080,1789848950.3887
64,15,0,1,11107,3,1.3070,1.5880,1789849177.6220
64,15,0,2,22524,7,2.9100,3.6670,1789849182.4076
64,15,0,3,27811,8,3.0800,3.9030,1789849187.6075
64,15,0,4,25127,7,2.1540,2.8760,1789849191.6310
64,15,0,5,28121,8,2.5240,3.2590,1789849195.9687
64,15,0,6,35171,11,3.3850,4.3690,1789849201.3475
64,15,0,7,40987,13,3.9530,5.1130,1789849207.5553
64,15,0,8,31057,10,3.5640,4.5830,1789849213.2435
64,15,0,9,45107,14,5.0610,6.5600,1789849220.9043
64,15,0,10,52503,16,5.0050,6.4450,1789849228.5804
64,15,0,11,66890,16,5.4530,6.9790,1789849236.6070
64,15,0,12,45997,12,4.2240,5.4460,1789849243.2641
64,15,0,13,55104,14,4.9640,6.3440,1789849250.6414
64,15,0,14,74292,15,6.3340,8.1250,1789849260.0022
64,15,0,15,74425,16,5.8700,7.4060,1789849268.5421
64,15,0,16,80339,16,6.3100,7.9210,1789849277.6092
64,15,0,17,85857,16,6.7770,8.4550,1789849287.3013
64,15,0,18,81389,16,6.6260,8.2270,1789849296.6109
64,15,0,19,68974,15,5.8510,7.5010,1789849305.3133
64,15,0,20,98782,15,7.9370,9.8350,1789849316.2888
64,15,0,21,113738,16,8.9500,11.0600,1789849328.4866
64,15,0,22,85767,15,7.2650,8.9980,1789849338.5756
64,15,0,23,121491,16,9.6980,12.0000,1789849351.7927
64,15,0,24,170475,16,13.7300,16.8460,1789849369.8701
64,15,0,25,139085,16,10.9140,13.5970,1789849384.7651
64,15,0,26,375541,32,30.6700,37.7270,1789849423.8276
64,15,0,27,225066,16,17.7390,22.0710,1789849447.2126
64,16,0,1,219943,16,17.8440,21.9930,1789849984.8800
64,16,0,2,173093,16,14.5420,17.8050,1789850004.0814
64,16,0,3,89813,8,7.4070,9.0560,1789850014.3962
64,16,0,4,164849,8,14.2000,17.3840,1789850033.2388
64,17,0,1,114015,8,9.8760,12.0370,1789850686.9197
64,17,0,2,86018,8,7.1190,8.8120,1789850696.9796
64,17,0,3,132971,8,11.2830,13.7860,1789850712.0243
64,18,0,1,15208,4,1.7980,2.2220,1789850997.0131
64,18,0,2,21735,6,1.8990,2.4460,1789851000.5366
64,18,0,3,25574,7,2.2720,2.9090,1789851004.5766
64,18,0,4,38755,13,3.9750,5.1560,1789851010.8355
64,18,0,5,39910,14,4.3200,5.6240,1789851017.5512
64,18,0,6,41043,13,4.6390,5.8030,1789851024.4699
64,18,0,7,46159,15,4.7150,6.2350,1789851031.8029
64,18,0,8,48567,14,4.5920,5.8630,1789851038.7673
64,18,0,9,46191,13,4.1690,5.3350,1789851045.5150
64,18,0,10,42416,14,4.6580,5.8940,1789851052.4295
64,18,0,11,49341,16,5.0130,6.4450,1789851059.8602
64,18,0,12,49042,14,5.0740,6.4700,1789851067.4120
64,18,0,13,37539,10,3.4120,4.4660,1789851072.8654
64,18,0,14,61192,16,5.3100,6.7560,1789851080.6580
64,18,0,15,59170,16,5.2880,6.7520,1789851088.4985
64,18,0,16,68780,14,5.2970,7.0200,1789851096.5471
64,18,0,17,116508,16,9.3810,11.5400,1789851109.1692
64,18,0,18,93989,16,7.6950,9.5700,1789851119.8036
64,18,0,19,89247,16,7.0330,8.7810,1789851129.7059
64,18,0,20,107962,15,8.2220,10.4970,1789851141.4060
64,18,0,21,107286,16,8.9400,11.1870,1789851153.7996
64,18,0,22,133630,16,10.5480,13.1650,1789851168.0986
64,18,0,23,158369,16,11.5770,14.4770,1789851183.7664
64,18,0,24,167183,16,13.4740,16.5400,1789851201.5306
64,18,0,25,145263,16,11.4430,14.2450,1789851217.0160
64,18,0,26,386500,31,32.8990,40.4180,1789851258.7853
64,18,0,27,231403,16,19.4090,23.8960,1789851283.9871
64,19,0,1,63114,15,5.6130,7.0360,1789851639.3281
64,19,0,2,73936,15,5.7640,7.3110,1789851647.7313
64,19,0,3,61145,16,5.7780,7.2840,1789851656.0861
64,19,0,4,44241,11,3.9340,5.0160,1789851662.1410
64,19,0,5,82718,16,7.0370,8.7350,1789851671.9690
64,19,0,6,101681,16,7.8110,9.7080,1789851682.7742
64,19,0,7,100859,16,7.7120,9.5860,1789851693.4530
64,19,0,8,123217,16,9.4430,11.6640,1789851706.4182
64,19,0,9,87746,16,7.1470,8.9200,1789851716.4635
64,19,0,10,91859,13,7.1080,8.8900,1789851726.4450
64,19,0,11,127812,16,10.8120,13.3020,1789851740.8013
64,19,0,12,121397,16,9.1450,11.3760,1789851753.2539
64,19,0,13,138305,16,11.1210,13.7220,1789851768.1946
64,19,0,14,366154,32,29.9980,36.8950,1789851806.2976
64,19,0,15,326192,30,27.0330,33.4070,1789851841.0543
64,19,0,16,131020,8,10.6100,13.1030,1789851855.4578
64,0,1,1,75042,16,14.0470,25.3210,1789840456.0737
64,0,1,2,80424,16,6.9810,8.6500,1789840465.8949
64,0,1,3,85769,16,7.4350,9.1750,1789840476.2751
64,0,1,4,96134,16,7.8570,9.6680,1789840487.0243
64,0,1,5,127446,16,10.4190,12.9330,1789840501.1904
64,0,1,6,163092,16,13.1530,16.1680,1789840518.4895
64,0,1,7,143393,16,10.8990,13.5120,1789840533.9376
64,0,1,8,169432,16,14.2630,17.9180,1789840553.2924
64,0,1,9,187445,16,15.7150,19.1610,1789840573.5855
64,0,1,10,384531,32,31.0180,38.4070,1789840613.5524
64,0,1,11,243031,16,21.3000,25.9960,1789840641.0058
64,0,1,12,130314,8,10.6510,13.0720,1789840655.4117
64,1,1,1,42536,14,4.7120,6.4020,1789841001.7044
64,1,1,2,43933,15,4.9710,6.3230,1789841009.3702
64,1,1,3,48549,15,4.9060,6.5650,1789841017.8622
64,1,1,4,44370,12,4.1170,5.5390,1789841024.7140
64,1,1,5,57081,16,5.3280,6.9130,1789841033.4582
64,1,1,6,54809,16,6.2260,7.9050,1789841042.4545
64,1,1,7,55282,13,4.7760,6.1380,1789841049.7963
64,1,1,8,62018,14,5.5040,6.8830,1789841057.8090
64,1,1,9,49179,12,5.8400,7.0360,1789841065.8930
64,1,1,10,91848,16,7.2800,9.1060,1789841076.7611
64,1,1,11,113570,16,8.9070,10.9640,1789841088.8082
64,1,1,12,120277,16,9.5060,11.7090,1789841101.9100
64,1,1,13,128516,16,10.6730,13.0810,1789841116.1582
64,1,1,14,83597,13,6.8410,8.8860,1789841126.5834
64,1,1,15,145391,16,12.3850,15.0270,1789841143.0510
64,1,1,16,153096,16,12.1500,15.0970,1789841159.5269
64,1,1,17,190348,16,16.0220,19.5610,1789841180.4443
64,1,1,18,327841,32,27.2790,33.4290,1789841215.8644
64,1,1,19,195601,16,16.1730,19.9290,1789841236.9923
64,1,1,20,86076,8,8.1740,10.0140,1789841248.2522
64,2,1,1,150269,16,11.4320,14.3200,1789841767.2260
64,2,1,2,139096,16,11.6260,14.2660,1789841784.5575
64,2,1,3,398901,32,34.0720,41.6640,1789841827.8288
64,2,1,4,203945,16,18.0350,21.8330,1789841850.8947
64,2,1,5,90596,8,8.7450,10.3890,1789841864.6666
64,3,1,1,151716,16,11.8240,14.6540,1789842332.4603
64,3,1,2,197700,16,16.7110,20.4720,1789842354.6486
64,3,1,3,174751,16,16.2100,19.6640,1789842376.0688
64,3,1,4,416982,32,34.5720,43.1290,1789842420.4058
64,3,1,5,219206,16,18.5430,22.8070,1789842444.8899
64,4,1,1,44879,12,4.1480,5.4070,1789842792.2631
64,4,1,2,54104,14,4.8110,6.1390,1789842800.1291
64,4,1,3,68545,16,6.0550,7.5280,1789842808.7523
64,4,1,4,59321,13,5.5170,7.1980,1789842818.0233
64,4,1,5,74468,16,6.4940,8.0790,1789842827.2947
64,4,1,6,63625,15,5.5650,7.0960,1789842836.3048
64,4,1,7,117623,16,9.3680,11.6120,1789842849.7955
64,4,1,8,92725,16,8.5890,10.3840,1789842861.3137
64,4,1,9,96341,16,7.8510,9.7480,1789842872.6089
64,4,1,10,108896,16,9.5720,11.5990,1789842885.3895
64,4,1,11,100889,16,8.6580,10.9890,1789842897.8773
64,4,1,12,169495,16,14.6140,17.7290,1789842916.9890
64,4,1,13,163320,16,13.4930,16.4820,1789842934.7104
64,4,1,14,423421,32,35.9680,44.6560,1789842980.6674
64,4,1,15,175682,16,16.4800,20.3600,1789843002.2682
64,4,1,16,118847,8,11.0430,13.2490,1789843016.7171
64,5,1,1,77323,16,6.6280,8.2400,1789843369.1602
64,5,1,2,78741,15,6.3540,8.3230,1789843379.1394
64,5,1,3,81591,16,6.6690,8.6370,1789843389.2784
64,5,1,4,88522,16,7.1350,8.8530,1789843399.7880
64,5,1,5,144050,16,11.5630,14.1720,1789843415.1154
64,5,1,6,114101,16,9.4260,12.0300,1789843428.9630
64,5,1,7,146238,16,12.3090,15.0060,1789843445.1301
64,5,1,8,121689,16,10.0270,12.2460,1789843459.2776
64,5,1,9,135922,16,12.0800,14.6100,1789843475.0038
64,5,1,10,408676,32,34.1020,42.5160,1789843518.7831
64,5,1,11,330724,32,28.2960,34.4850,1789843554.6420
64,6,1,1,50363,16,6.3730,8.2950,1789843871.2965
64,6,1,2,44817,13,4.1140,5.3830,1789843878.6252
64,6,1,3,47126,13,5.0840,6.2640,1789843886.7460
64,6,1,4,56902,15,5.1290,6.5700,1789843895.0118
64,6,1,5,71101,16,5.9490,7.5120,1789843903.6995
64,6,1,6,46324,11,4.0560,5.5300,1789843911.2376
64,6,1,7,77957,15,6.3250,7.8660,1789843920.8544
64,6,1,8,75336,16,6.1580,7.9640,1789843930.8272
64,6,1,9,84478,15,7.5530,9.3610,1789843941.5913
64,6,1,10,102526,16,8.1760,10.1050,1789843953.0847
64,6,1,11,100215,16,7.6110,9.4850,1789843964.7275
64,6,1,12,119184,16,9.3460,11.5380,1789843978.7499
64,6,1,13,97079,16,8.2490,10.2110,1789843990.4255
64,6,1,14,155638,16,13.0780,16.3040,1789844007.8752
64,6,1,15,144891,16,11.6020,14.2620,1789844024.0424
64,6,1,16,119527,16,9.4980,11.7190,1789844037.7498
64,6,1,17,147408,16,11.5710,14.3180,1789844053.5495
64,6,1,18,134952,16,11.0040,13.6050,1789844068.6079
64,6,1,19,408624,32,32.9170,40.7200,1789844110.6360
64,6,1,20,214171,16,16.8830,21.1170,1789844133.7819
64,6,1,21,109671,8,9.3530,11.3400,1789844147.0226
64,7,1,1,61785,16,5.4980,7.0510,1789844499.5748
64,7,1,2,59436,15,5.5970,6.9570,1789844507.5744
64,7,1,3,77911,16,5.9850,7.4870,1789844516.5995
64,7,1,4,70569,16,6.0520,8.0230,1789844526.9626
64,7,1,5,80323,16,6.4930,8.6530,1789844537.2547
64,7,1,6,76821,16,6.3630,8.0650,1789844547.1189
64,7,1,7,113172,16,8.4200,10.4730,1789844559.1039
64,7,1,8,87462,16,6.9220,8.7150,1789844570.2119
64,7,1,9,91453,14,7.6890,9.5020,1789844581.3840
64,7,1,10,112717,16,9.6570,11.7810,1789844594.6579
64,7,1,11,145566,16,11.6490,14.4090,1789844611.0287
64,7,1,12,183127,16,14.8490,18.6130,1789844630.8594
64,7,1,13,96381,16,7.6280,9.5910,1789844642.3646
64,7,1,14,130407,16,10.6580,13.1630,1789844657.5510
64,7,1,15,424995,32,36.3970,44.7060,1789844703.6487
64,7,1,16,234023,16,19.2890,23.7460,1789844729.8383
64,8,1,1,176107,16,14.9290,18.7840,1789845217.8565
64,8,1,2,174725,16,14.6800,17.9850,1789845237.7782
64,8,1,3,356093,32,29.3630,36.1870,1789845275.1990
64,8,1,4,190497,16,15.3440,18.9380,1789845295.3488
64,8,1,5,129175,8,11.1740,13.5460,1789845311.0724
64,9,1,1,78542,16,6.1420,8.0230,1789845683.8209
64,9,1,2,70372,15,6.0940,7.5550,1789845692.7824
64,9,1,3,93732,16,7.1650,8.9120,1789845702.8707
64,9,1,4,96366,16,8.0430,9.9590,1789845714.0221
64,9,1,5,82498,15,6.6280,8.2860,1789845723.5209
64,9,1,6,107920,16,8.3200,10.4400,1789845735.1240
64,9,1,7,143954,16,11.4210,14.3820,1789845750.7535
64,9,1,8,142602,16,10.7670,13.3700,1789845765.4251
64,9,1,9,152550,16,12.3880,15.1520,1789845782.4217
64,9,1,10,181807,16,14.4680,17.8630,1789845801.6297
64,9,1,11,178405,16,14.9300,18.2540,1789845821.6472
64,9,1,12,356966,32,29.2540,36.1640,1789845859.0755
64,9,1,13,223303,16,17.8710,22.1940,1789845882.5802
64,10,1,1,66222,16,5.5820,7.2290,1789846330.9194
64,10,1,2,79944,16,7.0170,8.7320,1789846340.8333
64,10,1,3,82902,15,6.7220,8.8310,1789846351.9608
64,10,1,4,84835,13,6.8730,8.5090,1789846361.9385
64,10,1,5,146890,16,12.2960,14.9540,1789846378.0238
64,10,1,6,123956,16,9.8130,12.4080,1789846391.8444
64,10,1,7,172649,16,14.1170,17.3120,1789846410.6515
64,10,1,8,195075,16,16.3030,19.9480,1789846431.9876
64,10,1,9,214759,16,18.7410,22.8730,1789846456.1962
64,10,1,10,155090,16,13.3670,16.2670,1789846473.7523
64,10,1,11,186136,16,15.2550,18.6660,1789846494.2908
64,10,1,12,379770,32,31.7940,39.0720,1789846535.1982
64,10,1,13,217114,16,19.2580,23.6170,1789846560.0140
64,11,1,1,27890,9,3.7450,4.5730,1789846870.0554
64,11,1,2,35237,13,3.9550,5.1170,1789846876.2764
64,11,1,3,32563,10,3.1350,4.0370,1789846881.9710
64,11,1,4,42671,13,4.1320,5.6390,1789846888.6541
64,11,1,5,41143,12,3.7920,4.8710,1789846894.6547
64,11,1,6,38999,12,4.1240,5.4080,1789846901.2362
64,11,1,7,41998,12,3.7190,4.8350,1789846907.1146
64,11,1,8,45586,13,4.5350,5.6980,1789846914.4554
64,11,1,9,49902,14,5.4270,6.8310,1789846922.3634
64,11,1,10,59520,16,5.1420,6.6270,1789846930.7983
64,11,1,11,58812,15,4.9360,6.3800,1789846938.3890
64,11,1,12,55319,13,4.5900,5.7790,1789846945.4583
64,11,1,13,77335,16,6.1400,7.7060,1789846954.7610
64,11,1,14,84880,16,6.8230,8.9340,1789846965.3682
64,11,1,15,81658,16,7.2490,8.9540,1789846976.1994
64,11,1,16,84025,16,6.7140,8.4160,1789846985.6892
64,11,1,17,86459,15,7.0240,8.7900,1789846996.6412
64,11,1,18,122426,16,9.9090,12.1380,1789847010.0716
64,11,1,19,106987,16,9.5850,11.6310,1789847022.9621
64,11,1,20,143053,16,10.9850,13.6640,1789847038.4710
64,11,1,21,174190,16,14.0900,17.2810,1789847057.0332
64,11,1,22,152437,16,11.9560,14.7630,1789847073.7916
64,11,1,23,429848,32,35.9500,44.1320,1789847120.0262
64,11,1,24,213648,16,18.0650,22.1960,1789847143.5886
64,11,1,25,132380,8,11.8760,14.3190,1789847159.1709
64,12,1,1,23769,7,2.2390,2.9060,1789847488.7084
64,12,1,2,25066,7,2.3040,3.0710,1789847492.8123
64,12,1,3,29226,9,2.7950,3.6000,1789847497.5027
64,12,1,4,33570,10,3.1720,4.0810,1789847502.6124
64,12,1,5,39062,13,4.0440,5.2490,1789847508.9290
64,12,1,6,46002,14,4.3500,5.7030,1789847515.8289
64,12,1,7,53850,16,5.0400,6.4880,1789847523.3550
64,12,1,8,46054,12,4.0270,5.3500,1789847529.7593
64,12,1,9,63685,15,5.5220,6.9660,1789847537.7677
64,12,1,10,88360,16,6.2210,8.1210,1789847546.9732
64,12,1,11,63541,15,5.4700,6.9370,1789847555.0286
64,12,1,12,101602,16,7.9650,9.8890,1789847566.0157
64,12,1,13,98650,16,7.5290,9.3670,1789847576.4746
64,12,1,14,109567,15,8.8270,10.9070,1789847588.5228
64,12,1,15,135614,16,11.5780,14.1540,1789847603.8003
64,12,1,16,169777,16,13.8380,16.9810,1789847621.9264
64,12,1,17,132926,16,10.3220,12.8430,1789847635.9027
64,12,1,18,190246,16,15.9320,19.4960,1789847656.6015
64,12,1,19,127397,16,10.3510,12.7940,1789847670.7552
64,12,1,20,362847,32,30.4470,37.3060,1789847709.3388
64,12,1,21,233514,16,19.2200,23.6290,1789847734.3010
64,12,1,22,114816,8,9.9790,12.1660,1789847747.7684
64,13,1,1,51931,14,4.6610,5.9370,1789848089.4035
64,13,1,2,49148,14,4.4910,5.7830,1789848096.2285
64,13,1,3,68985,16,5.5030,6.9830,1789848104.3529
64,13,1,4,65508,16,5.5260,7.0320,1789848112.4741
64,13,1,5,56991,13,4.8580,6.1390,1789848119.6295
64,13,1,6,42917,10,3.7640,4.7540,1789848125.3915
64,13,1,7,78859,14,6.5740,8.1180,1789848134.5132
64,13,1,8,97508,16,7.5310,9.3460,1789848144.9041
64,13,1,9,83499,15,6.4990,8.2020,1789848154.1375
64,13,1,10,100504,16,7.8570,9.7620,1789848164.9779
64,13,1,11,104647,16,8.2440,10.1740,1789848176.2596
64,13,1,12,128861,16,10.3140,12.7480,1789848190.2005
64,13,1,13,146590,16,11.1390,13.8420,1789848205.1716
64,13,1,14,169885,16,13.7700,16.8790,1789848223.2860
64,13,1,15,135463,16,10.5140,13.0690,1789848237.5153
64,13,1,16,396877,32,32.4050,40.0670,1789848280.1456
64,13,1,17,174441,16,14.6600,17.9690,1789848299.2916
64,13,1,18,106590,8,9.1920,11.2180,1789848311.6744
64,14,1,1,52257,15,4.9390,6.3050,1789848684.8407
64,14,1,2,69120,16,5.7830,7.2700,1789848693.2374
64,14,1,3,59427,15,5.0840,6.5400,1789848701.5130
64,14,1,4,65199,16,5.6410,7.1420,1789848709.6961
64,14,1,5,84169,16,6.3740,8.3310,1789848719.1025
64,14,1,6,68273,16,5.8900,7.4040,1789848727.5618
64,14,1,7,68845,15,5.9000,7.5330,1789848736.2652
64,14,1,8,82609,16,6.4940,8.1340,1789848745.4936
64,14,1,9,69438,15,5.8240,7.3370,1789848753.9180
64,14,1,10,102730,16,8.7460,10.8300,1789848765.8172
64,14,1,11,103359,15,8.2790,10.2720,1789848777.1812
64,14,1,12,143027,16,11.1830,13.8560,1789848792.1675
64,14,1,13,135675,16,11.2690,13.8380,1789848807.0843
64,14,1,14,166061,16,13.1670,16.3180,1789848824.5551
64,14,1,15,212580,16,17.1350,21.2210,1789848847.8027
64,14,1,16,193340,16,16.0780,19.6950,1789848868.7644
64,14,1,17,468620,32,37.8760,47.3300,1789848917.4504
64,14,1,18,256104,16,22.1240,27.1530,1789848945.8658
64,15,1,1,330400,32,27.7450,34.1140,1789849406.1401
64,15,1,2,373568,32,30.7690,37.9240,1789849446.0988
64,16,1,1,99087,15,8.1360,10.0990,1789849877.0904
64,16,1,2,131011,16,10.4820,12.9500,1789849891.2092
64,16,1,3,117642,16,9.8290,12.1590,1789849904.4460
64,16,1,4,129769,16,9.8520,12.2530,1789849917.8133
64,16,1,5,170574,16,13.3570,16.6630,1789849936.2959
64,16,1,6,171508,16,13.2870,16.4550,1789849953.8909
64,16,1,7,372559,32,29.0580,36.1070,1789849991.2322
64,16,1,8,197724,16,17.2180,21.0480,1789850013.5721
64,16,1,9,111464,8,10.1600,12.3600,1789850027.1282
64,17,1,1,46703,15,5.2160,6.6010,1789850415.7617
64,17,1,2,48797,15,4.9340,6.4460,1789850423.5461
64,17,1,3,54134,14,4.5280,5.8190,1789850430.4645
64,17,1,4,66179,15,5.5330,6.9790,1789850438.5214
64,17,1,5,70088,16,5.6910,7.2120,1789850446.7759
64,17,1,6,61298,14,5.4040,6.7580,1789850454.5920
64,17,1,7,81961,16,6.8570,8.6840,1789850464.4282
64,17,1,8,85151,16,7.0630,8.8120,1789850474.2808
64,17,1,9,106201,16,8.0090,10.0290,1789850485.3685
64,17,1,10,97434,15,7.8990,9.7870,1789850496.2389
64,17,1,11,78772,16,6.6790,8.5430,1789850505.8746
64,17,1,12,110821,16,9.0240,11.2920,1789850518.2558
64,17,1,13,134266,16,10.5050,12.9460,1789850532.3157
64,17,1,14,127111,15,10.6950,13.1840,1789850546.6550
64,17,1,15,153933,16,12.1640,15.1220,1789850562.9971
64,17,1,16,146298,13,13.2140,16.1380,1789850580.2226
64,17,1,17,149402,16,13.3270,16.2670,1789850597.7029
64,17,1,18,377312,32,31.3940,38.6280,1789850637.6462
64,17,1,19,436819,32,37.9580,46.5310,1789850685.6994
64,17,1,20,244302,16,20.8250,25.5610,1789850712.5999
64,18,1,1,83431,16,6.3180,7.9620,1789851090.6994
64,18,1,2,86533,16,6.7580,8.4490,1789851100.4105
64,18,1,3,108712,16,8.3150,10.3400,1789851111.9332
64,18,1,4,82848,16,6.9790,8.7370,1789851121.7319
64,18,1,5,89258,16,7.2400,9.1980,1789851132.0348
64,18,1,6,145374,16,10.9160,13.5500,1789851146.7230
64,18,1,7,128749,16,9.4680,11.7930,1789851159.6142
64,18,1,8,141112,15,10.8830,13.5770,1789851174.4094
64,18,1,9,223377,16,18.0980,22.3080,1789851198.0060
64,18,1,10,144101,16,11.5640,14.2300,1789851213.5523
64,18,1,11,329878,32,26.7350,32.9890,1789851247.8287
64,18,1,12,197897,16,16.2010,20.0100,1789851269.0533
64,18,1,13,78093,8,6.4780,7.9480,1789851278.1684
64,18,1,14,145385,8,11.8580,14.5450,1789851294.0944
64,19,1,1,100083,16,8.2850,10.1590,1789851675.1794
64,19,1,2,90072,16,6.8380,8.5940,1789851684.8672
64,19,1,3,77578,15,6.2050,7.7870,1789851693.8147
64,19,1,4,89913,16,7.3140,9.1650,1789851704.2790
64,19,1,5,110506,16,8.7520,10.8630,1789851716.4462
64,19,1,6,122478,16,9.6410,11.9140,1789851729.6007
64,19,1,7,113914,16,9.4870,12.0800,1789851742.8610
64,19,1,8,84464,15,6.9490,8.6960,1789851752.9266
64,19,1,9,166454,16,12.8210,15.9390,1789851770.2241
64,19,1,10,162540,16,13.8940,16.9990,1789851788.4092
64,19,1,11,226955,16,18.6460,22.9950,1789851812.7235
64,19,1,12,245063,16,21.2070,26.0030,1789851840.0915
64,19,1,13,123625,8,9.9840,12.2540,1789851853.8141
64,0,2,1,12000,4,5.1680,9.9890,1789840321.8336
64,0,2,2,24912,8,5.2660,6.7070,1789840329.6644
64,0,2,3,26914,8,3.0430,4.0690,1789840334.8138
64,0,2,4,36404,13,4.8140,6.2750,1789840342.1558
64,0,2,5,34991,11,4.5120,5.6380,1789840348.9287
64,0,2,6,38190,12,4.1090,5.5570,1789840356.5787
64,0,2,7,45157,15,5.1490,6.6720,1789840364.2794
64,0,2,8,40554,12,4.1930,5.4070,1789840370.7302
64,0,2,9,47500,15,5.1750,6.6910,1789840378.5158
64,0,2,10,45862,14,5.4770,7.3080,1789840387.0654
64,0,2,11,48145,14,4.7350,6.1500,1789840394.3949
64,0,2,12,55638,15,4.9090,6.2790,1789840401.7117
64,0,2,13,57070,16,6.7840,8.3600,1789840411.1275
64,0,2,14,59114,14,4.8370,6.1390,1789840418.4787
64,0,2,15,85280,16,7.0970,8.9140,1789840428.4523
64,0,2,16,68160,16,7.1690,8.8200,1789840438.4306
64,0,2,17,57641,15,5.7320,7.2860,1789840447.0158
64,0,2,18,93145,16,7.9100,9.7170,1789840457.8875
64,0,2,19,96352,16,7.4310,9.2420,1789840468.3455
64,0,2,20,100983,16,8.2600,10.4460,1789840480.7196
64,0,2,21,95989,16,7.6980,9.5970,1789840491.6001
64,0,2,22,124252,16,9.9070,12.2730,1789840505.2937
64,0,2,23,98989,16,8.1860,10.2220,1789840517.5511
64,0,2,24,154923,16,13.0720,16.6190,1789840536.2764
64,0,2,25,131143,16,10.6760,13.2090,1789840550.9162
64,0,2,26,167856,16,13.4540,16.6210,1789840568.7588
64,0,2,27,303079,32,25.4330,31.3540,1789840601.3770
64,0,2,28,157705,16,14.0630,17.2810,1789840619.8160
64,0,2,29,126636,8,11.0190,13.3610,1789840634.6956
64,0,2,30,110662,8,10.3860,12.5240,1789840648.6555
64,1,2,1,13622,4,1.5260,1.9460,1789840963.4838
64,1,2,2,26835,8,3.1400,4.0890,1789840968.8552
64,1,2,3,31490,10,3.6310,4.7740,1789840975.5990
64,1,2,4,26691,8,2.8710,3.9090,1789840980.5911
64,1,2,5,35907,11,5.0440,6.4330,1789840988.1641
64,1,2,6,39034,13,5.5010,6.8740,1789840996.1986
64,1,2,7,43230,13,4.5800,5.8990,1789841004.4261
64,1,2,8,43689,14,4.9200,6.3300,1789841012.0185
64,1,2,9,33050,9,3.7860,4.7120,1789841018.3104
64,1,2,10,60465,15,5.4240,7.1170,1789841026.5537
64,1,2,11,60440,15,6.4410,8.0410,1789841035.6892
64,1,2,12,52610,15,6.1900,7.7080,1789841044.5544
64,1,2,13,67478,15,5.3800,6.9050,1789841052.8113
64,1,2,14,88637,16,7.1060,8.8240,1789841062.7410
64,1,2,15,70736,16,6.2040,7.7700,1789841071.6871
64,1,2,16,90446,15,6.8270,8.9050,1789841081.8019
64,1,2,17,136085,16,11.0830,13.7030,1789841096.6350
64,1,2,18,112257,16,8.8150,10.9360,1789841108.9830
64,1,2,19,130383,16,9.9720,12.5200,1789841122.8202
64,1,2,20,120583,16,9.5260,11.7750,1789841136.5793
64,1,2,21,146932,16,12.7450,15.5060,1789841153.2664
64,1,2,22,132575,16,10.4120,13.1170,1789841167.6754
64,1,2,23,303782,32,25.7040,31.6980,1789841200.8651
64,1,2,24,211210,16,17.1070,21.1370,1789841223.2953
64,1,2,25,84046,8,7.4900,9.0730,1789841233.8484
64,1,2,26,143159,8,11.8070,14.4330,1789841249.8391
64,2,2,1,49840,15,5.2390,6.8180,1789841593.3080
64,2,2,2,59676,15,5.9880,7.5160,1789841605.8436
64,2,2,3,51180,12,5.0780,6.3090,1789841615.2244
64,2,2,4,67177,16,6.2770,7.9950,1789841624.3338
64,2,2,5,84136,16,6.6630,8.5800,1789841634.4680
64,2,2,6,86150,15,6.9830,8.8830,1789841644.6418
64,2,2,7,63404,15,6.1180,7.7130,1789841653.5436
64,2,2,8,92024,16,7.1040,8.8620,1789841664.1445
64,2,2,9,95889,16,7.6480,9.5530,1789841674.7829
64,2,2,10,121192,16,9.8020,12.0950,1789841688.3423
64,2,2,11,135240,16,12.3370,14.9630,1789841704.5018
64,2,2,12,111528,16,9.4920,11.7700,1789841717.3333
64,2,2,13,162041,16,13.5510,16.5190,1789841735.3759
64,2,2,14,141285,16,12.8380,15.5630,1789841752.2342
64,2,2,15,178317,16,13.9520,17.2590,1789841771.4134
64,2,2,16,189263,16,15.5860,19.1800,1789841792.5906
64,2,2,17,389822,32,32.5920,40.2100,1789841835.5070
64,2,2,18,223711,16,18.3650,22.6190,1789841860.1537
64,3,2,1,26757,8,3.5610,4.9810,1789842196.9400
64,3,2,2,40224,12,3.6840,4.9110,1789842203.1847
64,3,2,3,46922,15,4.5500,6.0430,1789842210.7875
64,3,2,4,48710,15,4.7830,6.9790,1789842219.4854
64,3,2,5,61148,16,6.3370,7.7880,1789842228.8859
64,3,2,6,60768,15,5.4660,7.0080,1789842237.1172
64,3,2,7,67006,15,6.4960,8.5110,1789842247.3291
64,3,2,8,110420,16,8.4530,10.4510,1789842259.0830
64,3,2,9,77586,16,7.0060,8.7420,1789842269.3607
64,3,2,10,130030,16,10.0760,12.6990,1789842283.6914
64,3,2,11,94653,15,8.5150,10.4430,1789842295.8796
64,3,2,12,117937,16,10.1910,12.4180,1789842309.4529
64,3,2,13,120084,16,9.5210,11.9410,1789842323.1081
64,3,2,14,144343,16,11.1360,13.9090,1789842339.0909
64,3,2,15,135110,16,11.1100,13.7570,1789842355.0414
64,3,2,16,177126,16,14.9170,18.2200,1789842375.7790
64,3,2,17,391009,32,33.2040,40.7600,1789842418.2920
64,3,2,18,237321,16,20.8140,25.3770,1789842445.0751
64,4,2,1,91235,16,7.5290,9.8370,1789842830.0990
64,4,2,2,84166,16,6.5860,8.2380,1789842840.0593
64,4,2,3,92446,16,7.4320,9.2120,1789842850.5504
64,4,2,4,105424,16,8.6550,10.7880,1789842863.4250
64,4,2,5,122673,16,9.7650,12.0590,1789842877.0052
64,4,2,6,134054,16,10.8060,13.4820,1789842892.1461
64,4,2,7,143191,16,12.1630,15.0310,1789842908.5584
64,4,2,8,195447,16,14.7220,18.3610,1789842928.5433
64,4,2,9,450593,32,39.0630,47.7000,1789842977.7386
64,4,2,10,230843,16,20.8930,25.3480,1789843004.8759
64,5,2,1,55436,15,6.0710,7.8850,1789843345.5899
64,5,2,2,62881,16,5.7750,7.4110,1789843354.2802
64,5,2,3,55816,14,5.1060,7.0120,1789843363.3750
64,5,2,4,77592,16,7.5390,9.2010,1789843373.7139
64,5,2,5,103647,16,8.1320,10.6270,1789843385.9809
64,5,2,6,87531,16,8.0580,9.8210,1789843397.2107
64,5,2,7,118722,16,8.9670,11.1500,1789843409.6722
64,5,2,8,121477,16,9.1800,11.5090,1789843423.1268
64,5,2,9,119924,16,10.6150,13.5110,1789843437.8640
64,5,2,10,153226,16,12.8110,15.7580,1789843455.3690
64,5,2,11,183591,16,15.1570,18.5900,1789843475.1730
64,5,2,12,189282,16,16.2330,19.7970,1789843496.3228
64,5,2,13,216768,16,19.7040,23.8690,1789843521.3644
64,5,2,14,200764,16,15.8520,19.6180,1789843542.7471
64,5,2,15,122701,8,11.2220,13.4680,1789843557.6862
64,6,2,1,108569,16,8.6790,10.7220,1789843941.3324
64,6,2,2,108114,16,8.3980,10.3940,1789843953.2579
64,6,2,3,138848,16,10.5600,13.3920,1789843967.8044
64,6,2,4,127545,16,10.5760,13.2730,1789843982.6943
64,6,2,5,128441,16,10.2140,12.6170,1789843997.4621
64,6,2,6,129457,16,11.5240,14.1690,1789844013.4930
64,6,2,7,134905,16,11.0750,13.6010,1789844028.5813
64,6,2,8,181783,16,14.2830,17.6690,1789844047.6065
64,6,2,9,134153,16,10.6550,13.1970,1789844062.2470
64,6,2,10,362576,32,29.6250,36.4500,1789844100.0276
64,6,2,11,205616,16,16.3550,20.2650,1789844121.5842
64,6,2,12,123368,8,11.8530,14.3060,1789844137.1544
64,6,2,13,77217,8,6.3950,7.8430,1789844146.5819
64,7,2,1,306855,32,25.1980,31.6320,1789844667.2385
64,7,2,2,372669,32,30.6310,37.6500,1789844706.6174
64,7,2,3,136706,8,11.1580,13.8770,1789844722.0603
64,7,2,4,157959,8,13.4190,16.4600,1789844740.1332
64,8,2,1,88938,16,7.1890,9.0140,1789845135.4955
64,8,2,2,91358,16,7.2100,9.0230,1789845145.6362
64,8,2,3,68987,15,6.3180,8.1650,1789845155.0300
64,8,2,4,132223,16,11.0150,13.5100,1789845169.6895
64,8,2,5,102285,15,8.4670,10.5630,1789845181.9042
64,8,2,6,137786,16,12.1340,15.1500,1789845198.4335
64,8,2,7,101265,16,8.5650,10.7290,1789845210.6965
64,8,2,8,167045,16,14.1010,17.2940,1789845229.5168
64,8,2,9,131222,16,10.5800,13.0260,1789845243.7480
64,8,2,10,418308,32,37.1750,45.3010,1789845291.1045
64,8,2,11,199939,16,17.5730,21.4080,1789845314.8750
64,9,2,1,197305,16,16.4920,20.2500,1789845804.4628
64,9,2,2,386834,32,30.2810,37.5910,1789845843.5669
64,9,2,3,204205,16,16.3850,20.2380,1789845865.7280
64,9,2,4,75046,8,6.0320,7.4230,1789845875.4026
64,9,2,5,132473,8,10.4190,13.3210,1789845890.2692
64,10,2,1,149094,16,12.5780,15.6890,1789846390.7549
64,10,2,2,104073,15,8.9950,11.0620,1789846404.0305
64,10,2,3,142443,16,11.8760,14.6390,1789846420.4456
64,10,2,4,190494,16,15.4290,19.1020,1789846440.9106
64,10,2,5,225320,16,19.7360,24.3420,1789846467.0004
64,10,2,6,165721,16,13.7780,16.9120,1789846485.4949
64,10,2,7,465757,32,38.8960,47.8930,1789846535.8069
64,10,2,8,234526,16,19.9490,24.4960,1789846562.5759
64,11,2,1,91067,16,7.0000,9.1490,1789846947.8995
64,11,2,2,90082,16,6.9290,9.0770,1789846958.3706
64,11,2,3,77743,16,6.7340,8.4810,1789846968.0663
64,11,2,4,105635,16,8.3270,10.3230,1789846979.7648
64,11,2,5,94248,16,7.6810,10.4320,1789846991.7580
64,11,2,6,151538,16,12.8740,15.6300,1789847008.5735
64,11,2,7,110174,16,8.5890,10.7590,1789847021.1497
64,11,2,8,142999,16,12.1670,15.1300,1789847037.5066
64,11,2,9,124606,16,11.4230,13.9180,1789847052.5783
64,11,2,10,165504,16,12.6200,15.6510,1789847070.4898
64,11,2,11,135188,16,10.8600,13.5020,1789847086.2258
64,11,2,12,174561,16,14.8370,18.1820,1789847105.6388
64,11,2,13,263224,16,21.6930,26.8450,1789847133.8012
64,11,2,14,136245,8,11.1650,13.7660,1789847148.9035
64,11,2,15,127731,8,11.2700,13.6650,1789847163.9831
64,12,2,1,356634,32,28.1710,35.0640,1789847700.3123
64,12,2,2,217995,16,17.7140,21.8420,1789847723.6925
64,12,2,3,173755,8,15.1400,18.4790,1789847743.8539
64,13,2,1,103085,16,8.8900,11.0750,1789848235.0802
64,13,2,2,411020,32,35.6810,43.5570,1789848284.3675
64,13,2,3,192089,16,16.6660,20.3470,1789848305.9421
64,13,2,4,127202,8,10.1400,12.5080,1789848319.8946
64,14,2,1,356215,32,29.5870,36.4100,1789848884.5674
64,14,2,2,448080,32,37.1900,45.8480,1789848932.6421
64,14,2,3,128565,8,10.3000,12.7350,1789848946.7326
64,15,2,1,51460,11,4.6960,5.9400,1789849296.7519
64,15,2,2,99423,16,8.2590,10.3320,1789849308.2407
64,15,2,3,101801,16,8.2120,10.2370,1789849319.7474
64,15,2,4,101485,16,8.4100,10.4660,1789849331.3453
64,15,2,5,91678,16,7.6570,9.5660,1789849342.1108
64,15,2,6,163829,16,13.8530,16.9770,1789849360.2846
64,15,2,7,175542,16,13.6850,16.9920,1789849378.4622
64,15,2,8,297276,32,24.3440,29.9560,1789849409.7145
64,15,2,9,166608,16,14.5650,17.7750,1789849428.7767
64,15,2,10,94949,8,7.8590,9.5990,1789849439.5857
64,15,2,11,52885,8,4.8750,6.0200,1789849446.9290
64,16,2,1,20045,6,2.3600,3.3360,1789849706.7066
64,16,2,2,23362,7,2.6420,3.3570,1789849711.1701
64,16,2,3,28466,8,2.8910,3.7030,1789849716.0256
64,16,2,4,34775,11,3.7960,4.9050,1789849721.9883
64,16,2,5,34535,11,3.8380,4.9470,1789849728.0043
64,16,2,6,43217,14,4.9020,6.3320,1789849735.4106
64,16,2,7,41910,14,4.7600,6.1710,1789849742.6520
64,16,2,8,41641,13,4.4370,5.9050,1789849749.6634
64,16,2,9,42178,13,4.3960,5.6800,1789849756.4185
64,16,2,10,56817,16,5.5610,7.1750,1789849764.7531
64,16,2,11,64591,16,5.8040,7.6110,1789849773.5128
64,16,2,12,73993,16,6.7040,8.3550,1789849782.9856
64,16,2,13,80523,16,6.5260,8.2470,1789849792.3875
64,16,2,14,97332,16,7.5980,9.4840,1789849803.0948
64,16,2,15,90133,16,6.9710,8.6940,1789849812.8708
64,16,2,16,59513,13,4.9390,6.2540,1789849820.1898
64,16,2,17,82382,15,7.2900,9.0180,1789849830.2816
64,16,2,18,96405,16,7.7830,9.6780,1789849841.0352
64,16,2,19,134011,16,10.2730,12.7980,1789849855.0060
64,16,2,20,93586,16,7.8570,9.8410,1789849866.0584
64,16,2,21,78828,15,7.1310,8.8900,1789849876.1017
64,16,2,22,132451,16,10.5300,13.0050,1789849890.3049
64,16,2,23,162395,16,12.3330,15.2960,1789849906.8531
64,16,2,24,188348,16,16.6110,20.2020,1789849928.3558
64,16,2,25,144997,16,11.6240,14.3050,1789849943.9784
64,16,2,26,287016,32,23.2340,28.8790,1789849974.1226
64,16,2,27,445744,32,37.0230,45.7040,1789850021.1648
64,17,2,1,99536,15,8.1960,10.4040,1789850523.3123
64,17,2,2,162963,16,12.5600,15.6040,1789850540.2065
64,17,2,3,142806,16,12.0670,14.9070,1789850556.3812
64,17,2,4,168127,16,13.7730,16.9100,1789850574.4959
64,17,2,5,205429,16,18.5020,22.4670,1789850598.2737
64,17,2,6,457256,32,38.4290,47.2940,1789850646.9154
64,17,2,7,222123,16,18.9520,23.3330,1789850671.4171
64,17,2,8,263476,16,23.8330,28.9340,1789850701.8216
64,18,2,1,54441,14,4.6280,5.9130,1789851075.0692
64,18,2,2,58438,16,5.4370,6.9120,1789851083.0166
64,18,2,3,56114,15,5.0590,6.4490,1789851090.6553
64,18,2,4,96220,16,8.1240,10.1500,1789851101.9558
64,18,2,5,95325,16,7.7000,9.6390,1789851112.7287
64,18,2,6,81736,16,7.1650,9.0210,1789851122.9128
64,18,2,7,92497,16,7.5930,9.5180,1789851133.6126
64,18,2,8,188194,16,14.3070,17.8470,1789851152.6728
64,18,2,9,116017,16,9.3960,11.6610,1789851165.6836
64,18,2,10,111530,16,9.7590,12.1590,1789851179.0187
64,18,2,11,146271,16,11.5480,14.3460,1789851194.5681
64,18,2,12,115065,16,9.4760,11.7830,1789851207.5562
64,18,2,13,156810,16,13.6180,16.7270,1789851226.0437
64,18,2,14,194671,16,15.5790,19.2470,1789851246.5047
64,18,2,15,190822,16,17.7670,21.5810,1789851269.3805
64,18,2,16,123552,8,10.1060,12.5180,1789851283.0839
64,19,2,1,24587,7,2.5120,3.3290,1789851571.4965
64,19,2,2,24962,7,2.5480,3.2840,1789851575.9160
64,19,2,3,32491,11,4.2420,5.3550,1789851582.3745
64,19,2,4,35477,11,3.8420,4.9630,1789851588.4024
64,19,2,5,34763,11,3.7880,4.8980,1789851594.3647
64,19,2,6,33442,11,3.7920,5.0650,1789851600.5108
64,19,2,7,39310,13,4.5260,5.8340,1789851607.4532
64,19,2,8,45297,13,4.5660,5.9020,1789851614.6319
64,19,2,9,44402,13,4.5040,5.8350,1789851621.5734
64,19,2,10,55182,16,5.5380,7.1950,1789851630.3135
64,19,2,11,59543,15,5.7830,7.3340,1789851638.8165
64,19,2,12,57012,14,5.1170,6.7200,1789851646.6326
64,19,2,13,79549,16,6.6180,8.3460,1789851656.1036
64,19,2,14,73306,16,6.1310,7.8460,1789851665.2344
64,19,2,15,83463,16,7.0310,8.8270,1789851675.7155
64,19,2,16,82383,16,7.0050,8.8460,1789851685.6960
64,19,2,17,99937,16,7.4660,9.3360,1789851696.0960
64,19,2,18,105426,16,8.5560,10.6430,1789851707.8072
64,19,2,19,150017,16,11.8720,14.6600,1789851723.6895
64,19,2,20,115405,16,9.4860,11.7780,1789851736.8382
64,19,2,21,92428,15,8.1920,10.1430,1789851748.2835
64,19,2,22,145582,16,11.8060,14.5200,1789851763.9915
64,19,2,23,182242,16,15.2990,18.7570,1789851783.9724
64,19,2,24,317073,32,26.3780,32.5880,1789851817.8077
64,19,2,25,225026,16,17.8950,22.2290,1789851841.4087
64,19,2,26,116637,8,10.2280,12.4320,1789851855.7630
64,0,3,1,69999,16,12.2070,23.9700,1789840435.3393
64,0,3,2,63522,16,6.5190,8.1980,1789840445.0370
64,0,3,3,86036,16,8.1900,10.4120,1789840456.9101
64,0,3,4,90432,15,7.5660,9.3630,1789840467.5747
64,0,3,5,86049,16,8.4720,10.4300,1789840479.1011
64,0,3,6,121686,16,9.7480,11.9760,1789840492.5413
64,0,3,7,141505,16,11.8560,14.7950,1789840508.7927
64,0,3,8,170857,16,13.1270,16.3860,1789840526.7713
64,0,3,9,158341,16,12.7020,15.6170,1789840543.5937
64,0,3,10,166507,16,14.1920,17.2690,1789840562.3029
64,0,3,11,143771,16,11.6010,14.3020,1789840578.0794
64,0,3,12,440445,32,36.9730,45.4390,1789840624.8603
64,0,3,13,187290,16,16.0900,19.6980,1789840646.7875
64,0,3,14,119870,8,9.3930,11.5990,1789840659.6302
64,1,3,1,74744,16,7.4050,9.0620,1789841055.2529
64,1,3,2,91536,16,7.9720,9.7320,1789841066.0402
64,1,3,3,102651,16,8.0690,10.2530,1789841077.6255
64,1,3,4,122539,16,9.0290,11.2500,1789841090.8928
64,1,3,5,123512,16,10.1790,13.1530,1789841105.4558
64,1,3,6,118558,15,9.8070,12.5050,1789841119.9530
64,1,3,7,166330,16,12.1940,15.2250,1789841136.9453
64,1,3,8,192761,16,17.0320,21.0720,1789841159.7304
64,1,3,9,170142,16,13.6300,16.8450,1789841178.0982
64,1,3,10,312773,32,26.4420,32.4810,1789841212.7006
64,1,3,11,231751,16,19.3240,23.7950,1789841238.3695
64,2,3,1,20329,6,2.7920,3.4010,1789841553.7752
64,2,3,2,23684,7,4.0460,4.8930,1789841559.7207
64,2,3,3,35876,12,3.8170,4.9320,1789841566.2713
64,2,3,4,32521,11,3.9990,4.9740,1789841572.2741
64,2,3,5,46519,15,4.5960,6.3350,1789841579.7512
64,2,3,6,42311,12,4.1120,5.2290,1789841586.4854
64,2,3,7,49697,15,5.3850,6.9210,1789841595.4144
64,2,3,8,52246,14,4.9220,6.6320,1789841603.8361
64,2,3,9,57310,14,5.4650,6.8520,1789841611.7736
64,2,3,10,68756,16,6.1520,7.7770,1789841620.8639
64,2,3,11,72408,16,6.6540,8.8130,1789841631.1972
64,2,3,12,79141,16,7.2120,8.8870,1789841641.1718
64,2,3,13,80220,16,6.5630,8.7800,1789841651.6386
64,2,3,14,85401,16,7.5420,9.4370,1789841662.2505
64,2,3,15,94546,16,9.3260,11.2540,1789841674.6729
64,2,3,16,123961,16,9.8560,12.1560,1789841688.4795
64,2,3,17,166999,16,14.8990,17.9840,1789841707.9426
64,2,3,18,131369,16,11.5480,14.3630,1789841723.6669
64,2,3,19,118874,16,10.9870,13.2800,1789841738.1058
64,2,3,20,166263,16,13.7660,16.8370,1789841757.4109
64,2,3,21,139400,16,10.5490,13.1110,1789841772.8830
64,2,3,22,349633,32,29.3550,36.5400,1789841810.8605
64,2,3,23,152402,16,13.4530,16.3880,1789841828.5214
64,2,3,24,125763,8,10.8550,13.1410,1789841843.0235
64,2,3,25,128122,8,10.2500,12.6420,1789841857.2796
64,3,3,1,81571,16,6.5610,9.2880,1789842240.1908
64,3,3,2,90583,16,7.2920,9.2850,1789842250.8475
64,3,3,3,93496,16,7.3930,9.1990,1789842261.3634
64,3,3,4,94050,15,7.5320,9.3980,1789842271.9216
64,3,3,5,88579,16,7.5910,9.7930,1789842283.1979
64,3,3,6,95216,15,7.7770,9.6720,1789842294.0146
64,3,3,7,142549,16,10.7430,13.3460,1789842309.2155
64,3,3,8,144145,16,11.8860,14.8600,1789842325.4977
64,3,3,9,143870,16,11.7980,14.4490,1789842341.2631
64,3,3,10,150476,15,11.7520,14.6430,1789842358.0061
64,3,3,11,367436,32,30.8530,37.8000,1789842397.1085
64,3,3,12,213279,16,17.5260,21.6070,1789842420.0649
64,3,3,13,121173,8,10.8470,13.3220,1789842435.1907
64,3,3,14,117751,8,10.2470,12.3650,1789842449.1862
64,4,3,1,109893,16,10.0430,12.3470,1789842910.1994
64,4,3,2,151366,16,12.9670,15.9890,1789842927.4926
64,4,3,3,419306,32,36.1740,44.3980,1789842973.3806
64,4,3,4,276277,16,23.7090,29.1350,1789843004.0428
64,5,3,1,16727,5,2.0910,2.7600,1789843246.9133
64,5,3,2,19265,6,2.5460,3.2530,1789843252.4919
64,5,3,3,30605,9,4.2070,5.2910,1789843259.2770
64,5,3,4,29330,9,3.7520,4.8000,1789843266.1579
64,5,3,5,29449,9,4.5010,5.5590,1789843273.1962
64,5,3,6,31474,9,3.8770,5.0400,1789843279.4651
64,5,3,7,36822,11,4.4040,5.7630,1789843286.5476
64,5,3,8,38202,12,4.8410,6.1080,1789843293.7786
64,5,3,9,42998,13,4.9780,6.3450,1789843301.3107
64,5,3,10,47059,15,4.6780,6.1350,1789843308.5235
64,5,3,11,53419,15,4.6460,6.0190,1789843315.6312
64,5,3,12,47490,16,5.5530,6.9960,1789843323.7093
64,5,3,13,46589,13,4.5820,5.9600,1789843330.8243
64,5,3,14,30138,8,3.0050,3.8730,1789843336.0043
64,5,3,15,48544,14,4.8750,6.2890,1789843343.3691
64,5,3,16,63330,16,5.7180,7.3560,1789843351.8563
64,5,3,17,67759,16,5.8480,7.9020,1789843361.9539
64,5,3,18,74443,16,6.3480,8.6910,1789843372.1572
64,5,3,19,65532,15,5.8230,7.5340,1789843381.0503
64,5,3,20,108597,16,8.6940,10.8810,1789843393.8244
64,5,3,21,85795,16,6.8890,8.6810,1789843404.4585
64,5,3,22,131482,16,12.0000,14.5390,1789843420.2229
64,5,3,23,135874,16,11.0940,13.7160,1789843435.8084
64,5,3,24,141553,16,13.2180,16.0310,1789843453.0587
64,5,3,25,150148,16,12.0160,14.7770,1789843469.4240
64,5,3,26,102097,13,9.2040,11.2350,1789843481.9077
64,5,3,27,352743,32,30.0470,36.9610,1789843520.7332
64,5,3,28,141005,16,12.1920,15.0730,1789843537.7948
64,5,3,29,103336,8,8.3890,10.4220,1789843549.4445
64,6,3,1,22753,7,2.5610,3.3010,1789843841.1895
64,6,3,2,30084,9,3.1640,4.1550,1789843846.6532
64,6,3,3,28186,8,2.8430,3.9290,1789843851.6858
64,6,3,4,34241,11,3.9270,5.0970,1789843858.3686
64,6,3,5,42585,14,5.0700,6.4920,1789843866.8351
64,6,3,6,40000,14,4.8720,6.2930,1789843874.2627
64,6,3,7,57340,16,5.6880,7.3090,1789843882.7347
64,6,3,8,62576,16,5.9060,7.5810,1789843891.5370
64,6,3,9,49758,13,5.3970,6.7230,1789843900.5029
64,6,3,10,75592,16,6.9990,8.7690,1789843910.4480
64,6,3,11,64062,14,6.5390,8.0440,1789843919.6828
64,6,3,12,96226,16,8.5160,10.3670,1789843931.3038
64,6,3,13,81505,16,6.4460,8.1480,1789843941.1962
64,6,3,14,95260,16,7.3860,9.2680,1789843952.1746
64,6,3,15,94212,15,7.8490,9.7460,1789843962.9770
64,6,3,16,134094,16,10.7800,13.2250,1789843977.8198
64,6,3,17,127789,16,10.6970,13.3600,1789843993.0200
64,6,3,18,145480,16,11.6040,14.3020,1789844008.9234
64,6,3,19,154693,16,13.6540,16.5710,1789844026.8078
64,6,3,20,82873,16,7.3760,9.2970,1789844038.0575
64,6,3,21,150478,16,11.9700,14.8990,1789844054.8177
64,6,3,22,359396,32,30.2340,37.2080,1789844093.4453
64,6,3,23,426960,32,36.4930,44.7250,1789844139.7100
64,7,3,1,12889,4,2.0880,3.2360,1789844425.9578
64,7,3,2,16784,5,2.0850,2.5400,1789844429.9940
64,7,3,3,31493,9,4.0130,4.8900,1789844436.1471
64,7,3,4,30627,9,3.4740,4.3890,1789844442.4881
64,7,3,5,32395,11,3.9260,5.0370,1789844448.7219
64,7,3,6,36488,12,4.1550,5.3670,1789844455.4640
64,7,3,7,40780,11,4.1200,5.3940,1789844462.0091
64,7,3,8,51390,15,5.1790,6.6850,1789844470.0473
64,7,3,9,51955,14,4.9210,6.3660,1789844477.5897
64,7,3,10,57526,16,5.5640,7.2080,1789844486.2415
64,7,3,11,51864,15,5.9480,7.5310,1789844494.9171
64,7,3,12,55594,16,5.9690,7.8500,1789844504.4390
64,7,3,13,45656,11,4.1210,5.6610,1789844511.9050
64,7,3,14,70234,16,6.2610,8.8380,1789844522.0686
64,7,3,15,58108,15,6.2710,7.8560,1789844531.0319
64,7,3,16,88059,16,8.0010,9.9200,1789844542.0818
64,7,3,17,89435,16,7.1230,9.2740,1789844552.6565
64,7,3,18,103517,16,8.8480,10.9090,1789844564.7986
64,7,3,19,80720,15,7.1270,8.8050,1789844574.8751
64,7,3,20,120064,16,8.9940,11.4640,1789844587.6726
64,7,3,21,147394,16,11.7410,14.4540,1789844603.4762
64,7,3,22,131436,16,10.6510,13.1490,1789844617.9544
64,7,3,23,153046,16,12.1140,14.9000,1789844634.3276
64,7,3,24,161668,16,12.1660,15.1900,1789844651.7515
64,7,3,25,356372,32,29.1320,35.8860,1789844688.9520
64,7,3,26,178560,16,16.1390,19.5550,1789844709.9166
64,7,3,27,132208,8,10.9130,13.4180,1789844725.1636
64,8,3,1,21766,6,2.4700,3.3270,1789845048.1537
64,8,3,2,21660,6,1.8770,2.7310,1789845052.2115
64,8,3,3,30512,9,2.7320,3.5600,1789845056.9976
64,8,3,4,24449,7,2.1800,2.7890,1789845061.0467
64,8,3,5,34839,11,3.5640,4.5540,1789845066.6479
64,8,3,6,35458,10,4.3080,5.2660,1789845074.8777
64,8,3,7,42063,12,4.0220,5.1640,1789845081.5181
64,8,3,8,52805,15,5.3160,6.8880,1789845090.4707
64,8,3,9,62792,16,6.4060,8.5240,1789845100.1682
64,8,3,10,70729,15,6.0750,7.6400,1789845109.5159
64,8,3,11,64884,16,6.1430,8.0790,1789845119.5092
64,8,3,12,80022,16,6.6350,8.5980,1789845129.9949
64,8,3,13,92116,16,7.2840,9.0520,1789845140.7035
64,8,3,14,108856,16,9.6230,11.6770,1789845153.5384
64,8,3,15,106089,16,9.0890,11.1310,1789845166.0533
64,8,3,16,103009,16,8.5280,10.5430,1789845178.4336
64,8,3,17,121243,16,10.5710,12.8690,1789845192.4360
64,8,3,18,116314,16,10.4140,13.1510,1789845206.9953
64,8,3,19,137592,16,11.4240,14.0980,1789845222.4006
64,8,3,20,186722,16,15.0330,18.4570,1789845242.7285
64,8,3,21,372789,32,30.6950,37.8470,1789845282.5628
64,8,3,22,199578,16,17.3770,21.1270,1789845305.2668
64,8,3,23,126513,8,12.2730,14.8030,1789845321.7337
64,9,3,1,41516,14,4.8470,6.3310,1789845655.0942
64,9,3,2,37496,10,3.5340,4.6250,1789845661.4666
64,9,3,3,47737,14,5.2070,6.9860,1789845670.1656
64,9,3,4,55575,14,5.0980,6.6740,1789845678.4288
64,9,3,5,57179,15,5.5390,7.2670,1789845687.4155
64,9,3,6,90724,16,6.9570,8.6320,1789845697.4179
64,9,3,7,82499,16,7.1740,8.9020,1789845707.4153
64,9,3,8,108070,16,9.1690,11.1730,1789845719.7207
64,9,3,9,101363,15,8.4930,10.5370,1789845731.9475
64,9,3,10,132482,16,10.9130,13.4820,1789845747.4783
64,9,3,11,104678,16,8.7050,10.8670,1789845760.3520
64,9,3,12,106717,16,8.6510,11.3310,1789845773.6586
64,9,3,13,159171,16,13.8560,17.0330,1789845791.9125
64,9,3,14,171522,16,13.8570,17.1830,1789845810.6651
64,9,3,15,402733,32,31.2490,38.8990,1789845850.9642
64,9,3,16,241251,16,21.1610,25.8060,1789845878.4836
64,9,3,17,135105,8,11.3770,13.8590,1789845893.8303
64,10,3,1,31129,9,4.5390,6.1010,1789846287.5488
64,10,3,2,31949,9,4.3730,5.7920,1789846294.6064
64,10,3,3,42700,13,4.5050,5.8780,1789846301.7311
64,10,3,4,39470,13,4.5620,5.8980,1789846308.7466
64,10,3,5,44211,15,5.3180,6.8660,1789846316.7474
64,10,3,6,54149,15,5.3860,7.4120,1789846326.4460
64,10,3,7,68853,16,5.9040,8.1990,1789846336.1274
64,10,3,8,80169,16,6.8930,8.9970,1789846346.9006
64,10,3,9,81018,15,7.0690,8.8030,1789846357.7406
64,10,3,10,127913,16,9.6730,12.2150,1789846371.9407
64,10,3,11,124997,16,10.3940,12.7380,1789846385.8908
64,10,3,12,133332,16,10.0940,13.0610,1789846400.1417
64,10,3,13,143971,16,11.5340,14.1750,1789846415.5976
64,10,3,14,166008,16,13.5460,16.6320,1789846434.0811
64,10,3,15,192852,16,16.7550,20.5290,1789846456.6916
64,10,3,16,159057,16,13.4490,16.5290,1789846474.7450
64,10,3,17,394236,32,32.4570,39.8760,1789846517.0320
64,10,3,18,179314,16,15.1880,18.6040,1789846537.7708
64,10,3,19,117816,8,9.5760,11.8730,1789846552.0439
64,10,3,20,147483,8,12.7300,15.6560,1789846570.1638
64,11,3,1,57083,16,5.1740,7.1190,1789846933.3938
64,11,3,2,53928,15,4.9080,6.2670,1789846940.8717
64,11,3,3,79247,16,6.4040,8.0140,1789846950.0754
64,11,3,4,84613,16,7.7800,9.5310,1789846961.2324
64,11,3,5,96614,16,8.1680,10.0280,1789846973.1713
64,11,3,6,78276,14,6.2110,7.8940,1789846982.5640
64,11,3,7,91374,15,8.2830,10.5850,1789846994.7995
64,11,3,8,107136,16,9.7980,11.9580,1789847007.8582
64,11,3,9,125807,16,10.3830,12.8350,1789847022.8203
64,11,3,10,141892,16,11.3120,13.9220,1789847038.7388
64,11,3,11,136712,16,10.9580,13.5060,1789847053.4646
64,11,3,12,154922,16,12.2240,15.5100,1789847070.1084
64,11,3,13,329557,32,25.8450,32.1120,1789847103.8987
64,11,3,14,404110,32,33.5430,41.2190,1789847146.4228
64,11,3,15,145269,8,12.6980,15.3870,1789847163.2768
64,12,3,1,24597,7,2.7170,3.4540,1789847495.0165
64,12,3,2,40449,14,4.9670,6.4040,1789847502.5869
64,12,3,3,43549,13,4.4980,5.8350,1789847509.6698
64,12,3,4,39871,11,3.8540,4.9670,1789847515.7411
64,12,3,5,48702,14,4.9940,6.3980,1789847523.2360
64,12,3,6,66712,16,5.7630,7.4070,1789847531.7535
64,12,3,7,82146,16,6.5240,8.2240,1789847541.1084
64,12,3,8,77302,16,6.4120,8.1390,1789847550.3837
64,12,3,9,99284,16,7.3660,9.7530,1789847561.2915
64,12,3,10,121807,16,9.6170,11.8530,1789847574.2262
64,12,3,11,117041,16,9.6210,11.9140,1789847587.2516
64,12,3,12,131424,16,10.5280,12.9710,1789847601.3456
64,12,3,13,104684,16,8.6220,10.7480,1789847613.2616
64,12,3,14,155840,16,12.5690,15.4550,1789847629.9715
64,12,3,15,163689,16,13.6650,16.7590,1789847647.9899
64,12,3,16,135064,16,11.2340,13.8880,1789847663.2582
64,12,3,17,201473,16,17.3270,21.2310,1789847685.8020
64,12,3,18,382656,32,31.8890,39.2140,1789847726.3466
64,12,3,19,223156,16,19.5430,23.8480,1789847751.6902
64,13,3,1,17444,5,1.9060,2.4230,1789848051.9880
64,13,3,2,21899,6,2.1920,2.8020,1789848055.8551
64,13,3,3,29738,9,3.2710,4.1930,1789848061.0939
64,13,3,4,36635,12,4.0950,5.2770,1789848067.4163
64,13,3,5,42857,14,4.8170,6.2520,1789848074.7639
64,13,3,6,42893,13,4.5740,5.8730,1789848081.6858
64,13,3,7,44890,13,4.1100,5.3340,1789848088.0315
64,13,3,8,46515,13,4.1610,5.3290,1789848094.4169
64,13,3,9,61109,16,5.7000,7.1540,1789848102.6748
64,13,3,10,60662,14,5.0080,6.3530,1789848110.0785
64,13,3,11,80051,16,6.6550,8.2350,1789848119.3776
64,13,3,12,85344,16,7.0670,8.8740,1789848129.4080
64,13,3,13,88083,16,7.2600,9.1130,1789848139.6078
64,13,3,14,107331,16,8.8250,10.8560,1789848151.5691
64,13,3,15,92401,16,7.5100,9.3840,1789848162.0614
64,13,3,16,102830,16,7.8730,9.8390,1789848173.0013
64,13,3,17,99947,16,8.2480,10.2860,1789848184.3868
64,13,3,18,140768,16,11.4390,14.1400,1789848199.6590
64,13,3,19,111918,16,10.0500,12.3470,1789848213.1188
64,13,3,20,187888,16,14.6890,18.1880,1789848232.6924
64,13,3,21,121847,16,10.4700,13.0490,1789848246.9987
64,13,3,22,258119,31,21.4580,26.6870,1789848274.9260
64,13,3,23,210553,16,18.0380,22.0280,1789848298.1270
64,13,3,24,114141,8,9.1430,11.3200,1789848310.7260
64,14,3,1,124319,16,9.8940,12.2510,1789848762.1924
64,14,3,2,109741,14,9.4000,11.6060,1789848774.9580
64,14,3,3,128626,16,10.3380,12.7920,1789848788.9796
64,14,3,4,155325,16,12.0960,15.0070,1789848805.2791
64,14,3,5,169191,16,14.3530,17.6000,1789848824.1083
64,14,3,6,180803,14,15.7520,19.2390,1789848844.6118
64,14,3,7,157012,16,12.9680,15.9670,1789848861.8794
64,14,3,8,328647,32,27.9140,34.2630,1789848897.3738
64,14,3,9,264196,16,21.6010,26.6680,1789848925.5375
64,14,3,10,125565,8,11.0000,13.3400,1789848940.3780
64,15,3,1,41489,11,4.0040,5.4600,1789849222.4004
64,15,3,2,56854,16,5.5950,7.2390,1789849230.7572
64,15,3,3,59401,15,5.5110,7.5200,1789849239.5488
64,15,3,4,57031,13,5.0510,6.4100,1789849247.1353
64,15,3,5,81078,16,6.4900,8.2230,1789849256.5902
64,15,3,6,59782,16,6.5920,8.2760,1789849266.0366
64,15,3,7,72202,16,6.3010,7.9860,1789849275.1673
64,15,3,8,60885,16,6.0220,7.6950,1789849284.0154
64,15,3,9,73981,16,6.6830,8.4520,1789849293.6183
64,15,3,10,81026,16,6.4560,8.1800,1789849302.9485
64,15,3,11,57513,13,5.2900,6.7090,1789849311.2165
64,15,3,12,99156,16,8.0730,10.0900,1789849322.4429
64,15,3,13,158995,16,12.2020,15.1320,1789849338.7389
64,15,3,14,128564,16,9.7370,12.1430,1789849352.0058
64,15,3,15,172272,16,14.4940,17.7960,1789849371.0908
64,15,3,16,120819,16,10.3060,12.7710,1789849385.0802
64,15,3,17,165685,16,13.1640,16.3430,1789849402.6487
64,15,3,18,220907,16,19.0350,23.2510,1789849427.7912
64,15,3,19,104158,8,8.0230,9.9010,1789849439.4421
64,15,3,20,151585,8,12.9490,15.9360,1789849456.8100
64,16,3,1,52129,15,5.3170,6.8180,1789849757.5123
64,16,3,2,43725,11,3.8630,4.9930,1789849763.7532
64,16,3,3,62083,14,5.5760,7.0310,1789849772.4721
64,16,3,4,54904,16,5.6280,7.2090,1789849781.0132
64,16,3,5,58557,13,4.9740,6.3290,1789849788.4596
64,16,3,6,81837,16,6.6200,8.3060,1789849797.8903
64,16,3,7,101312,16,7.9730,9.9270,1789849808.9509
64,16,3,8,105188,16,8.2430,10.1980,1789849820.7129
64,16,3,9,110828,16,8.7100,10.7440,1789849832.6051
64,16,3,10,122756,16,9.7600,12.0370,1789849845.8078
64,16,3,11,134381,16,11.1080,13.7250,1789849860.8741
64,16,3,12,117453,16,9.3760,11.5700,1789849873.6117
64,16,3,13,120581,16,9.7590,12.0390,1789849886.8988
64,16,3,14,126171,16,10.0730,12.4620,1789849900.5903
64,16,3,15,174331,16,13.7520,17.1830,1789849918.9900
64,16,3,16,167266,16,13.0700,16.1360,1789849936.4345
64,16,3,17,157466,16,12.0690,15.0750,1789849952.7781
64,16,3,18,292155,32,24.4770,30.1420,1789849984.7789
64,16,3,19,196934,16,17.2360,21.2260,1789850007.3103
64,16,3,20,122656,8,10.5570,13.0620,1789850021.6797
64,17,3,1,20703,6,2.1950,3.0010,1789850364.2786
64,17,3,2,23992,7,2.5250,3.2500,1789850368.6612
64,17,3,3,23289,7,2.4420,3.1510,1789850372.9822
64,17,3,4,32038,11,3.7740,4.8950,1789850379.1364
64,17,3,5,35885,11,3.8580,4.9640,1789850385.2406
64,17,3,6,32420,10,3.4510,4.4510,1789850390.7868
64,17,3,7,23698,7,2.6390,3.3600,1789850395.3130
64,17,3,8,39833,13,4.4330,5.7310,1789850402.1536
64,17,3,9,46614,15,5.1480,6.6680,1789850409.9597
64,17,3,10,50416,16,5.5560,7.1730,1789850418.2906
64,17,3,11,47483,14,4.9110,6.3880,1789850426.0836
64,17,3,12,59402,15,5.4780,7.0400,1789850434.2564
64,17,3,13,82322,16,6.4010,8.5270,1789850443.8986
64,17,3,14,65389,14,5.3760,6.7830,1789850451.7503
64,17,3,15,75582,16,6.3050,7.9010,1789850460.7145
64,17,3,16,77682,16,6.8690,8.4790,1789850470.2519
64,17,3,17,113288,16,8.9700,11.0780,1789850482.5034
64,17,3,18,89283,15,7.4560,9.3290,1789850493.0339
64,17,3,19,100155,16,8.7190,10.8300,1789850505.0111
64,17,3,20,90569,14,7.7390,9.6370,1789850516.3852
64,17,3,21,135216,16,10.4560,13.0390,1789850530.5895
64,17,3,22,107904,16,8.4530,10.6680,1789850542.4275
64,17,3,23,186462,16,15.1470,18.6760,1789850562.3152
64,17,3,24,92899,14,8.1410,10.0900,1789850573.5907
64,17,3,25,193439,16,17.3250,21.1820,1789850595.9896
64,17,3,26,228754,16,19.8310,24.6680,1789850621.9089
64,17,3,27,497761,32,45.0440,54.8370,1789850678.1475
64,17,3,28,193475,16,16.4820,20.1230,1789850699.6255
64,17,3,29,126481,8,11.2120,13.6530,1789850714.7235
64,18,3,1,398741,32,32.9130,40.4600,1789851242.1096
64,18,3,2,345487,32,26.5290,32.9510,1789851276.5264
64,18,3,3,95429,8,7.9280,9.6790,1789851287.5492
64,19,3,1,139609,16,11.8760,14.6780,1789851763.3817
64,19,3,2,192825,16,16.1810,19.8330,1789851784.6240
64,19,3,3,377698,31,30.8770,38.1570,1789851824.2535
64,19,3,4,235492,16,20.8020,25.3960,1789851851.0456
64,19,3,5,135987,8,12.4670,15.0350,1789851867.5637
96,0,0,1,400000,32,38.6200,60.7690,1789852980.7289
96,0,0,2,403166,32,34.9490,42.7560,1789853025.0718
96,1,0,1,241323,16,22.1350,26.8290,1789853560.7845
96,1,0,2,240153,16,19.4560,24.0880,1789853586.2406
96,2,0,1,150269,16,11.7210,14.4950,1789854066.6479
96,2,0,2,165514,16,13.3970,16.5030,1789854084.4336
96,2,0,3,397980,32,33.0340,40.4940,1789854126.2254
96,2,0,4,202361,16,17.4380,21.2610,1789854148.7231
96,2,0,5,120824,8,10.0100,12.6440,1789854162.6812
96,3,0,1,20778,6,2.5770,3.1910,1789854438.3236
96,3,0,2,33337,10,3.8610,4.8950,1789854444.4958
96,3,0,3,27999,8,3.3200,4.1570,1789854449.7201
96,3,0,4,37344,12,4.5820,5.7930,1789854456.6246
96,3,0,5,26757,8,3.2460,4.0200,1789854461.7516
96,3,0,6,40224,12,4.5130,5.7500,1789854468.6632
96,3,0,7,37785,12,4.6400,5.8710,1789854475.5780
96,3,0,8,46922,15,5.6240,7.1600,1789854483.8314
96,3,0,9,29228,8,3.3240,4.1590,1789854489.1237
96,3,0,10,51776,15,5.6040,7.1470,1789854497.4656
96,3,0,11,60768,15,5.8600,7.6080,1789854506.3661
96,3,0,12,67006,15,6.0600,7.6670,1789854515.2493
96,3,0,13,90583,16,8.2050,10.1290,1789854526.5391
96,3,0,14,110420,16,8.7300,10.7390,1789854538.4615
96,3,0,15,102934,16,8.2610,10.1750,1789854549.8141
96,3,0,16,130030,16,10.3260,12.7190,1789854563.7214
96,3,0,17,94653,15,8.3160,10.2710,1789854575.2585
96,3,0,18,117937,16,9.3530,11.5950,1789854588.0542
96,3,0,19,120084,16,9.6120,12.0300,1789854601.3279
96,3,0,20,170075,16,14.2630,17.4480,1789854620.0108
96,3,0,21,137978,16,11.1270,13.7550,1789854634.9860
96,3,0,22,168520,16,14.3740,17.7420,1789854654.7670
96,3,0,23,379987,32,32.0280,39.3280,1789854695.3316
96,3,0,24,206668,16,17.1800,21.1640,1789854717.7265
96,3,0,25,123907,8,10.3040,12.7110,1789854731.7673
96,4,0,1,17326,5,2.2460,2.8220,1789854944.0476
96,4,0,2,22558,7,3.0440,3.8370,1789854949.0628
96,4,0,3,28583,8,3.4100,4.2820,1789854954.5527
96,4,0,4,34873,12,4.8100,6.0960,1789854961.9155
96,4,0,5,35097,10,4.0830,5.1100,1789854968.1808
96,4,0,6,30171,9,3.7830,4.7080,1789854974.0344
96,4,0,7,36441,11,4.1020,5.2310,1789854980.6316
96,4,0,8,41391,14,5.5050,7.0740,1789854988.8931
96,4,0,9,43105,14,5.5800,7.0380,1789854997.0611
96,4,0,10,44299,13,5.2200,6.5470,1789855004.8129
96,4,0,11,45792,15,5.8570,7.3910,1789855013.3893
96,4,0,12,39015,10,3.9690,5.0380,1789855019.6079
96,4,0,13,48763,14,5.6030,7.0490,1789855027.8051
96,4,0,14,57424,14,5.1850,6.6790,1789855035.7567
96,4,0,15,35121,9,3.3890,4.2740,1789855041.0666
96,4,0,16,44879,12,4.3710,5.5420,1789855047.6918
96,4,0,17,54104,14,4.9830,6.2980,1789855055.1628
96,4,0,18,45143,14,4.6620,5.9480,1789855062.5178
96,4,0,19,66799,15,6.1730,7.6210,1789855071.2615
96,4,0,20,80902,16,7.0010,8.7250,1789855081.1367
96,4,0,21,91235,16,7.5060,9.3500,1789855091.7961
96,4,0,22,107026,16,8.7860,10.8620,1789855103.8698
96,4,0,23,92446,16,7.9220,9.7890,1789855114.8961
96,4,0,24,84696,16,6.8160,8.5550,1789855125.2023
96,4,0,25,92877,16,8.0410,9.9840,1789855136.4088
96,4,0,26,175867,16,14.6590,17.8970,1789855155.6382
96,4,0,27,156846,16,13.2400,16.1580,1789855173.2039
96,4,0,28,159864,16,12.9590,15.9180,1789855190.7856
96,4,0,29,133745,16,11.8600,14.5950,1789855206.7122
96,4,0,30,458402,32,39.4160,48.2750,1789855256.4975
96,4,0,31,212923,16,17.6570,21.6650,1789855279.6288
96,5,0,1,131482,16,10.9830,13.4750,1789855657.2201
96,5,0,2,117936,16,9.3000,11.4900,1789855669.9766
96,5,0,3,153292,16,11.8790,14.7520,1789855686.0854
96,5,0,4,181828,16,14.8050,18.1510,1789855705.7090
96,5,0,5,164724,16,13.1390,16.2070,1789855723.5890
96,5,0,6,195751,16,15.7940,19.5050,1789855744.4782
96,5,0,7,404413,32,33.5940,41.3270,1789855787.1707
96,5,0,8,155254,16,12.1750,15.1760,1789855803.7953
96,6,0,1,55397,8,4.9730,6.1430,1789856344.8158
96,6,0,2,114168,8,9.7150,11.8570,1789856357.9052
96,6,0,3,77217,8,6.4070,7.8620,1789856367.3123
96,6,0,4,109671,8,9.3800,11.4060,1789856380.2333
96,7,0,1,146346,8,13.7280,16.8210,1789856967.9599
96,8,0,1,353673,32,27.6180,34.2120,1789857457.3825
96,8,0,2,305633,32,25.2340,30.9790,1789857490.0361
96,8,0,3,120941,8,10.3870,12.6460,1789857504.1605
96,8,0,4,126513,8,11.5950,14.1030,1789857519.9764
96,9,0,1,17570,5,2.2010,2.7630,1789857775.2283
96,9,0,2,18924,5,2.0590,2.7570,1789857779.1123
96,9,0,3,22568,6,2.6670,3.3090,1789857783.6491
96,9,0,4,29619,9,3.3720,4.3350,1789857789.1323
96,9,0,5,28744,9,3.2310,4.2350,1789857794.4827
96,9,0,6,39178,13,4.5130,5.8270,1789857801.7056
96,9,0,7,40832,14,4.8540,6.3100,1789857809.4965
96,9,0,8,45859,15,5.4500,7.0720,1789857817.9524
96,9,0,9,41516,14,4.9690,6.8810,1789857826.1374
96,9,0,10,52220,14,4.7510,6.0680,1789857833.3138
96,9,0,11,55575,14,4.8430,6.6540,1789857841.2355
96,9,0,12,57179,15,5.1470,6.5800,1789857848.8501
96,9,0,13,78542,16,6.2390,7.8610,1789857857.7796
96,9,0,14,71208,15,6.0060,7.6030,1789857866.5436
96,9,0,15,93732,16,7.7990,9.6410,1789857877.3924
96,9,0,16,82499,16,7.2990,9.1240,1789857887.7388
96,9,0,17,82498,15,6.8330,8.5640,1789857897.5731
96,9,0,18,101363,15,8.0820,10.0780,1789857909.0095
96,9,0,19,149233,16,11.8450,14.5690,1789857924.7223
96,9,0,20,146439,16,11.1770,13.8820,1789857939.8430
96,9,0,21,122876,16,10.2750,12.7440,1789857953.9023
96,9,0,22,148381,16,12.0850,14.9500,1789857970.2443
96,9,0,23,174174,16,13.8490,17.1700,1789857988.7211
96,9,0,24,163619,16,13.4310,16.4560,1789858006.4056
96,9,0,25,254299,16,22.3240,27.2530,1789858035.1076
96,9,0,26,243573,16,21.8560,26.6130,1789858063.2693
96,10,0,1,55032,14,5.4450,6.8970,1789858481.3148
96,10,0,2,54149,15,5.4930,7.0340,1789858489.6063
96,10,0,3,68853,16,6.2250,7.9050,1789858498.8500
96,10,0,4,66222,16,6.1450,7.9080,1789858508.1176
96,10,0,5,82902,15,6.9270,8.6950,1789858518.0535
96,10,0,6,84835,13,6.9890,8.6990,1789858527.9545
96,10,0,7,146890,16,11.5160,14.2110,1789858543.4124
96,10,0,8,123956,16,10.2980,12.7040,1789858558.0974
96,10,0,9,149094,16,11.9180,14.6880,1789858574.1108
96,10,0,10,143971,16,11.4610,14.1160,1789858589.4422
96,10,0,11,186198,16,16.1070,19.7530,1789858610.7052
96,10,0,12,228763,16,19.7370,24.0770,1789858636.2006
96,10,0,13,196662,16,16.5980,20.3030,1789858658.2019
96,10,0,14,355925,32,29.2020,35.9610,1789858695.5107
96,10,0,15,194957,16,16.7180,20.4420,1789858717.3538
96,10,0,16,119614,8,9.4270,11.7090,1789858730.5928
96,11,0,1,136275,16,11.4680,14.1630,1789859223.5698
96,11,0,2,177552,16,14.1360,17.6000,1789859242.4257
96,11,0,3,418218,32,33.7780,41.7280,1789859285.6537
96,11,0,4,262587,16,22.7970,28.0380,1789859315.2247
96,12,0,1,43549,13,4.6190,6.0100,1789859649.9122
96,12,0,2,39062,13,5.0330,6.3970,1789859657.5998
96,12,0,3,46002,14,4.5880,6.0210,1789859664.8045
96,12,0,4,48702,14,4.5030,5.7730,1789859671.7227
96,12,0,5,46054,12,4.0850,5.2000,1789859678.2448
96,12,0,6,74650,16,5.8880,7.4530,1789859686.9120
96,12,0,7,63685,15,5.9020,7.3430,1789859695.4776
96,12,0,8,88360,16,6.8630,8.6350,1789859705.5112
96,12,0,9,75335,16,6.9120,8.7100,1789859715.4218
96,12,0,10,101602,16,8.2610,10.2750,1789859726.9187
96,12,0,11,91683,16,7.7480,9.6840,1789859737.9410
96,12,0,12,109567,15,8.9800,11.1680,1789859750.3919
96,12,0,13,153513,16,13.1020,16.0810,1789859767.7316
96,12,0,14,139418,16,11.3810,14.0860,1789859783.3573
96,12,0,15,130847,15,10.4570,12.9910,1789859797.6283
96,12,0,16,166808,16,14.0240,17.2000,1789859816.0669
96,12,0,17,142306,16,11.9980,14.7680,1789859832.1179
96,12,0,18,400698,32,31.6130,39.2380,1789859873.1051
96,12,0,19,214225,16,17.7670,21.9370,1789859896.4011
96,12,0,20,122285,8,10.8320,13.1570,1789859912.2718
96,13,0,1,155925,15,13.3750,16.3400,1789860434.4907
96,13,0,2,106590,8,9.2020,11.2500,1789860447.0703
96,13,0,3,75689,8,6.6010,8.1390,1789860456.7438
96,13,0,4,151314,8,12.5550,15.4010,1789860473.7028
96,14,0,1,15266,4,1.3730,2.0620,1789860756.0110
96,14,0,2,20196,6,2.2040,2.7540,1789860759.9282
96,14,0,3,23971,7,2.2950,3.0210,1789860764.3718
96,14,0,4,34424,11,3.6880,4.6870,1789860770.1150
96,14,0,5,32400,10,3.1460,4.0680,1789860775.4023
96,14,0,6,47672,16,5.5730,7.1430,1789860783.8324
96,14,0,7,51353,15,5.3070,6.9570,1789860792.0045
96,14,0,8,48836,13,4.6850,6.1280,1789860799.5640
96,14,0,9,54010,15,5.3710,6.9840,1789860807.8369
96,14,0,10,58635,15,5.5060,7.0710,1789860816.4549
96,14,0,11,52257,15,5.3860,6.9410,1789860824.6672
96,14,0,12,59427,15,5.5970,7.1410,1789860833.0666
96,14,0,13,65199,16,6.2350,7.9470,1789860842.5238
96,14,0,14,84169,16,6.8670,8.6950,1789860852.4649
96,14,0,15,68273,16,6.9240,8.6790,1789860862.3835
96,14,0,16,54606,12,5.1760,6.5180,1789860870.0545
96,14,0,17,82609,16,6.7590,8.5710,1789860879.9113
96,14,0,18,69438,15,6.6640,8.4060,1789860889.7918
96,14,0,19,102730,16,8.8030,11.3660,1789860902.4846
96,14,0,20,109741,14,9.5440,11.7840,1789860915.4191
96,14,0,21,107320,16,8.7520,10.9160,1789860927.8316
96,14,0,22,128626,16,10.2850,12.7320,1789860941.8293
96,14,0,23,129626,16,10.9330,13.5510,1789860956.6863
96,14,0,24,212580,16,17.3020,21.2870,1789860979.4073
96,14,0,25,189170,16,15.1960,18.7520,1789860999.4982
96,14,0,26,149469,16,12.3470,15.1980,1789861015.9999
96,14,0,27,441170,32,37.0070,45.4610,1789861063.0426
96,14,0,28,249604,16,21.1000,26.0250,1789861090.4858
96,14,0,29,115180,8,9.4370,11.6890,1789861104.0683
96,15,0,1,11107,3,1.2980,1.6540,1789861305.0404
96,15,0,2,22524,7,2.4680,3.1430,1789861309.3605
96,15,0,3,27811,8,2.8870,3.6390,1789861314.1339
96,15,0,4,25580,8,2.8470,3.6850,1789861319.0013
96,15,0,5,27668,8,2.8280,3.7590,1789861323.9363
96,15,0,6,35171,11,3.9310,5.0860,1789861330.2845
96,15,0,7,30786,8,3.5110,4.4990,1789861335.9800
96,15,0,8,41258,14,5.0740,6.4970,1789861343.6632
96,15,0,9,45107,14,4.9240,6.4210,1789861351.3803
96,15,0,10,52503,16,5.8070,7.4590,1789861360.0546
96,15,0,11,41489,11,4.4190,5.5900,1789861366.8135
96,15,0,12,56854,16,6.0710,7.7320,1789861375.7914
96,15,0,13,66890,16,5.9270,7.5760,1789861384.6143
96,15,0,14,57031,13,5.2610,6.6660,1789861392.5923
96,15,0,15,81078,16,6.5350,8.2340,1789861402.0964
96,15,0,16,59782,16,6.3050,8.0060,1789861411.2948
96,15,0,17,72202,16,6.3330,8.0580,1789861420.9051
96,15,0,18,60885,16,6.3460,8.0420,1789861430.1073
96,15,0,19,73981,16,6.7790,8.6120,1789861439.9680
96,15,0,20,51460,11,4.9110,6.1640,1789861447.4112
96,15,0,21,104318,16,8.3930,10.4650,1789861459.3688
96,15,0,22,95419,16,7.9040,9.8830,1789861470.4699
96,15,0,23,94513,16,7.7710,9.7720,1789861481.4707
96,15,0,24,147033,16,11.4010,14.1650,1789861496.9938
96,15,0,25,170475,16,13.8130,17.0020,1789861515.5283
96,15,0,26,159414,16,12.7170,15.7850,1789861532.8047
96,15,0,27,333112,32,27.5170,33.8380,1789861568.4199
96,15,0,28,214720,16,18.9790,23.1550,1789861592.9691
96,15,0,29,94949,8,7.8170,9.5270,1789861603.9838
96,16,0,1,122756,16,9.6880,12.0610,1789861990.8137
96,16,0,2,129674,16,10.7490,13.1690,1789862005.2128
96,16,0,3,109129,16,8.7660,10.8770,1789862017.3004
96,16,0,4,119966,16,9.6870,11.9140,1789862030.5023
96,16,0,5,143628,16,11.4980,14.1410,1789862045.9289
96,16,0,6,131376,16,11.1820,13.8430,1789862061.0310
96,16,0,7,157680,16,13.5090,16.5610,1789862078.8486
96,16,0,8,172689,16,13.0730,16.3500,1789862097.0758
96,16,0,9,373689,32,29.6890,36.7600,1789862135.2776
96,16,0,10,141456,15,12.2150,14.9810,1789862151.6790
96,16,0,11,132748,8,11.6780,14.1510,1789862167.4530
96,16,0,12,89813,8,7.7000,9.3660,1789862178.7007
96,17,0,1,92899,14,8.2290,10.2880,1789862664.0682
96,17,0,2,186462,16,15.0020,18.4960,1789862683.8358
96,17,0,3,88680,13,8.1110,9.9990,1789862695.2902
96,17,0,4,191321,16,16.6550,20.3890,1789862716.8949
96,17,0,5,283119,32,23.0510,28.6070,1789862747.0823
96,17,0,6,111866,8,9.5430,11.6130,1789862760.4104
96,17,0,7,474564,32,41.2230,50.4190,1789862813.0014
96,17,0,8,239223,16,20.1610,24.7740,1789862839.1743
96,17,0,9,143133,8,11.6350,14.2480,1789862855.0597
96,18,0,1,15208,4,1.5200,1.9660,1789863104.9299
96,18,0,2,21735,6,2.2080,2.7740,1789863108.7848
96,18,0,3,25574,7,2.4420,3.1220,1789863113.3142
96,18,0,4,38755,13,4.3150,5.6430,1789863120.3997
96,18,0,5,39910,14,4.5330,5.8890,1789863127.6159
96,18,0,6,41043,13,4.3240,5.5020,1789863134.3083
96,18,0,7,46159,15,5.2430,7.0630,1789863143.0814
96,18,0,8,48567,14,4.4410,5.9250,1789863150.2038
96,18,0,9,46191,13,4.2180,5.4210,1789863156.9274
96,18,0,10,42416,14,4.5440,5.9050,1789863164.0524
96,18,0,11,49341,16,6.1060,7.5390,1789863172.7602
96,18,0,12,49042,14,4.7600,6.0590,1789863180.0794
96,18,0,13,37539,10,3.6040,4.8750,1789863186.1820
96,18,0,14,61192,16,5.8720,7.5450,1789863194.8726
96,18,0,15,59170,16,5.7120,7.7370,1789863203.9924
96,18,0,16,68780,14,5.4920,7.1560,1789863212.2830
96,18,0,17,86533,16,6.9910,8.7920,1789863222.2619
96,18,0,18,116508,16,8.3060,10.5010,1789863234.4664
96,18,0,19,82848,16,7.0460,8.8110,1789863244.3624
96,18,0,20,89258,16,7.5440,9.3710,1789863254.8596
96,18,0,21,145374,16,10.9220,13.5580,1789863269.6748
96,18,0,22,128749,16,9.7230,12.0830,1789863283.0188
96,18,0,23,123613,15,9.8760,12.2700,1789863296.5532
96,18,0,24,152242,16,12.3020,15.1300,1789863313.7130
96,18,0,25,175224,16,13.7910,17.0570,1789863332.0090
96,18,0,26,171225,16,13.5670,16.7830,1789863350.0569
96,18,0,27,364368,32,29.0460,35.9280,1789863387.4529
96,18,0,28,194719,16,16.5360,20.2510,1789863409.1516
96,18,0,29,175228,8,15.9400,19.5670,1789863430.0864
96,19,0,1,100859,16,7.9200,9.9920,1789863805.6706
96,19,0,2,77578,15,6.4840,8.0910,1789863815.0059
96,19,0,3,89913,16,7.9530,9.8240,1789863826.4921
96,19,0,4,110506,16,9.1750,11.3760,1789863839.0523
96,19,0,5,125840,15,9.3470,11.7500,1789863852.0110
96,19,0,6,125554,16,9.7460,12.2060,1789863865.4996
96,19,0,7,104973,15,8.8300,11.0200,1789863877.8127
96,19,0,8,174930,16,14.5170,17.8300,1789863897.0661
96,19,0,9,159613,16,12.4190,15.4060,1789863913.8537
96,19,0,10,340395,32,27.5580,34.2210,1789863949.5148
96,19,0,11,201267,16,15.5400,19.3400,1789863970.3905
96,19,0,12,123625,8,9.6500,11.9020,1789863983.6622
96,19,0,13,131020,8,10.6080,13.0860,1789863998.2576
96,0,1,1,96352,16,17.5170,29.6390,1789852839.6761
96,0,1,2,85769,16,7.1990,9.0110,1789852850.0239
96,0,1,3,141505,16,12.0290,14.8670,1789852866.1718
96,0,1,4,143859,16,11.0750,13.7960,1789852881.2923
96,0,1,5,163785,16,13.0960,16.2410,1789852898.7676
96,0,1,6,171048,16,13.5920,16.8270,1789852916.8240
96,0,1,7,170426,16,13.2210,16.3680,1789852934.7571
96,0,1,8,320592,32,25.8310,31.8470,1789852967.9542
96,0,1,9,235387,16,18.9270,23.4490,1789852992.8616
96,0,1,10,106009,8,9.2650,11.2030,1789853005.3824
96,0,1,11,130314,8,10.5780,13.0090,1789853019.8243
96,1,1,1,60465,15,6.0020,7.5660,1789853355.2272
96,1,1,2,57081,16,6.3240,8.0450,1789853364.4341
96,1,1,3,52610,15,5.7300,7.3140,1789853372.9112
96,1,1,4,67478,15,5.8180,7.3720,1789853381.4186
96,1,1,5,91536,16,7.7290,9.5680,1789853392.1727
96,1,1,6,102651,16,8.2150,10.1810,1789853403.6450
96,1,1,7,113570,16,8.6320,10.7420,1789853415.5462
96,1,1,8,120277,16,9.2370,11.5140,1789853428.2588
96,1,1,9,113018,15,9.5300,11.8220,1789853441.2583
96,1,1,10,83597,13,7.2020,8.8730,1789853451.3182
96,1,1,11,115822,16,9.3660,11.5960,1789853464.1359
96,1,1,12,154723,16,12.8740,15.7870,1789853481.1677
96,1,1,13,150293,16,11.9780,14.7800,1789853497.1646
96,1,1,14,343263,32,27.3520,33.8640,1789853532.7378
96,1,1,15,230318,16,19.0540,23.4160,1789853557.4846
96,1,1,16,101997,8,8.0420,9.9550,1789853568.8092
96,1,1,17,111503,8,9.7110,11.7850,1789853581.9381
96,2,1,1,94546,16,7.8730,9.8160,1789853978.8800
96,2,1,2,95889,16,7.7740,9.6960,1789853989.7713
96,2,1,3,121192,16,9.7260,12.0220,1789854003.0378
96,2,1,4,135240,16,10.7860,13.2780,1789854017.5358
96,2,1,5,131369,16,10.2080,12.6830,1789854031.4201
96,2,1,6,117293,16,9.6990,12.0090,1789854044.6963
96,2,1,7,164614,16,13.4930,16.5370,1789854062.4846
96,2,1,8,159585,16,13.2630,16.2600,1789854081.2676
96,2,1,9,159972,16,12.5680,15.5900,1789854098.0160
96,2,1,10,394784,32,33.0140,40.6440,1789854139.9603
96,2,1,11,239523,16,19.5650,24.0450,1789854165.8827
96,3,1,1,355200,32,29.9540,36.7000,1789854684.7428
96,3,1,2,418866,32,35.0500,43.1930,1789854729.5439
96,3,1,3,76477,8,6.3950,7.8460,1789854738.8671
96,4,1,1,66766,16,5.7080,7.1890,1789855051.6738
96,4,1,2,68545,16,5.7590,7.2460,1789855060.1112
96,4,1,3,59321,13,5.3990,6.7010,1789855067.8991
96,4,1,4,74468,16,6.0990,7.7460,1789855077.0415
96,4,1,5,63625,15,6.2160,7.8300,1789855086.0680
96,4,1,6,84166,16,7.1280,8.8930,1789855096.1553
96,4,1,7,117623,16,9.2170,11.4350,1789855108.9084
96,4,1,8,104817,16,8.2330,10.2410,1789855120.3548
96,4,1,9,137222,16,10.8930,13.3880,1789855135.0385
96,4,1,10,115623,16,9.0890,11.2800,1789855147.6144
96,4,1,11,139855,16,10.7340,13.3700,1789855162.3778
96,4,1,12,184418,16,14.3450,17.7740,1789855181.4806
96,4,1,13,151024,16,11.9180,14.9120,1789855197.8024
96,4,1,14,382640,32,30.0680,37.3430,1789855236.6022
96,4,1,15,191126,16,15.1690,18.8490,1789855256.9009
96,4,1,16,118847,8,10.1750,12.3910,1789855270.8294
96,5,1,1,186520,16,14.9590,18.5870,1789855768.2703
96,5,1,2,164416,16,14.5140,17.8550,1789855787.8119
96,5,1,3,94585,8,7.9950,9.7910,1789855799.0728
96,5,1,4,124944,8,10.1630,12.5910,1789855813.2070
96,6,1,1,50363,16,5.9190,7.6130,1789856117.8568
96,6,1,2,44817,13,4.6560,6.0230,1789856125.1158
96,6,1,3,62576,16,5.7940,7.4710,1789856134.0529
96,6,1,4,49758,13,4.7930,6.1950,1789856141.4338
96,6,1,5,75592,16,6.2550,7.9590,1789856150.6585
96,6,1,6,64062,14,5.8070,7.3300,1789856159.4016
96,6,1,7,96226,16,7.4710,9.3160,1789856169.9230
96,6,1,8,94640,16,7.2650,9.0720,1789856180.1918
96,6,1,9,102526,16,8.0160,9.9990,1789856191.3896
96,6,1,10,138848,16,11.0440,13.6240,1789856206.3564
96,6,1,11,119184,16,9.5690,11.8160,1789856219.5698
96,6,1,12,97079,16,8.3540,10.4490,1789856231.2874
96,6,1,13,108577,16,9.3270,11.5750,1789856244.1480
96,6,1,14,151919,16,12.4640,15.3130,1789856260.7278
96,6,1,15,145192,16,11.9310,14.7300,1789856276.7896
96,6,1,16,134153,16,10.3780,12.9840,1789856291.3939
96,6,1,17,361044,32,29.4400,36.3130,1789856329.2861
96,6,1,18,430477,32,34.2920,42.8190,1789856373.5728
96,7,1,1,51955,14,5.0270,6.6180,1789856674.7235
96,7,1,2,57526,16,5.7230,7.3800,1789856685.3018
96,7,1,3,55594,16,5.9250,7.6020,1789856694.1146
96,7,1,4,45656,11,4.0990,5.3070,1789856700.6728
96,7,1,5,70234,16,6.2510,7.9170,1789856709.8122
96,7,1,6,58108,15,5.5450,7.2350,1789856718.1961
96,7,1,7,88059,16,7.0140,8.8150,1789856728.5973
96,7,1,8,76821,16,6.3900,8.1840,1789856738.4394
96,7,1,9,89435,16,7.1740,8.8780,1789856748.4803
96,7,1,10,111442,16,8.3670,10.4080,1789856760.4492
96,7,1,11,103517,16,8.3170,10.2600,1789856771.8542
96,7,1,12,91453,14,7.7110,9.6110,1789856782.6612
96,7,1,13,129173,16,9.7380,12.2200,1789856796.2812
96,7,1,14,152545,16,11.4710,14.2300,1789856811.9630
96,7,1,15,161629,16,12.1750,15.1220,1789856828.5647
96,7,1,16,137765,16,10.9800,13.7630,1789856843.7009
96,7,1,17,154524,16,13.7220,16.8860,1789856861.7750
96,7,1,18,396337,32,31.1810,38.6990,1789856902.3349
96,7,1,19,226554,16,20.0140,24.4350,1789856928.2842
96,7,1,20,125116,8,10.6960,13.2170,1789856942.9353
96,7,1,21,113699,8,9.9900,12.2190,1789856956.8209
96,8,1,1,62792,16,6.0430,7.8840,1789857292.3171
96,8,1,2,63130,15,5.6260,7.1890,1789857300.7673
96,8,1,3,70729,15,5.8570,7.4950,1789857309.4089
96,8,1,4,74937,16,5.9270,7.4810,1789857317.9999
96,8,1,5,86363,16,6.7900,8.4720,1789857327.6067
96,8,1,6,95922,16,7.5640,9.3600,1789857338.3260
96,8,1,7,108856,16,8.6600,10.7130,1789857350.5575
96,8,1,8,106089,16,9.1590,11.2820,1789857363.1912
96,8,1,9,103009,16,8.3200,10.3770,1789857374.7938
96,8,1,10,121243,16,9.7440,12.0550,1789857388.1250
96,8,1,11,71308,14,6.4580,8.1340,1789857397.6933
96,8,1,12,156631,16,12.6900,15.6220,1789857414.6617
96,8,1,13,212992,16,18.2070,22.1810,1789857438.5652
96,8,1,14,131222,16,10.4850,12.9170,1789857452.9527
96,8,1,15,201524,16,16.2220,20.0320,1789857474.3977
96,8,1,16,253490,16,22.4960,27.3600,1789857503.8369
96,8,1,17,100277,8,8.3280,10.1700,1789857515.7310
96,9,1,1,114324,16,9.0800,11.1680,1789857888.9781
96,9,1,2,108070,16,8.4940,10.5560,1789857901.0920
96,9,1,3,107920,16,8.5120,10.7060,1789857913.2167
96,9,1,4,116936,16,9.6930,12.0050,1789857926.5660
96,9,1,5,100841,16,8.3530,10.4160,1789857938.7739
96,9,1,6,130524,16,11.2730,13.9720,1789857954.1247
96,9,1,7,160046,16,12.7360,15.6830,1789857971.0575
96,9,1,8,154473,16,11.9820,14.8230,1789857987.3065
96,9,1,9,404233,32,33.3540,40.9910,1789858029.7378
96,9,1,10,218721,16,17.0630,21.2180,1789858052.5756
96,9,1,11,59174,8,5.3800,6.5200,1789858060.5038
96,9,1,12,135105,8,10.7560,13.2470,1789858075.4440
96,10,1,1,142443,16,11.8090,14.5740,1789858579.5485
96,10,1,2,178921,16,15.0450,18.3980,1789858599.2644
96,10,1,3,184235,16,14.3190,17.7160,1789858618.3507
96,10,1,4,156705,16,12.0270,14.9080,1789858634.7175
96,10,1,5,237196,16,20.4890,25.0200,1789858661.5224
96,10,1,6,371291,32,30.9870,38.0370,1789858701.1715
96,10,1,7,199309,16,16.3340,20.1650,1789858722.5993
96,10,1,8,126520,8,10.1960,12.6110,1789858736.7504
96,11,1,1,26722,8,3.3910,4.3170,1789859015.6881
96,11,1,2,36405,13,4.8500,6.1790,1789859023.0613
96,11,1,3,32563,10,3.5890,4.6210,1789859028.9505
96,11,1,4,42671,13,4.5870,5.9360,1789859036.0070
96,11,1,5,41143,12,4.1220,5.3580,1789859042.7438
96,11,1,6,38999,12,4.1950,5.5500,1789859049.4908
96,11,1,7,41998,12,4.3170,5.5750,1789859056.2610
96,11,1,8,45586,13,4.7650,6.1670,1789859063.5863
96,11,1,9,49902,14,5.1440,6.6800,1789859071.3268
96,11,1,10,59520,16,5.7580,7.4680,1789859079.9228
96,11,1,11,53928,15,5.6280,7.2440,1789859088.3573
96,11,1,12,79247,16,6.7740,8.4940,1789859098.0117
96,11,1,13,90082,16,7.3400,9.1380,1789859108.3149
96,11,1,14,84613,16,7.1020,8.8760,1789859118.4879
96,11,1,15,81658,16,7.2290,9.0700,1789859128.7018
96,11,1,16,84025,16,6.9820,8.8120,1789859139.0150
96,11,1,17,86459,15,7.4060,9.2650,1789859149.5245
96,11,1,18,122426,16,9.6060,11.9000,1789859162.6299
96,11,1,19,106987,16,8.6220,10.6680,1789859174.5142
96,11,1,20,153537,16,11.7870,14.5700,1789859190.1738
96,11,1,21,187301,16,15.5150,18.9620,1789859210.3656
96,11,1,22,164316,16,12.2300,15.2710,1789859226.9749
96,11,1,23,353814,32,28.1970,34.8150,1789859263.1293
96,11,1,24,184292,16,14.9360,18.4550,1789859283.1452
96,11,1,25,127731,8,11.1800,13.5790,1789859298.3846
96,11,1,26,132586,8,10.8900,13.4670,1789859313.8033
96,12,1,1,381195,32,30.6200,37.8770,1789859854.0120
96,12,1,2,337306,32,27.3930,33.8600,1789859889.8279
96,12,1,3,94575,8,8.6270,10.5230,1789859901.8106
96,13,1,1,99357,16,7.8090,9.7260,1789860300.1605
96,13,1,2,103977,16,8.4720,10.4910,1789860311.9608
96,13,1,3,100374,16,8.1970,10.2830,1789860323.4176
96,13,1,4,133143,16,10.0840,12.6250,1789860337.6331
96,13,1,5,113662,16,9.5480,11.8620,1789860350.7798
96,13,1,6,158078,16,12.8060,15.7330,1789860368.3392
96,13,1,7,155997,16,12.2080,15.2780,1789860385.0482
96,13,1,8,253612,32,20.9780,26.1460,1789860412.6126
96,13,1,9,416621,32,34.1780,42.1850,1789860456.1941
96,13,1,10,198630,16,17.1310,20.9750,1789860478.5025
96,14,1,1,138234,16,11.3850,14.1000,1789860931.2476
96,14,1,2,160118,16,11.8190,14.7880,1789860947.4322
96,14,1,3,156348,16,12.3850,15.3410,1789860964.2649
96,14,1,4,172959,16,13.5280,16.7130,1789860982.3089
96,14,1,5,172707,16,14.6320,17.9430,1789861001.6853
96,14,1,6,162271,16,12.5890,15.6120,1789861019.0183
96,14,1,7,427974,32,36.3250,44.6040,1789861065.0655
96,14,1,8,235167,16,18.9880,23.5490,1789861090.0032
96,14,1,9,120701,8,10.6110,12.9120,1789861104.5204
96,15,1,1,147946,16,11.8730,15.0160,1789861582.7669
96,15,1,2,107222,8,9.2730,11.3130,1789861595.4391
96,15,1,3,124721,8,10.0570,12.3850,1789861610.2743
96,16,1,1,161951,8,15.4480,18.7550,1789862196.3645
96,18,1,1,54441,14,5.2620,7.0600,1789863190.7374
96,18,1,2,58438,16,6.0050,7.6770,1789863199.6609
96,18,1,3,56114,15,5.6340,7.1620,1789863208.0163
96,18,1,4,83431,16,6.3580,8.0780,1789863217.5554
96,18,1,5,96220,16,7.9250,9.9170,1789863228.7032
96,18,1,6,93989,16,7.9720,9.8970,1789863239.7112
96,18,1,7,89247,16,7.1260,8.8740,1789863249.9105
96,18,1,8,107962,15,8.7340,10.8660,1789863261.9267
96,18,1,9,107286,16,9.1490,11.3730,1789863274.8208
96,18,1,10,133630,16,10.8000,13.5150,1789863289.7768
96,18,1,11,112705,16,9.7280,12.0670,1789863303.1232
96,18,1,12,149128,16,12.4870,15.3630,1789863319.8467
96,18,1,13,144944,16,11.8740,14.6390,1789863335.6780
96,18,1,14,375014,32,29.9840,37.1770,1789863374.6809
96,18,1,15,392972,31,34.5860,42.3280,1789863418.4247
96,19,1,1,242718,16,19.7430,24.6510,1789863966.1091
96,19,1,2,263768,16,22.6060,27.7540,1789863995.2564
96,0,2,1,12000,4,4.7020,8.4100,1789852685.4723
96,0,2,2,24912,8,3.6670,4.6670,1789852691.3413
96,0,2,3,26914,8,2.5810,3.3380,1789852695.8196
96,0,2,4,36404,13,4.0400,5.2120,1789852702.1879
96,0,2,5,34991,11,3.6930,4.6850,1789852708.5200
96,0,2,6,38190,12,4.2450,5.4900,1789852715.3019
96,0,2,7,45157,15,5.2400,6.7780,1789852723.4754
96,0,2,8,40554,12,4.3050,5.5380,1789852730.2376
96,0,2,9,47500,15,5.1890,7.0400,1789852738.5169
96,0,2,10,45862,14,5.2910,6.8200,1789852746.6579
96,0,2,11,48145,14,5.0260,6.4530,1789852754.4005
96,0,2,12,55638,15,5.9250,7.4220,1789852763.0442
96,0,2,13,69999,16,6.2160,7.9220,1789852772.1946
96,0,2,14,63522,16,5.9290,7.6040,1789852781.0085
96,0,2,15,85280,16,6.7050,8.4240,1789852790.8794
96,0,2,16,57641,15,5.5740,7.1080,1789852799.2700
96,0,2,17,80424,16,7.4100,9.2640,1789852809.7694
96,0,2,18,93145,16,7.3520,9.1780,1789852820.5054
96,0,2,19,86049,16,7.3010,9.1840,1789852831.3587
96,0,2,20,96134,16,7.7340,9.6280,1789852842.2073
96,0,2,21,95989,16,7.6950,9.5280,1789852852.8865
96,0,2,22,124252,16,9.9770,12.2940,1789852866.3807
96,0,2,23,160275,16,11.6640,14.5680,1789852882.2333
96,0,2,24,120417,16,9.9050,12.2870,1789852895.9038
96,0,2,25,169454,16,13.9060,17.0830,1789852914.3823
96,0,2,26,157753,16,12.3050,15.3040,1789852931.4129
96,0,2,27,132114,16,11.1960,13.7850,1789852946.9033
96,0,2,28,260468,16,23.0280,27.9780,1789852976.4245
96,0,2,29,207917,16,18.2260,22.2790,1789853000.3432
96,0,2,30,132137,8,11.9300,14.4240,1789853016.6230
96,1,2,1,62018,14,6.0900,7.7560,1789853378.7028
96,1,2,2,88637,16,7.4710,9.2060,1789853389.2849
96,1,2,3,70736,16,6.3570,8.0560,1789853398.6984
96,1,2,4,90446,15,7.1650,8.9650,1789853408.9093
96,1,2,5,116305,16,8.2770,10.4200,1789853420.8144
96,1,2,6,131888,16,10.7650,13.2440,1789853435.3258
96,1,2,7,142026,16,11.6050,14.2790,1789853450.8334
96,1,2,8,149886,16,11.4230,14.1890,1789853466.3541
96,1,2,9,141865,16,11.4970,14.3990,1789853482.1686
96,1,2,10,137425,16,11.3580,13.9920,1789853497.4629
96,1,2,11,362544,32,29.8130,36.7310,1789853535.6040
96,1,2,12,213025,16,18.7790,22.9060,1789853559.9273
96,1,2,13,84046,8,6.3860,7.9780,1789853569.8712
96,1,2,14,86076,8,6.9990,8.5740,1789853579.7864
96,2,2,1,52246,14,5.0290,6.4380,1789853914.8252
96,2,2,2,51180,12,4.5020,5.7210,1789853921.6992
96,2,2,3,68756,16,6.3270,7.9490,1789853932.5782
96,2,2,4,72408,16,6.4320,8.0900,1789853941.8654
96,2,2,5,79141,16,6.4590,8.1380,1789853951.2876
96,2,2,6,80220,16,6.6450,8.3970,1789853960.9596
96,2,2,7,90360,16,7.1330,8.9340,1789853971.1363
96,2,2,8,84153,15,6.9310,8.6710,1789853981.0187
96,2,2,9,114912,16,8.4530,10.5620,1789853992.8895
96,2,2,10,121481,16,9.9130,12.2520,1789854006.9971
96,2,2,11,161838,16,13.5360,16.5110,1789854024.8143
96,2,2,12,147300,16,11.1690,13.8300,1789854040.0387
96,2,2,13,147973,16,12.2220,15.0140,1789854056.4049
96,2,2,14,153433,16,11.8910,14.7330,1789854072.4522
96,2,2,15,198393,16,15.7920,19.4680,1789854093.3125
96,2,2,16,351674,32,29.8370,36.5300,1789854131.3501
96,2,2,17,208670,16,16.0280,19.9410,1789854152.7462
96,2,2,18,118497,8,9.2150,11.3880,1789854165.7548
96,3,2,1,94050,15,7.6930,9.6220,1789854547.2851
96,3,2,2,115007,16,9.3900,11.5720,1789854560.2516
96,3,2,3,89523,14,7.1400,8.9320,1789854570.3714
96,3,2,4,143605,16,11.6440,14.2980,1789854585.7945
96,3,2,5,115781,16,9.3960,11.5910,1789854598.5638
96,3,2,6,132555,16,10.5820,12.9890,1789854612.8056
96,3,2,7,163062,16,13.5500,16.5900,1789854630.6589
96,3,2,8,167743,16,13.2150,16.3370,1789854648.1806
96,3,2,9,188281,16,15.0770,18.5920,1789854668.1681
96,3,2,10,218999,16,19.2620,23.4600,1789854692.8925
96,3,2,11,237626,16,20.9050,25.4720,1789854720.1968
96,3,2,12,96630,8,8.2680,10.0650,1789854731.6500
96,3,2,13,104726,8,9.1050,11.0580,1789854744.0688
96,4,2,1,103361,16,8.1130,10.0360,1789855118.1212
96,4,2,2,114747,16,8.9820,11.3570,1789855130.6414
96,4,2,3,140997,16,11.4740,14.0810,1789855146.0045
96,4,2,4,122802,16,10.6500,13.1230,1789855160.3014
96,4,2,5,139260,16,11.8120,14.6030,1789855176.2192
96,4,2,6,173989,16,13.7140,16.9320,1789855194.4779
96,4,2,7,285411,32,22.9980,28.5920,1789855224.5147
96,4,2,8,369921,32,32.4160,39.7190,1789855265.6251
96,4,2,9,92812,8,7.6430,9.3470,1789855276.6299
96,5,2,1,57370,14,5.3290,6.7980,1789855588.8345
96,5,2,2,66205,16,5.9090,7.5200,1789855597.6364
96,5,2,3,77592,16,6.4740,8.2240,1789855607.0895
96,5,2,4,78741,15,6.4500,8.1040,1789855616.3493
96,5,2,5,103647,16,8.1960,10.3110,1789855627.8684
96,5,2,6,100826,16,8.1900,10.4740,1789855639.6342
96,5,2,7,88522,16,7.1480,8.9510,1789855649.9134
96,5,2,8,95896,16,7.5210,9.4200,1789855660.5752
96,5,2,9,117642,16,9.2650,11.5990,1789855673.3820
96,5,2,10,121689,16,9.6720,11.9590,1789855686.8736
96,5,2,11,145694,16,11.0190,13.7180,1789855702.0494
96,5,2,12,133156,16,10.7210,13.2030,1789855716.6566
96,5,2,13,98943,13,8.2560,10.1920,1789855728.0349
96,5,2,14,377593,32,30.4150,37.6540,1789855767.1138
96,5,2,15,174647,16,14.6630,18.2300,1789855786.8298
96,5,2,16,105472,8,9.1030,11.0590,1789855799.2763
96,5,2,17,111296,8,10.0930,12.2530,1789855813.0121
96,6,2,1,71343,15,6.4890,8.2010,1789856174.6624
96,6,2,2,108569,16,8.9500,10.9730,1789856186.8748
96,6,2,3,95260,16,7.9050,9.7950,1789856197.9761
96,6,2,4,100215,16,7.8350,9.7800,1789856208.9961
96,6,2,5,127545,16,11.0490,13.5660,1789856223.7482
96,6,2,6,128441,16,10.5430,12.9360,1789856237.8094
96,6,2,7,155638,16,12.8980,15.9170,1789856255.0130
96,6,2,8,124527,16,10.5700,12.8730,1789856268.9738
96,6,2,9,138437,16,11.5640,14.1680,1789856284.3341
96,6,2,10,143087,16,11.7420,14.5800,1789856300.1355
96,6,2,11,324295,32,26.5370,32.7580,1789856334.3280
96,6,2,12,208347,16,16.5810,20.6140,1789856356.6036
96,6,2,13,255262,16,22.0410,26.9940,1789856384.9750
96,7,2,1,113751,16,9.9990,12.2690,1789856765.6989
96,7,2,2,80720,15,7.0060,8.7800,1789856776.1561
96,7,2,3,120064,16,9.1280,11.4160,1789856788.8741
96,7,2,4,142874,16,10.9720,13.6700,1789856803.8240
96,7,2,5,152427,16,11.6830,14.5030,1789856819.6590
96,7,2,6,142205,16,11.8910,14.5960,1789856835.5174
96,7,2,7,142207,16,12.1850,14.9910,1789856851.7003
96,7,2,8,352063,32,28.3430,34.9110,1789856888.1404
96,7,2,9,363580,32,30.9350,37.8750,1789856927.6706
96,7,2,10,235265,16,20.9010,25.4890,1789856954.8205
96,8,2,1,21766,6,2.2000,2.8410,1789857226.7560
96,8,2,2,21660,6,2.0990,2.7390,1789857230.6428
96,8,2,3,30512,9,2.7940,3.7070,1789857235.4776
96,8,2,4,24449,7,2.1340,2.7920,1789857239.4382
96,8,2,5,34839,11,3.5430,4.5270,1789857247.0914
96,8,2,6,44026,15,4.7660,6.1220,1789857254.3190
96,8,2,7,41046,12,3.8290,4.9330,1789857260.3373
96,8,2,8,35458,10,3.3050,4.2640,1789857265.8355
96,8,2,9,47373,14,5.4770,7.0300,1789857274.0624
96,8,2,10,42063,12,4.2240,5.4780,1789857280.6833
96,8,2,11,52805,15,5.4030,7.0270,1789857288.8612
96,8,2,12,54756,16,5.7710,7.7200,1789857297.7684
96,8,2,13,55261,14,5.2390,6.6660,1789857305.6711
96,8,2,14,69062,16,6.4940,8.1870,1789857315.0681
96,8,2,15,73840,16,6.3420,8.0420,1789857324.4027
96,8,2,16,97804,16,7.6170,9.5350,1789857335.3326
96,8,2,17,92730,16,7.4010,9.2530,1789857345.7897
96,8,2,18,108311,16,9.4550,11.6580,1789857358.7140
96,8,2,19,132223,16,10.0390,12.5260,1789857372.5963
96,8,2,20,64693,14,6.1110,7.6960,1789857381.5494
96,8,2,21,119857,16,9.6260,11.9460,1789857394.7759
96,8,2,22,121409,16,8.9540,11.1710,1789857407.3011
96,8,2,23,149184,16,11.6640,14.5130,1789857423.0782
96,8,2,24,129945,14,11.3070,13.9000,1789857438.3629
96,8,2,25,389914,32,32.3970,39.9100,1789857479.8874
96,8,2,26,195323,16,16.0360,19.7650,1789857501.0870
96,8,2,27,69330,8,6.0190,7.4130,1789857509.8035
96,9,2,1,347287,32,27.3390,33.9970,1789858016.6959
96,9,2,2,415555,32,33.6490,41.5640,1789858059.7513
96,9,2,3,127833,8,10.4300,12.8320,1789858074.0097
96,10,2,1,79944,16,6.8080,8.5330,1789858501.5178
96,10,2,2,80169,16,6.5350,8.2850,1789858511.1353
96,10,2,3,111434,16,8.8000,10.8160,1789858523.1377
96,10,2,4,127492,16,9.7090,12.0490,1789858536.3473
96,10,2,5,139806,16,11.1370,13.6930,1789858551.3007
96,10,2,6,158089,16,12.5970,15.5900,1789858568.1730
96,10,2,7,172649,16,14.5640,17.9250,1789858587.5665
96,10,2,8,182162,16,15.3090,18.7350,1789858607.8317
96,10,2,9,159057,16,13.3630,16.4150,1789858625.6065
96,10,2,10,195898,16,16.6160,20.3490,1789858647.3009
96,10,2,11,370359,32,30.6270,37.7630,1789858686.5032
96,10,2,12,232308,16,20.2050,24.6000,1789858712.4414
96,10,2,13,122528,8,10.7430,13.0640,1789858727.5242
96,11,2,1,77743,16,6.8200,8.5790,1789859115.0010
96,11,2,2,96614,16,7.4940,9.3460,1789859125.5428
96,11,2,3,78276,14,6.1720,7.7710,1789859134.8203
96,11,2,4,103894,16,8.5220,10.6160,1789859146.7065
96,11,2,5,107136,16,8.5870,10.7310,1789859158.6885
96,11,2,6,125807,16,10.1410,13.0330,1789859172.9648
96,11,2,7,137425,16,10.9280,13.4670,1789859187.7203
96,11,2,8,125795,16,10.2590,12.6770,1789859201.6933
96,11,2,9,133140,16,11.0870,13.6910,1789859216.6700
96,11,2,10,173643,16,14.5140,17.8070,1789859235.8761
96,11,2,11,385509,32,32.0380,39.3810,1789859276.8888
96,11,2,12,263018,16,22.4990,27.5730,1789859306.1341
96,11,2,13,136245,8,11.1960,13.8110,1789859321.7166
96,12,2,1,77302,16,6.6480,8.3260,1789859703.9496
96,12,2,2,63541,15,5.8510,7.4220,1789859712.6267
96,12,2,3,84926,16,7.4900,9.2370,1789859723.1166
96,12,2,4,98650,16,7.7490,9.6630,1789859734.3775
96,12,2,5,135534,16,10.6130,13.1060,1789859749.0112
96,12,2,6,135614,16,11.2330,13.8410,1789859764.0855
96,12,2,7,169777,16,13.2300,16.4380,1789859782.0531
96,12,2,8,132926,16,11.2350,13.7710,1789859796.9799
96,12,2,9,174158,16,13.8890,17.1820,1789859815.5726
96,12,2,10,173630,16,13.7370,16.9840,1789859833.7646
96,12,2,11,362738,32,29.5820,36.6130,1789859871.7598
96,12,2,12,211874,16,17.4300,21.4760,1789859894.6176
96,12,2,13,173755,8,15.1460,18.6670,1789859916.5155
96,13,2,1,68985,16,5.5270,7.0220,1789860217.6698
96,13,2,2,60662,14,5.0570,6.3750,1789860225.0766
96,13,2,3,80051,16,6.9190,8.5260,1789860238.8782
96,13,2,4,85344,16,7.1650,9.0560,1789860249.3333
96,13,2,5,54491,14,5.3710,6.9390,1789860257.4803
96,13,2,6,78859,14,6.8420,8.5040,1789860267.2310
96,13,2,7,97508,16,7.6820,9.5700,1789860278.2899
96,13,2,8,103520,16,7.8630,9.8810,1789860289.3930
96,13,2,9,92401,16,7.5810,9.4670,1789860300.1509
96,13,2,10,142596,16,11.2260,13.8420,1789860315.5668
96,13,2,11,105669,16,8.5720,10.5990,1789860327.4537
96,13,2,12,140891,16,10.9780,13.6460,1789860342.2887
96,13,2,13,170178,16,13.0610,16.1830,1789860359.6715
96,13,2,14,137126,16,11.1650,13.7740,1789860374.8411
96,13,2,15,166615,16,14.3240,17.5890,1789860393.7329
96,13,2,16,411152,32,34.2500,42.3170,1789860437.4945
96,13,2,17,211688,16,18.0670,22.2670,1789860461.1616
96,14,2,1,237235,16,19.2070,23.8400,1789861060.4222
96,14,2,2,268992,16,22.2770,27.4980,1789861089.3748
96,14,2,3,141783,8,11.6510,14.3400,1789861105.4515
96,15,2,1,82404,16,6.9370,8.8030,1789861438.9885
96,15,2,2,67596,15,6.1570,7.7660,1789861448.1007
96,15,2,3,57513,13,5.3980,6.8340,1789861456.4185
96,15,2,4,87168,16,7.7040,9.6240,1789861467.3198
96,15,2,5,104515,16,8.8400,10.9910,1789861479.6316
96,15,2,6,143856,16,10.9880,13.6740,1789861494.5839
96,15,2,7,161451,16,12.7810,15.8650,1789861511.7277
96,15,2,8,148446,16,12.6850,15.6390,1789861528.5956
96,15,2,9,368913,32,30.0250,36.9920,1789861567.3290
96,15,2,10,215268,16,17.7270,21.8340,1789861590.7458
96,15,2,11,121004,8,10.8890,13.2530,1789861605.5696
96,16,2,1,20045,6,2.2150,3.1620,1789861854.3180
96,16,2,2,23362,7,2.6230,3.3600,1789861858.8521
96,16,2,3,28466,8,2.8240,3.6510,1789861863.6457
96,16,2,4,34775,11,3.7820,4.8890,1789861869.7968
96,16,2,5,34535,11,3.8520,4.9780,1789861875.9479
96,16,2,6,43217,14,4.8590,6.3690,1789861883.4466
96,16,2,7,41910,14,5.2590,6.6980,1789861891.2853
96,16,2,8,41641,13,4.5900,6.0250,1789861898.6423
96,16,2,9,42178,13,4.5540,6.2210,1789861906.0741
96,16,2,10,52129,15,5.5200,7.1020,1789861914.4465
96,16,2,11,43725,11,3.8940,5.0290,1789861920.6850
96,16,2,12,62083,14,5.5770,7.0930,1789861928.9330
96,16,2,13,73993,16,6.1750,8.2850,1789861938.4273
96,16,2,14,80523,16,6.8230,8.5190,1789861948.3777
96,16,2,15,97332,16,7.6310,9.5130,1789861959.2019
96,16,2,16,90133,16,7.6740,9.4830,1789861970.3313
96,16,2,17,59513,13,4.9490,6.2890,1789861977.7917
96,16,2,18,82382,15,6.8970,8.6110,1789861987.6592
96,16,2,19,91921,15,8.0260,9.8910,1789861998.8230
96,16,2,20,144244,16,11.1840,13.8660,1789862014.0364
96,16,2,21,109280,16,8.9180,11.0700,1789862026.3734
96,16,2,22,124461,16,10.0570,12.4420,1789862040.3215
96,16,2,23,127671,16,9.6550,12.0280,1789862053.6139
96,16,2,24,147879,16,11.3050,14.0310,1789862068.8740
96,16,2,25,156366,16,12.6890,16.0560,1789862086.2302
96,16,2,26,300677,32,24.7250,30.7070,1789862118.4735
96,16,2,27,414484,32,34.1930,42.2620,1789862162.0751
96,16,2,28,274996,16,23.9310,29.3400,1789862192.8498
96,17,2,1,106201,16,8.7490,10.8410,1789862589.1659
96,17,2,2,66581,15,6.4370,8.0820,1789862598.8887
96,17,2,3,124477,16,10.2210,12.5430,1789862612.6755
96,17,2,4,78977,14,6.9730,8.7240,1789862622.6504
96,17,2,5,121965,16,10.0780,12.4580,1789862636.3736
96,17,2,6,116347,16,9.7010,11.9980,1789862649.5957
96,17,2,7,166836,16,13.4860,16.5780,1789862667.6890
96,17,2,8,127111,15,10.3320,12.8930,1789862681.8793
96,17,2,9,169579,16,14.7400,17.9840,1789862701.7603
96,17,2,10,187550,16,14.9390,18.4280,1789862721.5202
96,17,2,11,440298,32,37.1900,45.7850,1789862768.7445
96,17,2,12,259239,16,24.2970,29.3580,1789862799.6397
96,17,2,13,86018,8,7.7510,9.4990,1789862810.7296
96,17,2,14,109534,8,9.6910,11.7910,1789862824.0622
96,17,2,15,126481,8,11.3180,13.7760,1789862839.3991
96,17,2,16,92696,8,7.2810,9.0520,1789862849.8584
96,17,2,17,179667,8,16.0730,19.6400,1789862871.9415
96,18,2,1,95325,16,7.8770,9.8150,1789863225.7708
96,18,2,2,108712,16,8.4610,10.8940,1789863238.1039
96,18,2,3,81736,16,7.4390,9.2860,1789863248.8047
96,18,2,4,92497,16,7.7660,9.6980,1789863259.8304
96,18,2,5,188194,16,15.7290,19.2700,1789863280.3750
96,18,2,6,116017,16,9.5670,11.8410,1789863293.7320
96,18,2,7,165125,16,13.6920,16.7850,1789863311.8453
96,18,2,8,118117,16,9.4970,11.7460,1789863324.7283
96,18,2,9,136973,16,10.6360,13.2520,1789863339.3771
96,18,2,10,388037,32,31.9390,39.3010,1789863380.4369
96,18,2,11,194671,16,15.5860,19.2590,1789863400.9825
96,18,2,12,106134,8,9.6730,11.7680,1789863414.2468
96,19,2,1,24587,7,2.3720,3.0250,1789863680.3190
96,19,2,2,24962,7,2.9310,3.6570,1789863685.1018
96,19,2,3,32491,11,3.8980,5.0660,1789863691.2758
96,19,2,4,35477,11,4.0550,5.3110,1789863697.9770
96,19,2,5,34763,11,3.8360,4.9470,1789863704.1693
96,19,2,6,33442,11,3.8670,5.0550,1789863710.3810
96,19,2,7,39310,13,4.4630,5.7800,1789863717.3228
96,19,2,8,45297,13,4.5570,5.8770,1789863724.4280
96,19,2,9,44402,13,4.5990,5.9350,1789863731.7172
96,19,2,10,55182,16,5.6150,7.2760,1789863740.2820
96,19,2,11,59543,15,5.5510,7.0650,1789863748.4810
96,19,2,12,57012,14,5.0920,6.7540,1789863756.4424
96,19,2,13,63114,15,5.9060,7.4490,1789863765.5724
96,19,2,14,61145,16,6.0650,7.7130,1789863774.5138
96,19,2,15,66735,13,5.8530,7.3240,1789863783.0942
96,19,2,16,83463,16,7.2590,9.0350,1789863793.3002
96,19,2,17,100083,16,7.5360,9.4510,1789863803.9618
96,19,2,18,82383,16,7.0000,8.8400,1789863814.1373
96,19,2,19,123217,16,9.5840,11.8260,1789863827.4329
96,19,2,20,87746,16,7.4650,9.2570,1789863838.0503
96,19,2,21,98799,14,7.5080,9.5170,1789863848.8181
96,19,2,22,135695,16,11.8540,14.5510,1789863864.6305
96,19,2,23,121397,16,9.3630,11.6210,1789863877.5013
96,19,2,24,96415,16,8.0940,10.2820,1789863889.0625
96,19,2,25,157457,16,12.8820,15.7990,1789863906.9228
96,19,2,26,218697,16,18.3000,22.5330,1789863931.0690
96,19,2,27,258357,30,22.1400,27.3400,1789863959.8136
96,19,2,28,251850,16,20.1550,24.9750,1789863986.3140
96,19,2,29,138332,8,12.5360,15.1970,1789864003.4417
96,0,3,1,57070,16,14.6660,26.0580,1789852780.9736
96,0,3,2,59114,14,4.9990,6.4030,1789852788.6134
96,0,3,3,68160,16,5.7680,7.3870,1789852797.0926
96,0,3,4,75042,16,6.7270,8.5010,1789852806.9408
96,0,3,5,86036,16,6.9520,8.7430,1789852816.8682
96,0,3,6,90432,15,7.3110,9.1720,1789852827.2678
96,0,3,7,100983,16,7.8930,9.8550,1789852838.2912
96,0,3,8,121686,16,9.4200,12.0400,1789852851.4564
96,0,3,9,127446,16,10.2110,12.6010,1789852865.2300
96,0,3,10,118222,16,9.6710,11.9630,1789852878.2970
96,0,3,11,102715,16,8.7300,10.8790,1789852890.3772
96,0,3,12,165705,16,13.4610,16.5440,1789852908.4149
96,0,3,13,205239,16,16.4670,20.3870,1789852930.1029
96,0,3,14,166251,16,13.2260,16.3460,1789852947.7636
96,0,3,15,345692,32,29.3210,36.2060,1789852985.7921
96,0,3,16,263367,16,22.2630,27.2990,1789853014.5170
96,0,3,17,119870,8,10.2530,12.4510,1789853028.7443
96,1,3,1,13622,4,1.4690,1.8630,1789853275.6290
96,1,3,2,26835,8,2.4600,3.2490,1789853279.9389
96,1,3,3,31490,10,3.0750,4.3040,1789853285.7206
96,1,3,4,26691,8,2.6840,3.4000,1789853290.3056
96,1,3,5,35907,11,3.8340,4.9650,1789853296.4344
96,1,3,6,39034,13,4.5740,6.0950,1789853303.6791
96,1,3,7,43230,13,4.8160,6.1530,1789853310.9665
96,1,3,8,42536,14,5.0180,6.4170,1789853318.4599
96,1,3,9,42917,13,4.5100,5.8180,1789853325.3822
96,1,3,10,44705,15,5.1810,7.0320,1789853333.4788
96,1,3,11,48549,15,5.1970,6.7860,1789853341.3788
96,1,3,12,33050,9,3.6820,4.6200,1789853347.1602
96,1,3,13,44370,12,4.5100,5.7980,1789853354.2298
96,1,3,14,60440,15,5.4860,7.0170,1789853362.6417
96,1,3,15,54809,16,5.5710,7.1830,1789853371.0130
96,1,3,16,55282,13,4.6740,5.9930,1789853378.6811
96,1,3,17,74744,16,6.2210,7.8800,1789853387.7369
96,1,3,18,49179,12,4.6510,5.9320,1789853394.8939
96,1,3,19,91848,16,7.3230,9.2050,1789853405.2909
96,1,3,20,142319,16,11.4400,14.0810,1789853420.5186
96,1,3,21,103881,16,8.2800,10.2770,1789853431.8960
96,1,3,22,122413,16,9.8020,12.0940,1789853445.3044
96,1,3,23,144152,16,10.9470,13.8530,1789853460.3537
96,1,3,24,167996,16,13.2910,16.7820,1789853478.6232
96,1,3,25,167889,16,13.9690,17.1440,1789853497.1046
96,1,3,26,397251,32,32.6520,40.1430,1789853538.6436
96,1,3,27,405399,32,33.9190,41.6330,1789853581.6957
96,2,3,1,20329,6,2.0040,2.6290,1789853866.2616
96,2,3,2,23684,7,2.1850,3.0670,1789853870.3535
96,2,3,3,35876,12,3.8060,4.8690,1789853876.3544
96,2,3,4,32521,11,3.9470,4.9290,1789853882.3829
96,2,3,5,46519,15,5.3090,6.8490,1789853890.4165
96,2,3,6,42311,12,4.1470,5.3810,1789853896.9473
96,2,3,7,49697,15,5.4350,6.9930,1789853905.0791
96,2,3,8,49840,15,5.1420,6.6350,1789853912.8369
96,2,3,9,59676,15,5.3180,6.8180,1789853920.9232
96,2,3,10,57310,14,5.1980,6.6870,1789853928.7113
96,2,3,11,67177,16,5.9590,7.6120,1789853937.4978
96,2,3,12,84136,16,6.9590,8.6610,1789853947.3490
96,2,3,13,86150,15,6.9220,8.6490,1789853957.4028
96,2,3,14,63404,15,5.7110,7.2970,1789853965.8564
96,2,3,15,87065,16,7.2530,9.1230,1789853976.2778
96,2,3,16,90553,16,7.3130,9.1450,1789853986.5765
96,2,3,17,123961,16,9.8270,12.1370,1789854000.0050
96,2,3,18,166999,16,13.4830,16.7490,1789854018.0359
96,2,3,19,111528,16,9.2550,11.4760,1789854030.7533
96,2,3,20,133097,16,10.6520,13.1260,1789854045.1662
96,2,3,21,182305,16,14.3560,17.7740,1789854064.3084
96,2,3,22,157968,16,12.9900,15.9580,1789854081.7644
96,2,3,23,345404,32,28.4500,35.1530,1789854118.8943
96,2,3,24,216756,16,18.6080,22.7250,1789854142.9758
96,2,3,25,109951,8,8.4940,10.5500,1789854154.9273
96,2,3,26,128122,8,11.2130,13.5970,1789854169.9990
96,3,3,1,42346,12,4.2760,5.5000,1789854476.4486
96,3,3,2,48710,15,5.7240,7.2350,1789854484.8404
96,3,3,3,61148,16,5.6550,7.3050,1789854493.4534
96,3,3,4,62771,16,5.5900,7.2240,1789854502.1290
96,3,3,5,65224,16,5.8970,7.5480,1789854510.9249
96,3,3,6,81571,16,6.5810,8.3060,1789854520.3571
96,3,3,7,91641,16,7.5120,9.4160,1789854530.9183
96,3,3,8,93496,16,7.2140,9.0390,1789854541.1882
96,3,3,9,77586,16,6.5240,8.2470,1789854550.5777
96,3,3,10,88579,16,7.1370,8.9620,1789854560.7710
96,3,3,11,95216,15,7.6440,9.5430,1789854571.5134
96,3,3,12,142549,16,10.6670,13.2520,1789854585.8799
96,3,3,13,144145,16,11.5450,14.2130,1789854601.2404
96,3,3,14,139242,16,10.5680,13.1430,1789854615.6454
96,3,3,15,123764,16,10.0580,12.4670,1789854629.3059
96,3,3,16,115939,15,9.7940,12.1480,1789854642.6271
96,3,3,17,194986,16,16.1410,19.7710,1789854663.7039
96,3,3,18,400040,32,33.5390,41.0890,1789854706.4126
96,3,3,19,225224,16,19.5370,23.8760,1789854731.7940
96,4,3,1,257333,16,20.9140,25.9050,1789855225.5592
96,4,3,2,276277,16,22.5490,27.8480,1789855255.0157
96,4,3,3,112974,8,9.9190,12.0870,1789855268.5436
96,4,3,4,117869,8,10.2620,12.4890,1789855282.8092
96,5,3,1,16727,5,1.8190,2.3280,1789855476.3647
96,5,3,2,19265,6,2.2290,2.8280,1789855482.4736
96,5,3,3,30605,9,3.3140,4.3330,1789855487.9102
96,5,3,4,29330,9,3.1860,4.2070,1789855493.3498
96,5,3,5,29449,9,3.1020,4.0270,1789855498.5286
96,5,3,6,31474,9,3.1090,4.0820,1789855503.7941
96,5,3,7,36822,11,4.0450,5.1830,1789855510.1543
96,5,3,8,34654,10,3.5570,4.5820,1789855515.9098
96,5,3,9,46546,14,5.0100,6.4660,1789855523.8988
96,5,3,10,47059,15,4.6870,6.1520,1789855531.1509
96,5,3,11,53419,15,4.7210,6.0940,1789855538.4187
96,5,3,12,47490,16,4.9550,6.3570,1789855545.9077
96,5,3,13,46589,13,4.1870,5.3810,1789855552.3521
96,5,3,14,30138,8,2.6540,3.3900,1789855556.8128
96,5,3,15,48544,14,5.1010,6.6490,1789855564.7375
96,5,3,16,63330,16,5.7840,7.4570,1789855573.7253
96,5,3,17,55436,15,5.2990,6.8590,1789855582.0310
96,5,3,18,62881,16,5.8340,7.9110,1789855591.1211
96,5,3,19,74443,16,6.4300,8.1750,1789855600.5381
96,5,3,20,77323,16,6.3480,8.0430,1789855609.8498
96,5,3,21,65532,15,5.9780,7.5560,1789855619.1918
96,5,3,22,89362,16,7.3860,9.2460,1789855629.6691
96,5,3,23,87531,16,7.2200,9.0030,1789855639.8210
96,5,3,24,108621,16,8.8360,10.8990,1789855652.3227
96,5,3,25,144050,16,11.2290,13.8580,1789855667.6837
96,5,3,26,97355,16,8.8530,11.0320,1789855680.2579
96,5,3,27,151389,16,11.6250,14.4570,1789855695.9715
96,5,3,28,101816,16,8.4590,10.4680,1789855707.6469
96,5,3,29,169982,16,13.3340,16.4960,1789855725.2815
96,5,3,30,339530,32,27.6160,34.0180,1789855760.8413
96,5,3,31,402459,32,33.5680,41.4830,1789855804.0131
96,6,3,1,22753,7,2.5310,3.5070,1789856086.8222
96,6,3,2,30084,9,2.8290,3.6570,1789856091.8091
96,6,3,3,28186,8,2.6120,3.7820,1789856096.6503
96,6,3,4,34241,11,3.4870,4.5160,1789856102.2072
96,6,3,5,42585,14,4.5500,5.8190,1789856109.0397
96,6,3,6,40000,14,4.8620,6.1170,1789856116.1909
96,6,3,7,57340,16,5.7410,7.4480,1789856124.8187
96,6,3,8,47126,13,4.8920,6.4570,1789856132.5884
96,6,3,9,56902,15,5.4880,7.0060,1789856140.7365
96,6,3,10,71101,16,6.2480,7.9540,1789856149.8510
96,6,3,11,46324,11,4.4610,5.6600,1789856157.2777
96,6,3,12,77957,15,6.5380,8.2150,1789856166.9144
96,6,3,13,75336,16,6.5610,8.5440,1789856176.6570
96,6,3,14,108114,16,8.5790,10.7410,1789856188.6169
96,6,3,15,94212,15,7.8610,9.8110,1789856199.6047
96,6,3,16,134094,16,10.6450,13.1140,1789856213.9907
96,6,3,17,127789,16,10.1590,12.7720,1789856228.0379
96,6,3,18,145480,16,11.4390,14.0740,1789856243.2895
96,6,3,19,164033,16,12.8350,15.8720,1789856260.3968
96,6,3,20,82873,16,7.1470,8.9480,1789856270.5478
96,6,3,21,179979,16,13.5260,16.8530,1789856288.5583
96,6,3,22,142343,16,11.9240,14.6690,1789856304.5399
96,6,3,23,395989,32,33.0150,40.6000,1789856346.4586
96,6,3,24,176772,16,15.0810,18.4640,1789856366.4096
96,6,3,25,98969,8,7.6590,9.4970,1789856377.3678
96,7,3,1,12889,4,1.6510,2.1000,1789856634.9477
96,7,3,2,16784,5,1.9230,2.9070,1789856639.7641
96,7,3,3,31075,9,3.3690,4.3100,1789856645.3268
96,7,3,4,31045,9,3.2440,4.1980,1789856650.6555
96,7,3,5,32395,11,3.7950,4.8870,1789856656.6485
96,7,3,6,36488,12,3.6380,4.8920,1789856662.6992
96,7,3,7,45337,14,4.2540,5.5260,1789856669.2998
96,7,3,8,46833,13,3.9710,5.1450,1789856675.5362
96,7,3,9,51864,15,5.0530,6.4470,1789856683.3078
96,7,3,10,61785,16,5.5530,7.0900,1789856691.5784
96,7,3,11,59436,15,5.5760,7.1400,1789856699.8367
96,7,3,12,77911,16,6.3270,8.0310,1789856709.0637
96,7,3,13,70569,16,6.1500,7.8320,1789856718.6160
96,7,3,14,80323,16,6.7330,8.4610,1789856728.4512
96,7,3,15,86658,15,6.9880,8.7640,1789856738.5987
96,7,3,16,90033,16,7.9410,9.8730,1789856749.6790
96,7,3,17,114734,16,9.0870,11.1990,1789856762.0936
96,7,3,18,87462,16,7.5090,9.3680,1789856772.6709
96,7,3,19,108782,15,8.2260,10.2940,1789856784.1844
96,7,3,20,112763,16,8.9340,11.0860,1789856796.7920
96,7,3,21,118925,16,9.5880,11.9150,1789856810.1006
96,7,3,22,147023,16,12.0580,14.9320,1789856826.2366
96,7,3,23,158814,16,13.2050,16.0820,1789856843.6460
96,7,3,24,121219,16,10.8220,13.1410,1789856858.5440
96,7,3,25,339521,32,28.1980,34.7510,1789856894.6897
96,7,3,26,182658,16,15.6200,19.1090,1789856915.1428
96,7,3,27,234608,16,19.5300,24.0370,1789856940.5166
96,7,3,28,125775,8,10.8760,13.2040,1789856955.2797
96,8,3,1,77085,14,6.3630,7.9800,1789857332.4338
96,8,3,2,87566,16,7.0780,8.8590,1789857342.4167
96,8,3,3,68987,15,6.2400,7.8870,1789857351.6648
96,8,3,4,107287,16,8.5410,10.6150,1789857364.3839
96,8,3,5,110425,16,9.1030,11.3120,1789857376.9771
96,8,3,6,137786,16,11.1130,13.6990,1789857391.9706
96,8,3,7,90133,16,7.2920,9.2080,1789857402.4899
96,8,3,8,142749,16,11.5410,14.2040,1789857417.9348
96,8,3,9,163083,16,12.7440,15.7780,1789857434.8423
96,8,3,10,171609,16,14.0540,17.2260,1789857453.4597
96,8,3,11,406926,32,34.0920,41.8880,1789857497.1694
96,8,3,12,188551,16,15.3750,18.9990,1789857517.7733
96,9,3,1,37496,10,3.7490,4.7890,1789857822.6462
96,9,3,2,53107,15,5.0730,6.4860,1789857830.3922
96,9,3,3,47737,14,4.5680,6.0400,1789857837.5475
96,9,3,4,52218,14,5.4700,6.8910,1789857845.6166
96,9,3,5,67381,15,5.9280,7.4920,1789857854.3763
96,9,3,6,70372,15,6.1010,7.7710,1789857863.5662
96,9,3,7,90724,16,7.1320,8.8930,1789857873.6789
96,9,3,8,80910,16,6.6640,8.4240,1789857883.8493
96,9,3,9,96366,16,7.6450,9.5390,1789857894.6368
96,9,3,10,99004,15,7.9170,9.8730,1789857905.8510
96,9,3,11,125396,16,10.1670,12.5860,1789857919.6488
96,9,3,12,72662,14,6.5270,8.2370,1789857929.0119
96,9,3,13,104595,16,8.9330,11.1110,1789857941.2578
96,9,3,14,161317,16,13.0620,16.0030,1789857958.6082
96,9,3,15,169600,16,14.0030,17.1720,1789857977.2920
96,9,3,16,184396,16,13.9130,17.3370,1789857996.4464
96,9,3,17,369405,32,30.1820,37.2900,1789858035.5092
96,9,3,18,160067,16,14.1930,17.1810,1789858053.8661
96,9,3,19,120394,8,10.2390,12.4310,1789858067.9111
96,10,3,1,31129,9,3.3680,4.3770,1789858434.9134
96,10,3,2,31949,9,3.3610,4.3080,1789858440.9731
96,10,3,3,42408,13,4.4520,5.8050,1789858448.2333
96,10,3,4,38993,13,4.6570,5.9480,1789858455.4269
96,10,3,5,44415,13,4.4670,5.8100,1789858462.3850
96,10,3,6,39470,13,4.6130,5.9680,1789858469.5425
96,10,3,7,45689,13,4.5720,5.9270,1789858476.5919
96,10,3,8,44211,15,5.5030,6.9930,1789858484.7671
96,10,3,9,68807,16,5.8850,7.5640,1789858493.4880
96,10,3,10,53191,14,5.3840,6.8220,1789858501.5030
96,10,3,11,84115,16,6.9090,8.6720,1789858511.4230
96,10,3,12,81018,15,6.5370,8.2860,1789858520.9480
96,10,3,13,127913,16,9.6030,11.9960,1789858534.0806
96,10,3,14,124997,16,9.4750,11.7900,1789858547.0887
96,10,3,15,133332,16,10.6690,13.3010,1789858561.9475
96,10,3,16,104073,15,8.7570,10.8260,1789858574.0130
96,10,3,17,166056,16,13.9880,17.2050,1789858592.5455
96,10,3,18,127374,16,10.2880,12.7060,1789858606.7362
96,10,3,19,194708,16,15.9450,19.6890,1789858628.0760
96,10,3,20,157870,16,13.3820,16.4740,1789858646.3457
96,10,3,21,399512,32,32.3050,39.9370,1789858687.7261
96,10,3,22,258829,16,22.9590,27.8540,1789858717.0183
96,10,3,23,117816,8,10.6440,12.9400,1789858731.5812
96,11,3,1,58812,15,5.4050,6.9530,1789859073.1620
96,11,3,2,57083,16,5.7320,7.4020,1789859081.7915
96,11,3,3,55319,13,4.9870,6.3450,1789859089.3729
96,11,3,4,91067,16,7.1170,8.8750,1789859099.3648
96,11,3,5,77335,16,6.4850,8.2130,1789859108.6898
96,11,3,6,84880,16,7.2370,9.0580,1789859118.8479
96,11,3,7,105635,16,8.3740,10.3740,1789859130.3545
96,11,3,8,81728,15,7.4330,9.2030,1789859140.8201
96,11,3,9,151538,16,12.1160,14.8800,1789859156.9309
96,11,3,10,110174,16,8.6440,10.8160,1789859169.2091
96,11,3,11,147466,16,11.7140,14.4150,1789859184.8883
96,11,3,12,145860,16,11.8550,14.5980,1789859200.9484
96,11,3,13,149150,16,10.9160,13.6750,1789859215.7991
96,11,3,14,162284,16,13.2210,16.2380,1789859233.3700
96,11,3,15,426867,32,35.9220,44.0410,1789859278.8030
96,11,3,16,201691,16,17.7680,21.5550,1789859301.7776
96,11,3,17,143610,8,12.9250,15.5770,1789859318.8501
96,12,3,1,23769,7,2.1630,2.8420,1789859626.1706
96,12,3,2,25066,7,2.2660,2.9070,1789859630.0981
96,12,3,3,29226,9,2.7380,3.5820,1789859634.7568
96,12,3,4,24597,7,2.5030,3.1300,1789859638.9465
96,12,3,5,40449,14,4.7630,6.1760,1789859646.3486
96,12,3,6,33570,10,3.6150,4.6360,1789859652.0766
96,12,3,7,39871,11,3.9710,5.0970,1789859658.4405
96,12,3,8,53850,16,5.5970,7.2720,1789859666.8962
96,12,3,9,66712,16,5.7940,7.4950,1789859677.8524
96,12,3,10,73662,16,6.3390,8.0120,1789859687.1516
96,12,3,11,82146,16,6.6880,8.4230,1789859696.7533
96,12,3,12,69381,15,6.0780,7.6290,1789859705.9966
96,12,3,13,99284,16,7.8080,9.7200,1789859716.9019
96,12,3,14,121807,16,9.6080,11.8860,1789859729.9405
96,12,3,15,134909,16,10.8450,13.3780,1789859744.5055
96,12,3,16,131424,16,10.4950,13.1020,1789859758.8417
96,12,3,17,104684,16,8.5080,10.5860,1789859770.6935
96,12,3,18,155840,16,11.8760,14.7580,1789859787.4486
96,12,3,19,157055,16,12.9000,15.8340,1789859804.5762
96,12,3,20,127397,16,10.5470,13.0020,1789859818.7058
96,12,3,21,183237,16,15.6300,19.3250,1789859839.5221
96,12,3,22,221615,16,19.7400,24.0730,1789859864.8526
96,12,3,23,218323,16,18.9170,23.0840,1789859889.5362
96,12,3,24,130600,8,12.0070,14.4290,1789859905.6502
96,13,3,1,17444,5,1.8670,2.5740,1789860153.6419
96,13,3,2,21899,6,2.3250,2.9790,1789860157.9172
96,13,3,3,29738,9,3.2870,4.6360,1789860164.1714
96,13,3,4,36635,12,4.0650,5.2660,1789860170.8239
96,13,3,5,42857,14,5.2290,6.6160,1789860178.7791
96,13,3,6,42893,13,4.6590,5.9490,1789860185.8926
96,13,3,7,44890,13,4.5240,5.8130,1789860192.9567
96,13,3,8,46515,13,4.4420,5.8020,1789860199.9712
96,13,3,9,51931,14,4.4910,5.7580,1789860206.8767
96,13,3,10,49148,14,4.5490,5.8110,1789860213.8340
96,13,3,11,61109,16,5.3690,6.8080,1789860221.7072
96,13,3,12,65508,16,5.4900,6.9760,1789860229.8006
96,13,3,13,56991,13,5.1350,6.3950,1789860237.5950
96,13,3,14,42917,10,4.0180,5.0830,1789860243.8902
96,13,3,15,80330,16,6.5380,8.2360,1789860253.4055
96,13,3,16,88083,16,7.2840,9.1040,1789860264.4262
96,13,3,17,93898,16,7.7370,9.7650,1789860275.7408
96,13,3,18,107331,16,8.3810,10.3950,1789860287.6529
96,13,3,19,83499,15,7.4920,9.2680,1789860298.4039
96,13,3,20,93207,16,7.6340,9.5090,1789860309.2358
96,13,3,21,98925,16,7.9750,9.9750,1789860321.0108
96,13,3,22,130932,16,10.5630,13.0630,1789860335.3675
96,13,3,23,137157,16,11.2990,13.9300,1789860350.7448
96,13,3,24,127971,16,10.7480,13.2800,1789860365.4310
96,13,3,25,140015,16,11.0750,13.8110,1789860380.5011
96,13,3,26,151497,16,12.8840,15.8550,1789860397.9254
96,13,3,27,347473,32,28.4800,35.1070,1789860434.5925
96,13,3,28,148774,16,13.4940,16.6040,1789860452.4390
96,13,3,29,114141,8,9.2430,11.4160,1789860465.2011
96,14,3,1,69120,16,6.0070,8.2020,1789860819.6032
96,14,3,2,63505,14,5.4430,6.9780,1789860827.8392
96,14,3,3,59173,15,5.6870,7.2540,1789860836.2629
96,14,3,4,78599,16,6.7500,8.4710,1789860845.9546
96,14,3,5,93283,16,7.2240,9.0170,1789860856.1274
96,14,3,6,79909,16,6.3470,8.5730,1789860865.9371
96,14,3,7,87488,16,6.4310,8.1730,1789860875.2068
96,14,3,8,101958,16,7.6250,9.5130,1789860885.8475
96,14,3,9,106177,16,8.3400,10.3980,1789860897.5556
96,14,3,10,124319,16,9.9530,12.2740,1789860911.1346
96,14,3,11,99788,16,8.0780,10.0750,1789860922.4632
96,14,3,12,102794,15,8.4300,10.5130,1789860934.1482
96,14,3,13,141405,16,11.9170,14.7080,1789860950.0610
96,14,3,14,215430,16,16.5920,20.6640,1789860972.0697
96,14,3,15,108800,14,9.5670,11.8410,1789860985.1712
96,14,3,16,144014,16,11.4090,14.2450,1789861000.6712
96,14,3,17,388584,32,32.1340,39.5700,1789861041.6863
96,14,3,18,375257,32,32.4360,39.7020,1789861082.8645
96,14,3,19,146069,8,13.1410,15.9180,1789861100.4708
96,15,3,1,59401,15,5.0640,6.5050,1789861380.9208
96,15,3,2,45997,12,4.0600,5.1540,1789861387.3249
96,15,3,3,55104,14,5.4380,6.7170,1789861395.2678
96,15,3,4,74292,15,6.4350,8.1060,1789861404.5508
96,15,3,5,74425,16,6.1750,8.1690,1789861413.9273
96,15,3,6,80339,16,6.7420,8.4690,1789861423.5898
96,15,3,7,85857,16,7.0430,8.8810,1789861433.7765
96,15,3,8,81389,16,6.5310,8.2280,1789861443.2930
96,15,3,9,99423,16,8.2860,10.3190,1789861454.9029
96,15,3,10,96265,15,7.8730,9.8020,1789861465.9392
96,15,3,11,101202,15,8.2370,10.2250,1789861477.4358
96,15,3,12,127168,16,9.7460,12.1550,1789861491.4710
96,15,3,13,126218,16,10.8400,13.2350,1789861506.0302
96,15,3,14,178305,16,13.8710,17.2070,1789861524.9206
96,15,3,15,295694,32,23.9130,29.5910,1789861556.1490
96,15,3,16,350794,32,29.5660,36.2560,1789861593.7998
96,15,3,17,223253,16,17.5570,21.7940,1789861617.8484
96,16,3,1,56817,16,5.6560,7.3990,1789861918.5174
96,16,3,2,64591,16,5.9070,7.5740,1789861927.4575
96,16,3,3,54904,16,5.8980,7.5180,1789861936.2618
96,16,3,4,58557,13,5.1840,6.6080,1789861944.0616
96,16,3,5,81837,16,6.8500,8.5390,1789861953.8091
96,16,3,6,101312,16,7.9560,9.9140,1789861965.0415
96,16,3,7,105188,16,8.3180,10.2700,1789861976.5055
96,16,3,8,110828,16,8.6190,10.6430,1789861988.2613
96,16,3,9,96405,16,8.2420,10.1310,1789861999.8187
96,16,3,10,102699,16,8.2310,10.2600,1789862011.5987
96,16,3,11,100137,15,8.5290,10.6500,1789862023.6881
96,16,3,12,127241,16,10.2750,12.7110,1789862037.7035
96,16,3,13,184081,16,14.3810,17.7490,1789862056.8267
96,16,3,14,201629,16,16.2540,20.0580,1789862078.7183
96,16,3,15,173025,16,13.0100,16.2490,1789862097.2810
96,16,3,16,330840,32,26.8130,33.1090,1789862131.7200
96,16,3,17,173013,16,14.7670,18.0670,1789862151.0982
96,16,3,18,173093,16,14.8240,18.1130,1789862170.4814
96,16,3,19,122656,8,10.5600,13.0900,1789862185.0691
96,17,3,1,20703,6,2.0300,3.0930,1789862402.4176
96,17,3,2,23992,7,2.5100,3.2030,1789862406.7681
96,17,3,3,23289,7,2.4630,3.1880,1789862411.2340
96,17,3,4,32038,11,3.9300,5.0580,1789862417.4810
96,17,3,5,35885,11,4.1380,5.3660,1789862424.0440
96,17,3,6,32420,10,3.9360,4.9340,1789862430.2015
96,17,3,7,23698,7,2.5960,3.3120,1789862434.8850
96,17,3,8,39833,13,4.4470,5.7710,1789862441.8490
96,17,3,9,46614,15,5.6330,7.1230,1789862450.8906
96,17,3,10,50416,16,5.6520,7.3100,1789862459.4161
96,17,3,11,46703,15,5.2690,7.1150,1789862467.7305
96,17,3,12,48797,15,5.2540,6.7550,1789862475.7438
96,17,3,13,47483,14,5.0110,6.4690,1789862483.4572
96,17,3,14,54134,14,5.0830,6.5190,1789862491.1290
96,17,3,15,59402,15,5.8570,7.3950,1789862499.6550
96,17,3,16,66179,15,5.9370,7.5500,1789862508.4289
96,17,3,17,82322,16,6.8150,8.5070,1789862518.0962
96,17,3,18,70088,16,5.8270,7.4770,1789862526.8904
96,17,3,19,65389,14,5.4300,6.8320,1789862535.0008
96,17,3,20,61298,14,5.3350,6.6630,1789862542.8917
96,17,3,21,75582,16,6.3480,7.9450,1789862551.8874
96,17,3,22,81961,16,7.1570,8.8390,1789862561.8273
96,17,3,23,77682,16,7.5690,9.3110,1789862572.3733
96,17,3,24,90005,16,7.5130,9.4100,1789862583.1813
96,17,3,25,108434,16,8.5230,10.5820,1789862594.9683
96,17,3,26,95814,15,7.7440,9.7370,1789862605.8763
96,17,3,27,90364,16,7.6020,9.5600,1789862616.6654
96,17,3,28,125199,16,9.7770,12.2490,1789862630.1447
96,17,3,29,90907,16,8.1680,10.1250,1789862641.5275
96,17,3,30,144235,16,11.2830,13.9610,1789862656.6524
96,17,3,31,128023,15,11.4710,14.1620,1789862672.1491
96,17,3,32,174783,16,15.3190,18.7940,1789862692.2295
96,17,3,33,175266,16,13.8750,17.1290,1789862710.5203
96,17,3,34,235041,16,20.5300,24.9820,1789862737.0122
96,17,3,35,202569,16,17.3800,21.2380,1789862759.9066
96,17,3,36,170662,8,14.9740,18.2590,1789862779.6563
96,17,3,37,265795,16,23.4400,28.7130,1789862810.1066
96,17,3,38,114015,8,10.2690,12.4560,1789862824.3606
96,17,3,39,130528,8,11.9700,14.5580,1789862840.3807
96,17,3,40,132971,8,12.1300,14.6530,1789862856.5080
96,18,3,1,213274,16,17.2080,21.5640,1789863372.9032
96,18,3,2,215448,16,19.3610,23.5980,1789863398.0803
96,18,3,3,125661,8,10.9470,13.3030,1789863412.8869
96,18,3,4,123552,8,11.1080,13.5380,1789863427.9638
96,19,3,1,73936,15,6.2560,7.8530,1789863760.6729
96,19,3,2,79549,16,6.6470,8.3560,1789863770.5874
96,19,3,3,73306,16,6.1330,7.8120,1789863780.2893
96,19,3,4,60224,14,5.5980,7.1110,1789863788.7201
96,19,3,5,101681,16,8.3070,10.2520,1789863800.2868
96,19,3,6,90072,16,6.9770,8.7980,1789863810.5400
96,19,3,7,99937,16,7.5800,9.5150,1789863821.3210
96,19,3,8,105426,16,8.6180,10.7040,1789863833.1875
96,19,3,9,139715,16,11.5600,14.1610,1789863848.5666
96,19,3,10,85865,15,8.0690,9.8530,1789863859.7602
96,19,3,11,102445,16,8.7090,10.8170,1789863871.9052
96,19,3,12,166454,16,13.7520,16.8750,1789863890.0707
96,19,3,13,175025,16,14.6500,17.9760,1789863909.3739
96,19,3,14,355031,32,28.6790,35.5660,1789863946.4088
96,19,3,15,390655,32,33.6420,41.1460,1789863988.9615
96,19,3,16,113794,8,9.8640,12.0450,1789864002.4778
128,0,0,1,133245,8,19.5390,39.1130,1789865199.1090
128,1,0,1,143159,8,11.6230,14.2440,1789865738.5637
128,2,0,1,138384,8,11.3810,13.9360,1789866338.8426
128,3,0,1,20778,6,2.1330,2.8200,1789866583.6469
128,3,0,2,33337,10,3.1570,4.4370,1789866589.2084
128,3,0,3,27999,8,2.6730,3.3950,1789866593.7352
128,3,0,4,37344,12,3.8330,4.9760,1789866599.9431
128,3,0,5,26757,8,2.5510,3.2710,1789866604.4676
128,3,0,6,40224,12,3.7400,4.9120,1789866610.4562
128,3,0,7,37785,12,4.3220,5.4020,1789866616.9168
128,3,0,8,46922,15,5.2020,6.7380,1789866624.7966
128,3,0,9,42346,12,3.8180,4.9450,1789866630.8276
128,3,0,10,48710,15,4.9000,6.2920,1789866638.2521
128,3,0,11,29228,8,2.6310,3.3780,1789866642.6620
128,3,0,12,62771,16,5.2480,6.7010,1789866650.4277
128,3,0,13,65224,16,5.4850,6.9820,1789866658.4996
128,3,0,14,81571,16,6.7140,8.3090,1789866667.9468
128,3,0,15,91641,16,7.5970,9.4010,1789866678.4752
128,3,0,16,77586,16,6.3620,7.9680,1789866687.5755
128,3,0,17,130030,16,10.1660,12.5080,1789866701.4188
128,3,0,18,88579,16,7.0770,8.8060,1789866711.8215
128,3,0,19,142549,16,10.7900,13.3890,1789866726.5714
128,3,0,20,119756,16,9.5630,11.8090,1789866739.8028
128,3,0,21,139070,16,11.3760,14.0710,1789866755.1428
128,3,0,22,161555,16,13.1680,16.2010,1789866772.6853
128,3,0,23,146491,16,12.2680,15.1320,1789866789.1980
128,3,0,24,156114,16,12.9210,15.9030,1789866806.4318
128,3,0,25,303624,32,25.1310,31.1560,1789866838.9988
128,3,0,26,208291,16,17.0070,20.9790,1789866861.2831
128,3,0,27,204350,16,16.8300,20.7010,1789866883.3647
128,3,0,28,111180,8,9.1960,11.3430,1789866895.8741
128,4,0,1,109148,16,9.4400,11.6590,1789867290.0787
128,4,0,2,129269,16,11.0780,13.6900,1789867305.2812
128,4,0,3,143023,16,11.3390,13.9330,1789867320.5419
128,4,0,4,199078,16,16.0200,19.7330,1789867341.6444
128,4,0,5,138596,16,11.5280,14.2540,1789867357.3110
128,4,0,6,72139,8,5.2120,6.5350,1789867365.3708
128,4,0,7,472013,32,38.3460,47.5310,1789867414.5762
128,4,0,8,86240,8,6.2240,7.7590,1789867423.7480
128,4,0,9,88732,8,7.3600,8.9640,1789867433.9807
128,4,0,10,117869,8,10.2260,12.4460,1789867447.7506
128,5,0,1,119074,8,10.0990,12.2790,1789867961.2056
128,6,0,1,109671,8,9.3370,11.3500,1789868538.4518
128,8,0,1,101681,8,7.8030,9.6860,1789869669.8897
128,8,0,2,137695,8,11.8890,14.4810,1789869685.7906
128,9,0,1,17570,5,1.8360,2.2990,1789869868.0209
128,9,0,2,18924,5,1.8230,2.4890,1789869871.5054
128,9,0,3,22568,6,2.4790,3.0590,1789869875.6573
128,9,0,4,29619,9,2.8870,3.7100,1789869880.6763
128,9,0,5,28744,9,2.9760,3.8240,1789869886.1524
128,9,0,6,40282,14,4.3620,5.7210,1789869892.9521
128,9,0,7,39728,13,3.9830,5.1460,1789869899.1750
128,9,0,8,45859,15,5.2670,6.6020,1789869907.1443
128,9,0,9,41013,12,3.7010,4.7840,1789869913.2066
128,9,0,10,37999,11,3.4890,4.4920,1789869918.7602
128,9,0,11,53107,15,5.3030,6.6720,1789869926.5445
128,9,0,12,52220,14,5.1430,6.6030,1789869934.3184
128,9,0,13,47737,14,5.1150,6.5460,1789869942.3006
128,9,0,14,55575,14,4.9720,6.2580,1789869949.7297
128,9,0,15,52218,14,5.5720,7.0120,1789869957.9496
128,9,0,16,57179,15,5.2630,7.3110,1789869966.4656
128,9,0,17,67381,15,5.5120,6.9230,1789869974.5150
128,9,0,18,78542,16,6.2920,7.9540,1789869983.5923
128,9,0,19,70372,15,5.8330,7.3020,1789869991.9941
128,9,0,20,71208,15,5.6320,7.0690,1789870000.2119
128,9,0,21,81872,16,7.2080,8.9590,1789870010.3129
128,9,0,22,81537,16,6.7270,8.5080,1789870019.9846
128,9,0,23,114324,16,8.8040,10.8590,1789870031.9541
128,9,0,24,88158,15,7.0890,8.8380,1789870042.3386
128,9,0,25,115788,16,9.0930,11.2310,1789870054.7344
128,9,0,26,159500,16,12.7150,15.6280,1789870071.6082
128,9,0,27,104678,16,8.3950,10.4460,1789870083.2600
128,9,0,28,161017,16,12.2370,15.1580,1789870099.6867
128,9,0,29,160507,16,12.8800,15.7900,1789870117.0075
128,9,0,30,182293,16,14.2360,17.5990,1789870135.9799
128,9,0,31,353568,32,29.3600,36.0430,1789870173.3774
128,9,0,32,419991,32,34.8870,42.9150,1789870218.0223
128,9,0,33,241472,16,20.3080,24.8900,1789870244.3691
128,10,0,1,68853,16,5.5620,7.2030,1789870642.3425
128,10,0,2,53191,14,4.7030,6.0380,1789870649.7217
128,10,0,3,79944,16,6.4730,8.1230,1789870659.0323
128,10,0,4,84115,16,6.5490,8.2380,1789870668.5658
128,10,0,5,81018,15,6.8100,8.8000,1789870678.4799
128,10,0,6,127913,16,9.9880,12.3590,1789870692.0509
128,10,0,7,124997,16,9.8160,12.1090,1789870705.3870
128,10,0,8,133332,16,9.8990,12.4140,1789870719.0535
128,10,0,9,138543,16,10.9010,13.4200,1789870733.7465
128,10,0,10,161508,16,12.2490,15.2470,1789870750.2261
128,10,0,11,123078,16,10.0590,12.4050,1789870763.8700
128,10,0,12,142019,16,11.5890,14.3640,1789870779.8563
128,10,0,13,203055,16,16.9710,20.7760,1789870802.0897
128,10,0,14,219457,16,18.7010,22.8190,1789870826.2869
128,10,0,15,453631,32,37.4290,46.0920,1789870873.8216
128,10,0,16,240344,16,21.2010,25.8390,1789870901.0703
128,11,0,1,132586,8,10.8510,13.4690,1789871437.2656
128,11,0,2,143610,8,12.8460,15.4680,1789871454.3119
128,11,0,3,117318,8,10.6180,12.9380,1789871468.9226
128,12,0,1,84926,16,6.7000,8.4420,1789871846.2672
128,12,0,2,101602,16,8.0800,10.0280,1789871858.2086
128,12,0,3,91683,16,7.3880,9.2390,1789871868.8106
128,12,0,4,109567,15,8.8260,10.9340,1789871880.9774
128,12,0,5,136624,16,10.9940,13.5230,1789871895.8184
128,12,0,6,109021,16,8.8710,10.9560,1789871908.0648
128,12,0,7,157069,16,12.9870,15.9540,1789871925.2159
128,12,0,8,142757,16,10.8820,13.5220,1789871939.9850
128,12,0,9,148365,16,12.2730,15.0280,1789871956.3333
128,12,0,10,366316,32,29.2830,36.2400,1789871994.2624
128,12,0,11,395624,32,32.7870,40.3010,1789872035.9656
128,12,0,12,289817,16,24.4430,30.1660,1789872068.0084
128,13,0,1,103130,8,9.5510,11.5630,1789872609.6023
128,14,0,1,15266,4,1.2710,2.0450,1789872833.7556
128,14,0,2,20196,6,1.9250,2.5050,1789872837.2637
128,14,0,3,23971,7,2.1970,2.8470,1789872841.1017
128,14,0,4,34424,11,3.4580,4.4840,1789872846.6589
128,14,0,5,32400,10,4.2190,5.1760,1789872855.6472
128,14,0,6,47672,16,5.7140,7.4180,1789872864.3674
128,14,0,7,51353,15,4.9460,6.4910,1789872872.2553
128,14,0,8,48836,13,4.2790,5.4540,1789872878.7970
128,14,0,9,54010,15,4.8350,6.1990,1789872886.0587
128,14,0,10,58635,15,5.9390,7.3130,1789872894.4895
128,14,0,11,52257,15,5.4690,6.8150,1789872902.3700
128,14,0,12,69120,16,6.3420,8.0900,1789872911.6679
128,14,0,13,63505,14,6.0160,7.5560,1789872920.3394
128,14,0,14,59427,15,5.4140,6.9880,1789872928.7127
128,14,0,15,59173,15,5.3810,6.8050,1789872936.7479
128,14,0,16,84169,16,6.6390,8.3670,1789872946.2370
128,14,0,17,68273,16,6.4890,8.1900,1789872955.6125
128,14,0,18,54606,12,4.7230,6.0510,1789872962.7061
128,14,0,19,87488,16,6.6460,8.3800,1789872972.1572
128,14,0,20,101958,16,7.9150,9.8090,1789872983.1926
128,14,0,21,106177,16,8.2270,10.3150,1789872994.6709
128,14,0,22,97860,14,8.4730,10.4550,1789873006.3761
128,14,0,23,97904,15,7.8980,9.8440,1789873017.5607
128,14,0,24,128626,16,10.2520,12.6700,1789873031.4316
128,14,0,25,175624,16,14.7210,18.0440,1789873050.7126
128,14,0,26,158288,16,12.0550,14.9530,1789873066.9064
128,14,0,27,91217,16,7.9280,9.9590,1789873078.4311
128,14,0,28,185416,16,15.6060,19.0880,1789873098.9859
128,14,0,29,427035,32,35.3790,43.4830,1789873144.0497
128,14,0,30,98787,8,8.4270,10.2680,1789873155.6323
128,14,0,31,488628,32,40.1440,49.6310,1789873206.9493
128,14,0,32,141783,8,11.5580,14.2280,1789873222.7339
128,15,0,1,11107,3,1.2360,1.5710,1789873403.2100
128,15,0,2,22524,7,2.6950,3.4480,1789873407.8245
128,15,0,3,27811,8,2.6980,3.4770,1789873412.4069
128,15,0,4,25580,8,2.5890,3.3760,1789873416.9738
128,15,0,5,29106,9,2.8080,3.6690,1789873421.9375
128,15,0,6,33733,10,3.2890,4.1830,1789873427.3017
128,15,0,7,30786,8,2.8010,3.5760,1789873432.1674
128,15,0,8,41258,14,4.7530,5.9990,1789873439.2262
128,15,0,9,45107,14,5.8880,7.3750,1789873448.0788
128,15,0,10,52503,16,6.6110,8.4890,1789873457.8465
128,15,0,11,41489,11,4.4390,5.9660,1789873464.9714
128,15,0,12,59401,15,6.0840,7.6690,1789873473.8922
128,15,0,13,57031,13,5.1760,6.5430,1789873481.6271
128,15,0,14,81078,16,6.4210,8.1260,1789873490.8648
128,15,0,15,59782,16,5.6420,7.2050,1789873499.2399
128,15,0,16,72202,16,6.0110,7.5660,1789873507.9197
128,15,0,17,60885,16,5.5500,7.0430,1789873516.1588
128,15,0,18,73981,16,6.4470,8.1400,1789873525.3835
128,15,0,19,82404,16,6.6880,8.3480,1789873534.8763
128,15,0,20,67596,15,5.8780,7.4010,1789873543.3715
128,15,0,21,65467,15,5.7640,7.2590,1789873551.7519
128,15,0,22,115916,16,9.1010,11.2260,1789873564.4274
128,15,0,23,73925,15,6.6770,8.4330,1789873574.2239
128,15,0,24,143721,16,11.1570,13.8870,1789873589.3447
128,15,0,25,126218,16,9.9910,12.3960,1789873602.9408
128,15,0,26,120819,16,10.1660,12.5510,1789873616.6738
128,15,0,27,362701,32,28.6410,35.3890,1789873653.3222
128,15,0,28,87423,8,7.3110,8.9170,1789873663.5058
128,15,0,29,119095,8,9.2670,11.4400,1789873677.1179
128,15,0,30,173000,16,14.6810,17.9730,1789873696.6210
128,15,0,31,107222,8,9.1680,11.1750,1789873709.0153
128,15,0,32,130887,8,11.5020,13.9830,1789873724.7071
128,15,0,33,95538,8,8.6780,10.5100,1789873736.7185
128,15,0,34,121771,8,9.7380,12.0420,1789873754.7348
128,16,0,1,89721,16,7.6220,9.4850,1789874122.1611
128,16,0,2,137088,16,10.8480,13.3480,1789874136.7723
128,16,0,3,134339,16,10.7040,13.4890,1789874151.7983
128,16,0,4,156023,16,12.5270,15.4230,1789874168.4741
128,16,0,5,147879,16,11.1930,13.9140,1789874183.7745
128,16,0,6,151076,16,12.5150,15.3440,1789874200.5538
128,16,0,7,345215,32,28.1050,34.7360,1789874236.9848
128,16,0,8,153822,16,12.9700,15.8990,1789874254.3118
128,16,0,9,219943,16,17.1130,21.2590,1789874277.0116
128,16,0,10,98319,8,8.5650,10.3710,1789874288.7074
128,16,0,11,74774,8,6.6120,8.0110,1789874298.0329
128,16,0,12,161951,8,15.4080,18.6350,1789874318.1498
128,16,0,13,122656,8,10.5570,13.0300,1789874332.6678
128,17,0,1,196622,16,16.0260,19.8180,1789874790.1488
128,17,0,2,198149,16,17.1640,21.0130,1789874812.5923
128,17,0,3,52666,8,4.1640,5.1600,1789874855.6443
128,17,0,4,125587,8,11.2690,13.6300,1789874873.9648
128,17,0,5,118628,8,10.3830,12.6620,1789874896.4270
128,17,0,6,111866,8,9.5220,11.5700,1789874909.4324
128,17,0,7,170662,8,16.1430,19.4030,1789874937.3708
128,17,0,8,263499,16,24.1170,29.2950,1789874968.4496
128,17,0,9,109534,8,9.4780,11.5390,1789874983.2740
128,17,0,10,86018,8,7.0860,8.7790,1789875002.0267
128,17,0,11,143133,8,11.6830,14.3090,1789875040.7298
128,17,0,12,103167,8,8.2790,10.2650,1789875066.5049
128,18,0,1,15208,4,1.5360,1.9160,1789875275.5036
128,18,0,2,21735,6,1.9820,2.8080,1789875279.5440
128,18,0,3,25574,7,2.4110,3.1210,1789875283.9203
128,18,0,4,38755,13,4.4200,5.6060,1789875290.8350
128,18,0,5,39910,14,4.7070,5.9610,1789875297.9186
128,18,0,6,41043,13,4.1620,5.3400,1789875304.7247
128,18,0,7,46159,15,4.9080,6.2570,1789875312.1021
128,18,0,8,48567,14,4.8830,6.3160,1789875319.9636
128,18,0,9,46191,13,4.6580,6.0240,1789875327.2101
128,18,0,10,42416,14,5.1950,6.5960,1789875335.4014
128,18,0,11,49341,16,5.7110,7.2780,1789875343.8616
128,18,0,12,49042,14,4.5790,6.0600,1789875351.1700
128,18,0,13,54441,14,4.6930,6.1310,1789875358.4376
128,18,0,14,59170,16,5.3000,6.7840,1789875366.3998
128,18,0,15,68780,14,5.3150,6.7380,1789875374.3805
128,18,0,16,86533,16,7.0930,8.7970,1789875385.4913
128,18,0,17,106446,16,8.6260,10.7270,1789875397.4878
128,18,0,18,108712,16,8.3390,10.3160,1789875408.9485
128,18,0,19,82848,16,7.0350,8.8010,1789875418.8607
128,18,0,20,126283,16,10.1330,12.4690,1789875432.4841
128,18,0,21,134201,16,10.4460,12.9830,1789875446.6079
128,18,0,22,101713,16,8.6350,10.7410,1789875458.4584
128,18,0,23,112705,16,8.9500,11.2300,1789875470.8884
128,18,0,24,133951,16,11.2320,13.8210,1789875485.9849
128,18,0,25,181020,16,14.6230,17.9170,1789875505.2372
128,18,0,26,172674,16,13.5580,16.7900,1789875523.4203
128,18,0,27,135612,15,10.6290,13.2810,1789875538.1775
128,18,0,28,80052,8,6.4900,8.0390,1789875551.9772
128,18,0,29,221668,16,19.3560,23.6520,1789875576.8659
128,18,0,30,84688,8,7.0150,8.7200,1789875586.9395
128,18,0,31,123552,8,11.2460,13.6340,1789875601.7324
128,19,0,1,106731,8,8.5170,10.6680,1789876166.3460
128,19,0,2,135987,8,11.0090,13.5180,1789876181.2694
128,0,1,1,111237,16,17.7220,32.3170,1789864987.5283
128,0,1,2,106438,16,8.8120,11.0690,1789864999.9846
128,0,1,3,142761,16,11.7790,14.5740,1789865016.1118
128,0,1,4,171048,16,12.9240,16.1880,1789865033.7186
128,0,1,5,162472,16,13.0300,16.0330,1789865051.1249
128,0,1,6,183351,16,15.6370,19.6620,1789865072.1458
128,0,1,7,366834,32,29.0120,35.8990,1789865109.8544
128,0,1,8,204578,16,17.4010,21.2970,1789865132.5448
128,0,1,9,196161,16,16.8470,20.6130,1789865154.4612
128,0,1,10,119870,8,10.2470,12.4590,1789865168.3892
128,1,1,1,54809,16,5.3080,7.1460,1789865488.8013
128,1,1,2,52610,15,5.0450,6.4150,1789865496.4072
128,1,1,3,67478,15,5.6890,7.1190,1789865504.6889
128,1,1,4,88637,16,6.7990,8.4550,1789865514.3524
128,1,1,5,91536,16,7.5910,9.3940,1789865525.7048
128,1,1,6,56065,13,4.7700,6.0530,1789865532.9590
128,1,1,7,104930,16,8.5760,10.6430,1789865544.8028
128,1,1,8,93501,16,7.6800,9.5210,1789865555.5927
128,1,1,9,108273,16,8.3600,10.3590,1789865567.4706
128,1,1,10,110605,16,8.6960,10.7690,1789865579.5073
128,1,1,11,161929,16,12.4260,15.4170,1789865596.2407
128,1,1,12,129672,16,10.2130,12.5770,1789865610.1051
128,1,1,13,152458,16,11.9460,14.7840,1789865626.1502
128,1,1,14,177909,16,14.1140,17.4940,1789865644.9252
128,1,1,15,381871,32,31.3470,38.6430,1789865684.9135
128,1,1,16,191969,16,15.3840,19.0040,1789865705.7525
128,1,1,17,210188,16,18.4480,22.4830,1789865729.7236
128,1,1,18,111503,8,9.4320,11.5030,1789865742.7596
128,2,1,1,20329,6,5.2830,5.8820,1789866001.8313
128,2,1,2,23684,7,2.1690,2.8280,1789866005.8239
128,2,1,3,35876,12,3.8720,5.0100,1789866012.6108
128,2,1,4,32521,11,3.7050,4.6860,1789866018.7141
128,2,1,5,46519,15,4.6060,5.9460,1789866025.7974
128,2,1,6,42311,12,3.9390,5.3030,1789866032.2710
128,2,1,7,49697,15,4.7950,6.1590,1789866039.5867
128,2,1,8,49840,15,4.8220,6.1890,1789866047.0349
128,2,1,9,59676,15,5.0260,6.3910,1789866054.5357
128,2,1,10,57310,14,5.2420,6.6020,1789866062.3219
128,2,1,11,67177,16,6.1670,7.9850,1789866071.4789
128,2,1,12,84136,16,6.4900,8.2440,1789866081.0541
128,2,1,13,86150,15,6.8110,8.4790,1789866090.6580
128,2,1,14,63404,15,5.3740,6.8500,1789866098.6625
128,2,1,15,92024,16,7.2710,8.9880,1789866108.9153
128,2,1,16,112216,16,8.3360,10.3770,1789866120.5431
128,2,1,17,93704,16,7.5330,9.3110,1789866131.0524
128,2,1,18,119417,16,9.5930,11.8670,1789866144.2664
128,2,1,19,141093,16,11.2120,13.8090,1789866159.2526
128,2,1,20,155127,16,12.7300,15.6260,1789866176.1326
128,2,1,21,139400,16,10.5260,13.1310,1789866190.8119
128,2,1,22,177529,16,14.5470,17.8100,1789866210.0139
128,2,1,23,186262,16,15.1200,18.4960,1789866230.0155
128,2,1,24,347414,32,27.4580,34.0640,1789866265.5450
128,2,1,25,437711,32,36.5250,44.8600,1789866311.8261
128,2,1,26,227670,16,18.0000,22.3470,1789866335.4470
128,3,1,1,102711,8,8.6590,10.5960,1789866893.6939
128,3,1,2,110568,8,8.4970,10.5310,1789866905.6343
128,4,1,1,69154,16,6.0710,8.1150,1789867212.1266
128,4,1,2,63625,15,5.8240,7.3860,1789867220.8474
128,4,1,3,103570,16,8.5300,10.5060,1789867232.7569
128,4,1,4,102640,16,7.8340,9.8350,1789867243.9192
128,4,1,5,112796,16,9.1810,11.3060,1789867257.3944
128,4,1,6,103361,16,8.0030,9.8960,1789867268.4016
128,4,1,7,92877,16,7.5040,9.3510,1789867278.9708
128,4,1,8,105851,16,8.1720,10.1670,1789867290.3500
128,4,1,9,166761,16,13.4340,16.5240,1789867308.7069
128,4,1,10,194421,16,15.6460,19.2650,1789867329.3295
128,4,1,11,152606,16,11.7040,14.5090,1789867345.2612
128,4,1,12,389510,32,31.3270,38.7000,1789867385.4625
128,4,1,13,222952,16,19.1930,23.4470,1789867410.4835
128,4,1,14,253987,16,21.2840,26.1210,1789867438.0978
128,5,1,1,144050,16,10.7490,13.4540,1789867805.5423
128,5,1,2,131482,16,10.7580,13.2490,1789867820.1176
128,5,1,3,151389,16,12.4410,15.2860,1789867836.8752
128,5,1,4,146270,16,11.7010,14.4190,1789867852.6785
128,5,1,5,89807,13,7.4660,9.3230,1789867863.2804
128,5,1,6,172842,16,14.7170,17.9460,1789867882.6525
128,5,1,7,412503,32,33.4810,41.3210,1789867925.3600
128,5,1,8,195758,16,15.8340,19.5160,1789867946.1897
128,5,1,9,125367,8,10.0930,12.4390,1789867960.0181
128,5,1,10,111296,8,9.6780,11.8300,1789867973.3215
128,6,1,1,57340,16,5.7690,7.2800,1789868269.6284
128,6,1,2,47126,13,5.0320,6.3830,1789868277.3694
128,6,1,3,49758,13,4.7850,6.2660,1789868285.4450
128,6,1,4,75592,16,6.3840,8.1020,1789868294.6902
128,6,1,5,64062,14,5.7200,7.6140,1789868303.4947
128,6,1,6,96226,16,7.4600,9.2950,1789868313.8924
128,6,1,7,82611,16,6.6330,8.2940,1789868323.2537
128,6,1,8,108569,16,8.3030,10.2740,1789868334.6694
128,6,1,9,94212,15,7.6440,9.5170,1789868345.3552
128,6,1,10,134094,16,10.6460,13.0910,1789868359.5978
128,6,1,11,127789,16,10.0610,12.5610,1789868373.2928
128,6,1,12,139934,16,10.9930,13.5470,1789868387.9931
128,6,1,13,151667,16,12.0100,14.7780,1789868403.9857
128,6,1,14,117490,16,9.6490,11.8810,1789868417.1694
128,6,1,15,163520,16,12.4260,15.4070,1789868433.7634
128,6,1,16,145941,16,11.8960,14.6220,1789868449.8200
128,6,1,17,366688,32,29.4540,36.4970,1789868487.6853
128,6,1,18,203727,16,16.5950,20.5050,1789868509.3777
128,6,1,19,114168,8,8.9220,11.0520,1789868521.7067
128,6,1,20,123368,8,11.4780,13.9260,1789868537.0391
128,7,1,1,12889,4,2.1870,2.5950,1789868739.9480
128,7,1,2,16784,5,1.8420,2.4120,1789868743.4904
128,7,1,3,31493,9,3.2350,4.2210,1789868748.8892
128,7,1,4,30627,9,3.2510,4.2380,1789868754.3063
128,7,1,5,32395,11,3.7850,4.9070,1789868760.3714
128,7,1,6,36488,12,4.3130,5.5320,1789868767.2224
128,7,1,7,40780,11,3.9340,5.1490,1789868773.4988
128,7,1,8,51390,15,5.7750,7.2990,1789868781.9651
128,7,1,9,51955,14,5.0980,6.5720,1789868789.6962
128,7,1,10,57526,16,6.0130,7.8370,1789868798.8615
128,7,1,11,52883,15,5.5360,7.1330,1789868807.2780
128,7,1,12,54575,16,5.9180,7.5610,1789868816.2097
128,7,1,13,61785,16,5.8710,7.5530,1789868824.9296
128,7,1,14,59436,15,5.7530,7.3430,1789868833.7806
128,7,1,15,45656,11,4.1590,5.3390,1789868840.3369
128,7,1,16,77911,16,6.4270,8.1150,1789868849.7569
128,7,1,17,70234,16,6.2180,7.9040,1789868858.8129
128,7,1,18,80323,16,6.7550,8.5380,1789868869.9027
128,7,1,19,76821,16,6.7590,8.4840,1789868879.5840
128,7,1,20,101827,16,8.3610,10.3090,1789868891.0540
128,7,1,21,113374,16,8.4470,10.5490,1789868903.6111
128,7,1,22,106414,16,8.2960,10.2920,1789868915.0097
128,7,1,23,79371,15,6.3800,8.0030,1789868924.1316
128,7,1,24,125817,16,9.7330,12.2830,1789868937.5256
128,7,1,25,134144,16,9.9120,12.4790,1789868951.6074
128,7,1,26,139470,16,11.2730,13.8860,1789868966.9831
128,7,1,27,136299,16,11.3100,14.0150,1789868982.2770
128,7,1,28,140849,16,12.6220,15.3560,1789868999.0284
128,7,1,29,350968,32,28.0570,34.5990,1789869035.0670
128,7,1,30,269080,16,22.9760,28.1350,1789869064.7387
128,7,1,31,125775,8,10.8110,13.1370,1789869079.3864
128,7,1,32,84380,8,6.9440,8.4940,1789869092.3056
128,7,1,33,113699,8,9.9520,12.1590,1789869112.9389
128,7,1,34,125116,8,10.5930,13.1240,1789869141.8703
128,7,1,35,132208,8,10.7690,13.2900,1789869165.7287
128,8,1,1,98559,16,7.7450,9.6980,1789869499.0793
128,8,1,2,123551,16,9.5860,11.8540,1789869512.2031
128,8,1,3,136536,16,10.8440,13.3170,1789869526.7700
128,8,1,4,94385,16,7.8600,9.8680,1789869539.2004
128,8,1,5,134185,16,10.8160,13.4580,1789869554.1137
128,8,1,6,162451,16,12.8290,15.8780,1789869571.3530
128,8,1,7,155023,16,12.5480,15.4530,1789869588.7444
128,8,1,8,325838,32,26.0470,32.1840,1789869622.5837
128,8,1,9,412388,32,35.4830,43.4020,1789869667.5572
128,8,1,10,212480,16,18.6960,22.8460,1789869692.0486
128,9,1,1,110311,16,8.6660,10.7650,1789870068.2864
128,9,1,2,102550,16,9.0450,11.1640,1789870080.6347
128,9,1,3,105736,16,8.7940,10.8880,1789870092.6578
128,9,1,4,170811,16,13.7450,16.8560,1789870111.6009
128,9,1,5,154679,16,12.9860,16.0270,1789870129.1159
128,9,1,6,162509,16,12.8500,15.8730,1789870146.2826
128,9,1,7,371813,32,29.4050,36.4910,1789870184.2186
128,9,1,8,171800,16,13.5180,16.7530,1789870202.1777
128,9,1,9,224755,16,17.4720,21.6810,1789870225.3361
128,9,1,10,59174,8,4.8110,5.9060,1789870232.5069
128,10,1,1,212175,16,17.4080,21.4340,1789870779.3574
128,10,1,2,178739,16,13.4710,16.7940,1789870797.4793
128,10,1,3,178183,16,14.6860,17.9780,1789870816.7208
128,10,1,4,350619,32,29.7380,36.4220,1789870854.9430
128,10,1,5,177006,16,14.9760,18.3150,1789870874.5113
128,10,1,6,125556,8,11.2960,13.5990,1789870889.5378
128,11,1,1,26722,8,2.7070,3.4230,1789871121.9664
128,11,1,2,36405,13,4.0930,5.2420,1789871128.2874
128,11,1,3,32563,10,3.0760,4.0070,1789871133.3323
128,11,1,4,42671,13,4.1940,5.4180,1789871139.9502
128,11,1,5,41143,12,3.6450,4.7290,1789871145.8285
128,11,1,6,38999,12,3.7830,4.8970,1789871151.9005
128,11,1,7,41998,12,3.8280,4.9390,1789871157.9300
128,11,1,8,45586,13,4.4490,5.6290,1789871164.6880
128,11,1,9,49902,14,4.6170,5.9060,1789871171.6727
128,11,1,10,59520,16,5.6310,7.1650,1789871180.0436
128,11,1,11,58812,15,4.9720,6.3870,1789871187.5883
128,11,1,12,57083,16,5.6670,7.1500,1789871195.8859
128,11,1,13,53928,15,5.1150,6.4690,1789871203.5314
128,11,1,14,55319,13,4.5660,5.7830,1789871210.4574
128,11,1,15,79247,16,6.4360,8.0520,1789871219.6587
128,11,1,16,91067,16,7.0400,8.7000,1789871229.4545
128,11,1,17,90082,16,6.8070,8.5260,1789871239.3027
128,11,1,18,84880,16,6.9100,8.7230,1789871249.4021
128,11,1,19,96614,16,7.5400,9.3110,1789871259.8542
128,11,1,20,95028,16,7.6110,9.3800,1789871270.3727
128,11,1,21,120478,16,9.4570,11.6140,1789871283.1383
128,11,1,22,157572,16,12.8550,15.6980,1789871300.1166
128,11,1,23,143208,16,10.6260,13.2340,1789871314.5999
128,11,1,24,149390,16,12.1920,14.9500,1789871330.9434
128,11,1,25,149869,16,12.0300,14.7950,1789871347.0701
128,11,1,26,130689,16,11.2070,13.7210,1789871363.1255
128,11,1,27,135363,16,10.7910,13.2640,1789871377.6165
128,11,1,28,363685,32,29.9220,36.7370,1789871415.6409
128,11,1,29,87962,8,7.8120,9.5330,1789871426.3884
128,11,1,30,281514,16,23.4530,28.9380,1789871456.8579
128,11,1,31,125002,8,11.3710,13.7330,1789871472.0332
128,12,1,1,46002,14,4.8890,6.1700,1789871785.9486
128,12,1,2,53850,16,5.0830,6.5530,1789871793.6366
128,12,1,3,66712,16,5.6650,7.1450,1789871802.0370
128,12,1,4,73662,16,5.9090,7.4200,1789871810.6621
128,12,1,5,82146,16,6.5950,8.2370,1789871820.0308
128,12,1,6,88360,16,6.6060,8.2870,1789871829.7533
128,12,1,7,77302,16,6.5750,8.1540,1789871839.0559
128,12,1,8,75335,16,6.5830,8.2700,1789871848.4593
128,12,1,9,110919,16,8.7730,10.8270,1789871860.4936
128,12,1,10,134909,16,11.1400,13.6600,1789871875.3855
128,12,1,11,131424,16,10.4600,12.8920,1789871889.4435
128,12,1,12,156181,16,13.1520,16.1130,1789871906.8157
128,12,1,13,130123,16,10.5750,13.0290,1789871920.9742
128,12,1,14,163422,16,13.5850,16.5980,1789871938.7645
128,12,1,15,182335,16,14.1020,17.5800,1789871957.5268
128,12,1,16,315798,32,26.5470,32.6200,1789871991.7035
128,12,1,17,117452,8,10.2030,12.3570,1789872005.4289
128,12,1,18,215772,16,19.5220,23.7930,1789872030.5933
128,12,1,19,223156,16,19.4860,23.7780,1789872055.6304
128,13,1,1,110839,16,8.6860,10.9000,1789872400.5078
128,13,1,2,77992,15,6.8640,8.5940,1789872410.4022
128,13,1,3,103203,16,8.0310,9.9480,1789872421.6590
128,13,1,4,104141,16,8.2300,10.1830,1789872433.1383
128,13,1,5,145671,16,10.7310,13.4390,1789872447.8569
128,13,1,6,119736,16,9.6250,11.8400,1789872461.1140
128,13,1,7,137923,16,11.0740,13.6330,1789872476.4898
128,13,1,8,117040,16,9.7330,11.9840,1789872489.7573
128,13,1,9,139443,16,12.2020,14.9450,1789872506.1904
128,13,1,10,327141,32,28.7560,35.1600,1789872543.0232
128,13,1,11,119894,8,10.2840,12.5370,1789872557.0259
128,13,1,12,195163,16,16.5140,20.3910,1789872578.8965
128,13,1,13,127202,8,10.2290,12.5850,1789872592.8321
128,13,1,14,117476,8,10.8240,13.1390,1789872607.5143
128,14,1,1,155325,16,12.8610,15.7840,1789873026.6252
128,14,1,2,109809,16,9.1780,11.3000,1789873039.0919
128,14,1,3,186313,16,14.8400,18.2990,1789873058.5971
128,14,1,4,137792,14,10.8380,13.5290,1789873073.4823
128,14,1,5,214049,16,17.3680,21.4130,1789873096.5479
128,14,1,6,158042,16,12.5720,15.5500,1789873113.5643
128,14,1,7,392342,32,32.9500,40.5060,1789873155.4381
128,14,1,8,100663,8,7.7810,9.6100,1789873166.3951
128,14,1,9,253449,16,22.4480,27.3000,1789873195.4335
128,14,1,10,240745,16,20.5900,25.2560,1789873222.3251
128,16,1,1,165884,8,14.2800,17.5310,1789874342.7843
128,18,1,1,37539,10,3.8020,4.8720,1789875348.9650
128,18,1,2,61192,16,6.0580,7.6050,1789875357.7572
128,18,1,3,58438,16,5.9250,7.4390,1789875366.3451
128,18,1,4,56114,15,5.1530,6.5320,1789875374.0235
128,18,1,5,83431,16,6.7620,8.5640,1789875384.4507
128,18,1,6,106282,16,8.3760,10.3580,1789875396.0033
128,18,1,7,95325,16,7.5120,9.3590,1789875406.5097
128,18,1,8,93989,16,8.0060,9.8800,1789875418.2357
128,18,1,9,81736,16,6.8290,8.5450,1789875428.0011
128,18,1,10,111297,16,9.0550,11.1690,1789875440.3689
128,18,1,11,152244,16,12.2740,15.1040,1789875457.0896
128,18,1,12,123613,15,9.1620,11.5040,1789875469.7432
128,18,1,13,139672,16,12.0260,14.6420,1789875485.6125
128,18,1,14,133066,16,10.8700,13.3930,1789875500.1863
128,18,1,15,184112,16,14.3420,17.7480,1789875520.4896
128,18,1,16,393374,32,31.0930,38.5140,1789875561.4552
128,18,1,17,345434,24,30.0500,36.6930,1789875599.5433
128,18,1,18,216557,16,17.6640,21.7360,1789875622.7896
128,19,1,1,85137,15,7.2490,9.1050,1789876035.3675
128,19,1,2,116098,16,10.8090,13.0050,1789876049.5854
128,19,1,3,101230,15,8.2120,10.4640,1789876061.2726
128,19,1,4,135267,16,11.6380,14.2450,1789876076.6873
128,19,1,5,181706,16,14.9950,18.3640,1789876096.4080
128,19,1,6,304362,30,24.6930,30.6840,1789876128.4910
128,19,1,7,213071,16,18.5430,22.6400,1789876152.4760
128,19,1,8,252746,16,20.5010,25.3880,1789876179.2567
128,0,2,1,12000,4,4.6630,8.1870,1789864774.9786
128,0,2,2,24912,8,4.0970,5.3680,1789864781.8029
128,0,2,3,26914,8,2.7940,3.6140,1789864786.4379
128,0,2,4,36404,13,4.9820,6.2860,1789864793.8456
128,0,2,5,34991,11,3.7880,4.9080,1789864799.9860
128,0,2,6,38190,12,4.3640,5.6350,1789864806.7440
128,0,2,7,45157,15,4.5820,6.0830,1789864813.8917
128,0,2,8,40554,12,4.1600,5.2840,1789864820.2110
128,0,2,9,47500,15,4.5960,5.9250,1789864827.1197
128,0,2,10,45862,14,4.6900,6.0110,1789864834.1797
128,0,2,11,48145,14,4.6990,5.9770,1789864841.4192
128,0,2,12,55638,15,5.4450,6.9850,1789864849.5181
128,0,2,13,57070,16,6.3130,8.0730,1789864858.7045
128,0,2,14,59114,14,5.3420,6.7970,1789864866.6155
128,0,2,15,69999,16,6.2120,7.8880,1789864875.7010
128,0,2,16,63522,16,5.9940,7.6720,1789864884.5613
128,0,2,17,85280,16,6.6960,8.6630,1789864894.6676
128,0,2,18,68160,16,7.0020,8.6440,1789864904.5899
128,0,2,19,57641,15,5.5360,7.1350,1789864912.8145
128,0,2,20,86036,16,7.2890,9.2220,1789864923.1748
128,0,2,21,93145,16,7.6220,9.4180,1789864933.8227
128,0,2,22,90432,15,7.3540,9.1510,1789864944.2363
128,0,2,23,91368,16,7.2630,9.0670,1789864954.5693
128,0,2,24,100983,16,8.1780,10.1230,1789864966.3870
128,0,2,25,150824,16,11.9930,14.7760,1789864982.3967
128,0,2,26,140346,16,10.7850,13.4160,1789864997.0281
128,0,2,27,109506,16,9.2580,11.4380,1789865009.5756
128,0,2,28,134003,16,10.9140,13.5410,1789865024.5976
128,0,2,29,147298,16,11.8890,14.5920,1789865040.4621
128,0,2,30,179539,16,14.4840,17.9540,1789865059.7608
128,0,2,31,128462,16,10.8440,13.3950,1789865074.5985
128,0,2,32,361442,32,32.0590,39.3010,1789865115.1833
128,0,2,33,250143,16,22.5350,27.4320,1789865143.9219
128,0,2,34,127130,8,10.0180,12.3510,1789865157.7034
128,0,2,35,106009,8,8.9860,10.9330,1789865170.1128
128,1,2,1,83597,13,7.0930,8.7620,1789865577.0487
128,1,2,2,142026,16,11.0370,13.7750,1789865592.1426
128,1,2,3,139407,16,10.5860,13.1790,1789865606.5740
128,1,2,4,148906,16,12.2440,15.0490,1789865622.7888
128,1,2,5,172875,16,13.6500,16.8660,1789865640.9591
128,1,2,6,354935,32,28.7910,35.5530,1789865678.5756
128,1,2,7,439143,32,35.2750,43.7080,1789865724.2269
128,1,2,8,153831,16,12.9290,15.9360,1789865741.4934
128,2,2,1,90553,16,7.1290,8.9400,1789866109.2183
128,2,2,2,94546,16,7.5450,9.4020,1789866120.0321
128,2,2,3,114950,16,9.2110,11.3290,1789866132.5184
128,2,2,4,166999,16,13.5170,17.0020,1789866151.0257
128,2,2,5,154252,16,12.3980,15.2190,1789866167.5754
128,2,2,6,128196,16,9.8170,12.2670,1789866181.2964
128,2,2,7,168754,16,13.7940,16.9270,1789866199.9200
128,2,2,8,172349,16,14.1210,17.3140,1789866218.7830
128,2,2,9,184141,16,15.2750,18.7720,1789866238.9334
128,2,2,10,338235,32,26.8080,33.3100,1789866273.6948
128,2,2,11,219323,16,18.6710,22.7660,1789866297.7763
128,2,2,12,211960,16,18.2270,22.2320,1789866321.5101
128,2,2,13,95090,8,8.2910,10.1220,1789866333.1366
128,3,2,1,93496,16,7.1410,8.9370,1789866676.6802
128,3,2,2,102934,16,7.5920,9.6520,1789866687.7319
128,3,2,3,94050,15,7.5430,9.3340,1789866698.7854
128,3,2,4,89523,14,6.7740,8.5510,1789866708.4750
128,3,2,5,125283,16,9.5270,11.8770,1789866721.5080
128,3,2,6,128389,16,10.3340,12.7750,1789866735.6570
128,3,2,7,134844,16,10.2240,12.8760,1789866749.9742
128,3,2,8,134504,16,11.3640,13.8910,1789866765.0593
128,3,2,9,135110,16,11.1790,13.8400,1789866780.0906
128,3,2,10,135994,15,11.5700,14.1850,1789866795.4181
128,3,2,11,443697,32,36.3370,44.9640,1789866841.7705
128,3,2,12,413467,32,36.1610,44.1320,1789866887.4633
128,3,2,13,230145,16,18.9180,23.3170,1789866912.1277
128,4,2,1,13804,4,1.6950,2.2170,1789867060.1835
128,4,2,2,26080,8,2.9300,3.7880,1789867065.1666
128,4,2,3,28583,8,2.8570,3.7430,1789867070.4549
128,4,2,4,34873,12,4.2010,5.4180,1789867077.2674
128,4,2,5,35097,10,3.4660,4.5420,1789867082.8912
128,4,2,6,30171,9,3.2760,4.1830,1789867088.3826
128,4,2,7,38743,13,4.5100,5.8750,1789867095.4308
128,4,2,8,39089,12,4.1470,5.3810,1789867102.1984
128,4,2,9,43105,14,4.8850,6.2780,1789867109.5315
128,4,2,10,48485,16,5.8840,7.5030,1789867118.0707
128,4,2,11,41606,13,5.6110,6.9870,1789867126.1353
128,4,2,12,39015,10,3.6770,4.8340,1789867132.4976
128,4,2,13,48763,14,4.8860,6.3650,1789867140.2049
128,4,2,14,57424,14,5.3010,6.7910,1789867148.1270
128,4,2,15,35121,9,3.2300,4.1800,1789867153.4739
128,4,2,16,44879,12,4.2210,5.3780,1789867159.8836
128,4,2,17,54104,14,4.7010,6.2690,1789867167.2343
128,4,2,18,66766,16,5.4660,6.9660,1789867175.2533
128,4,2,19,68545,16,6.1260,7.6070,1789867183.8734
128,4,2,20,45143,14,5.0690,6.5390,1789867191.5096
128,4,2,21,62395,14,5.6790,7.1700,1789867199.8135
128,4,2,22,63725,14,5.5600,7.0440,1789867207.9411
128,4,2,23,86216,16,6.9140,8.7350,1789867217.9718
128,4,2,24,72600,16,6.9450,8.6750,1789867227.7961
128,4,2,25,94054,16,7.5360,9.4380,1789867238.4694
128,4,2,26,109476,16,8.4190,10.5070,1789867250.1777
128,4,2,27,86873,16,7.0330,8.8300,1789867260.2078
128,4,2,28,122452,16,9.9500,12.3070,1789867273.6837
128,4,2,29,172107,16,13.8380,17.0040,1789867292.1262
128,4,2,30,128963,16,10.3400,12.7990,1789867306.3442
128,4,2,31,133745,16,10.8460,13.5870,1789867321.1581
128,4,2,32,179234,16,15.1690,18.5780,1789867341.5256
128,4,2,33,373813,32,30.4270,37.7330,1789867380.7596
128,4,2,34,293991,32,25.9260,32.0570,1789867414.0282
128,4,2,35,211659,16,17.3490,21.3880,1789867436.8498
128,4,2,36,112974,8,9.9500,12.1240,1789867450.4618
128,5,2,1,62881,16,5.8890,7.8820,1789867732.2034
128,5,2,2,57370,14,5.0870,6.5220,1789867740.0227
128,5,2,3,74443,16,7.6380,9.3190,1789867750.5974
128,5,2,4,77323,16,6.4150,8.1630,1789867760.0240
128,5,2,5,65532,15,5.8540,7.4630,1789867768.7828
128,5,2,6,83985,16,7.2700,9.1100,1789867779.0314
128,5,2,7,104465,16,8.3740,10.4420,1789867791.2170
128,5,2,8,104409,16,8.6170,10.6050,1789867802.8737
128,5,2,9,105511,16,8.5630,10.6200,1789867814.6967
128,5,2,10,97355,16,8.7690,10.8620,1789867827.0195
128,5,2,11,152232,16,12.3770,15.2330,1789867843.4964
128,5,2,12,145694,16,11.0400,13.7200,1789867858.4538
128,5,2,13,169216,16,13.2870,16.4870,1789867876.2987
128,5,2,14,389490,32,32.2070,39.6010,1789867917.3024
128,5,2,15,321694,32,27.4780,33.7340,1789867952.4847
128,5,2,16,217359,16,17.6200,21.7450,1789867975.7201
128,6,2,1,108114,16,8.4740,10.5710,1789868327.8467
128,6,2,2,102526,16,8.0690,10.4540,1789868339.5470
128,6,2,3,138848,16,11.5500,14.1250,1789868354.9874
128,6,2,4,101839,16,8.6620,10.7350,1789868366.9396
128,6,2,5,108243,16,9.1380,11.3750,1789868379.6162
128,6,2,6,108577,16,9.2620,11.4940,1789868392.3532
128,6,2,7,98054,16,8.4930,10.6230,1789868404.3108
128,6,2,8,172075,16,13.5300,16.8560,1789868422.4359
128,6,2,9,185247,16,15.5620,19.0470,1789868442.8151
128,6,2,10,344384,32,28.8680,35.3490,1789868479.4524
128,6,2,11,217512,16,17.6200,21.7220,1789868502.5801
128,6,2,12,182787,16,16.5080,20.1520,1789868524.2212
128,6,2,13,125461,8,10.9910,13.3770,1789868538.9067
128,7,2,1,80932,14,6.3560,8.1250,1789868908.4495
128,7,2,2,102403,15,9.3500,11.4980,1789868921.1667
128,7,2,3,122320,16,9.1870,11.4390,1789868934.0152
128,7,2,4,145794,16,10.9910,13.6610,1789868948.8832
128,7,2,5,130099,16,10.8300,13.3480,1789868963.5527
128,7,2,6,158028,16,12.0850,15.0030,1789868979.8071
128,7,2,7,117405,16,9.7510,12.0910,1789868993.1389
128,7,2,8,343733,32,29.0140,35.6360,1789869030.8774
128,7,2,9,406311,32,35.0290,42.9210,1789869075.4814
128,7,2,10,94180,8,8.5210,10.3190,1789869087.0159
128,7,2,11,133585,8,10.6020,13.1100,1789869107.9605
128,7,2,12,157959,8,13.4310,16.4430,1789869138.5697
128,7,2,13,168978,8,14.7980,18.0660,1789869158.4185
128,8,2,1,52805,15,5.4140,6.9920,1789869417.2777
128,8,2,2,54756,16,5.5540,7.1860,1789869425.5767
128,8,2,3,63130,15,5.4870,7.0440,1789869434.5085
128,8,2,4,70729,15,5.9930,7.5580,1789869443.3608
128,8,2,5,64884,16,6.0630,7.8080,1789869452.2986
128,8,2,6,80022,16,6.7700,8.5140,1789869461.9682
128,8,2,7,85653,16,6.8910,8.6370,1789869471.8528
128,8,2,8,87566,16,7.1480,8.9320,1789869482.3765
128,8,2,9,108856,16,8.6550,10.8250,1789869494.4369
128,8,2,10,108311,16,9.1550,11.3750,1789869506.9031
128,8,2,11,64693,14,5.8950,7.4650,1789869515.6984
128,8,2,12,107326,16,8.8940,11.0860,1789869527.9617
128,8,2,13,89661,14,7.2470,9.0260,1789869538.7183
128,8,2,14,156023,16,12.1490,15.0390,1789869555.1671
128,8,2,15,166995,16,12.8310,15.9330,1789869572.3054
128,8,2,16,171887,16,13.2210,16.4060,1789869590.0067
128,8,2,17,367689,32,31.0420,37.9950,1789869629.2924
128,8,2,18,288728,24,24.0290,29.6150,1789869660.1861
128,8,2,19,211293,16,18.6350,22.7260,1789869684.1606
128,9,2,1,90724,16,7.9010,9.6660,1789870001.9409
128,9,2,2,93732,16,7.5660,9.4020,1789870012.6212
128,9,2,3,96366,16,7.8630,9.7880,1789870023.5815
128,9,2,4,100145,16,8.2390,10.2490,1789870035.0023
128,9,2,5,86844,15,7.5020,9.3050,1789870045.6449
128,9,2,6,107920,16,8.5330,10.7450,1789870057.6089
128,9,2,7,110775,16,8.6110,10.8370,1789870069.6548
128,9,2,8,109607,14,9.2120,11.6730,1789870082.4415
128,9,2,9,105302,16,9.2740,11.3500,1789870094.9063
128,9,2,10,147150,16,12.2790,15.1160,1789870111.5642
128,9,2,11,167955,16,13.4120,16.6000,1789870129.5494
128,9,2,12,172401,16,14.2350,17.4680,1789870148.4042
128,9,2,13,376955,32,31.3560,38.5560,1789870188.5676
128,9,2,14,222804,16,19.6670,24.0380,1789870214.1356
128,9,2,15,116398,8,10.4610,12.7470,1789870228.2267
128,10,2,1,111434,16,8.2190,10.2950,1789870676.9641
128,10,2,2,84835,13,6.9850,8.6970,1789870686.9691
128,10,2,3,146890,16,11.7580,14.4600,1789870702.7095
128,10,2,4,123956,16,10.0670,12.5920,1789870716.7138
128,10,2,5,158089,16,11.8570,14.8490,1789870732.7356
128,10,2,6,127313,16,10.4290,12.9890,1789870746.8906
128,10,2,7,213865,16,17.3540,21.3650,1789870769.5869
128,10,2,8,201273,16,16.0290,19.7750,1789870791.0675
128,10,2,9,197524,16,16.3400,20.1610,1789870812.6278
128,10,2,10,426011,32,35.4660,43.7220,1789870857.7357
128,10,2,11,199554,16,17.4870,21.3210,1789870880.3380
128,10,2,12,101403,8,7.7080,9.5400,1789870891.1881
128,11,2,1,88883,14,7.1350,8.8800,1789871260.8357
128,11,2,2,84025,16,6.6480,8.4400,1789871270.5135
128,11,2,3,86459,15,7.6340,9.4920,1789871281.1347
128,11,2,4,109586,16,8.5860,10.7570,1789871293.5531
128,11,2,5,106987,16,8.8940,11.0250,1789871305.9997
128,11,2,6,146909,16,11.8490,14.5950,1789871321.7853
128,11,2,7,175117,16,13.9790,17.2820,1789871340.6396
128,11,2,8,142767,16,11.4690,14.1330,1789871355.9835
128,11,2,9,168270,16,13.4650,16.7490,1789871374.2828
128,11,2,10,336116,32,26.0860,32.4340,1789871408.1827
128,11,2,11,474235,32,39.8320,48.9370,1789871458.8318
128,11,2,12,226968,16,19.7640,24.1900,1789871484.5890
128,12,2,1,130600,8,10.4710,12.8770,1789872040.1059
128,12,2,2,129255,8,10.3230,12.7040,1789872054.5913
128,13,2,1,65508,16,5.5730,7.1680,1789872354.2337
128,13,2,2,80051,16,6.2260,7.8050,1789872363.4136
128,13,2,3,85344,16,6.8080,8.5670,1789872373.1161
128,13,2,4,80330,16,6.5150,8.1080,1789872382.4836
128,13,2,5,78859,14,6.4160,8.0200,1789872391.6714
128,13,2,6,97508,16,7.6600,9.5380,1789872402.5346
128,13,2,7,93207,16,7.5900,9.5400,1789872413.2780
128,13,2,8,124957,16,9.9700,12.3270,1789872426.9654
128,13,2,9,100374,16,8.2090,10.2800,1789872438.4356
128,13,2,10,139346,16,11.4370,14.0930,1789872454.1223
128,13,2,11,120955,16,10.3910,12.8220,1789872468.1916
128,13,2,12,135553,16,11.3540,14.0230,1789872483.7361
128,13,2,13,166657,16,13.6130,16.7050,1789872501.8661
128,13,2,14,382953,32,31.3900,38.7120,1789872542.0618
128,13,2,15,118041,8,10.3300,12.5250,1789872555.9352
128,13,2,16,191224,16,16.2860,20.1640,1789872577.5133
128,13,2,17,122733,16,11.1330,13.7500,1789872592.5359
128,13,2,18,114141,8,9.0940,11.3080,1789872605.1323
128,14,2,1,136473,8,11.4130,14.0450,1789873234.1583
128,15,2,1,107358,16,8.8710,11.0400,1789873555.9989
128,15,2,2,87168,16,7.4720,9.3960,1789873566.5832
128,15,2,3,116357,16,9.6150,11.9020,1789873579.7655
128,15,2,4,147033,16,11.3580,14.1470,1789873595.1788
128,15,2,5,165356,16,13.4330,16.5060,1789873612.9627
128,15,2,6,148593,16,11.6300,14.4910,1789873628.9328
128,15,2,7,210364,16,17.1210,21.1330,1789873651.5250
128,15,2,8,107759,8,8.2340,10.2000,1789873663.5348
128,15,2,9,64102,8,5.2450,6.4820,1789873671.4237
128,15,2,10,121004,8,10.9560,13.3420,1789873686.1877
128,15,2,11,111670,8,8.5480,10.5720,1789873698.2543
128,15,2,12,94949,8,7.9110,9.6410,1789873711.2846
128,15,2,13,124721,8,10.9420,13.2620,1789873734.9694
128,16,2,1,20045,6,2.7230,3.6130,1789873954.4503
128,16,2,2,23362,7,2.9050,3.7300,1789873959.3811
128,16,2,3,28466,8,3.4570,4.8510,1789873965.4699
128,16,2,4,34775,11,4.4140,5.7020,1789873972.4442
128,16,2,5,34535,11,4.3810,5.6430,1789873979.3523
128,16,2,6,42797,14,5.5840,7.1760,1789873987.8017
128,16,2,7,42330,14,5.4310,7.5130,1789873996.9632
128,16,2,8,41265,13,5.1560,6.7050,1789874004.9032
128,16,2,9,42554,12,4.9100,6.5190,1789874012.6638
128,16,2,10,52129,15,5.1580,7.0430,1789874020.8861
128,16,2,11,43725,11,3.6370,5.1160,1789874027.0360
128,16,2,12,55153,13,4.6570,5.9150,1789874034.2477
128,16,2,13,73993,16,6.5660,8.4520,1789874043.8405
128,16,2,14,80523,16,6.9610,8.6880,1789874053.8638
128,16,2,15,97332,16,7.8460,9.9090,1789874065.1394
128,16,2,16,90133,16,7.4000,9.3120,1789874075.7094
128,16,2,17,59513,13,5.7430,7.2610,1789874084.2014
128,16,2,18,82382,15,7.4350,9.3390,1789874095.2459
128,16,2,19,122756,16,9.9550,12.4080,1789874108.9773
128,16,2,20,97447,15,8.5650,10.6280,1789874120.9353
128,16,2,21,125981,16,10.3830,12.8390,1789874135.1260
128,16,2,22,140533,16,11.1580,13.7430,1789874150.7007
128,16,2,23,111524,16,9.0250,11.1840,1789874163.1722
128,16,2,24,167266,16,13.5650,16.6440,1789874181.0538
128,16,2,25,146432,16,12.4740,15.3620,1789874197.7720
128,16,2,26,141548,16,10.7680,13.4810,1789874213.1978
128,16,2,27,406039,32,33.8310,41.6270,1789874256.3025
128,16,2,28,284794,24,24.2340,29.8840,1789874287.7941
128,16,2,29,160207,16,12.8170,15.8590,1789874304.9971
128,16,2,30,155423,8,14.4610,17.4160,1789874324.3069
128,17,2,1,77682,16,6.4010,8.1560,1789874640.0828
128,17,2,2,85151,16,7.0580,8.8160,1789874650.3548
128,17,2,3,88727,16,7.2590,9.1120,1789874660.5987
128,17,2,4,122857,16,14.5160,16.7750,1789874678.4861
128,17,2,5,97434,15,8.6760,10.5530,1789874690.3632
128,17,2,6,107246,14,9.0270,11.1210,1789874707.5659
128,17,2,7,116194,15,9.4750,11.7470,1789874720.8829
128,17,2,8,135216,16,10.8490,13.4260,1789874735.6542
128,17,2,9,95957,15,8.2920,10.3180,1789874747.4742
128,17,2,10,103484,14,9.0370,11.1450,1789874759.8722
128,17,2,11,211081,16,16.3690,20.3320,1789874781.4914
128,17,2,12,100478,13,8.4760,10.4690,1789874793.2517
128,17,2,13,205645,16,17.7390,21.6520,1789874816.2310
128,17,2,14,92669,8,7.9230,9.6710,1789874852.9838
128,17,2,15,104899,8,8.8900,10.8400,1789874865.3225
128,17,2,16,131469,8,11.6620,14.1390,1789874904.7364
128,17,2,17,135667,8,12.9340,15.5460,1789874922.2778
128,17,2,18,119081,8,10.1610,12.3380,1789874943.6225
128,17,2,19,144917,8,12.1850,14.9950,1789874963.1305
128,17,2,20,144395,8,13.2540,16.0220,1789874985.3683
128,17,2,21,120142,8,10.7810,13.1050,1789875005.9222
128,17,2,22,165553,8,15.1630,18.5830,1789875074.3923
128,18,2,1,97201,16,8.2510,10.2700,1789875418.1891
128,18,2,2,81304,16,7.1890,9.0480,1789875428.4889
128,18,2,3,74176,15,7.1490,8.9000,1789875438.7716
128,18,2,4,147290,16,11.8800,14.6210,1789875454.9220
128,18,2,5,172505,16,13.7360,16.9990,1789875473.3353
128,18,2,6,144101,16,11.3390,14.0860,1789875488.6082
128,18,2,7,129285,16,10.6720,13.1680,1789875503.0416
128,18,2,8,328912,32,26.1400,32.4090,1789875537.4170
128,18,2,9,411031,32,34.3620,42.2210,1789875581.7653
128,18,2,10,191225,16,16.5300,20.1740,1789875603.4333
128,19,2,1,24962,7,2.5380,3.2840,1789875829.4615
128,19,2,2,24587,7,2.7500,3.5560,1789875834.1467
128,19,2,3,36549,11,4.0860,5.5570,1789875840.8739
128,19,2,4,32491,11,3.8650,5.0340,1789875847.2090
128,19,2,5,33691,10,3.5090,4.5230,1789875853.0923
128,19,2,6,34162,9,3.2490,4.2090,1789875858.5603
128,19,2,7,38590,13,4.7430,6.0840,1789875865.8551
128,19,2,8,42693,13,4.7330,6.5590,1789875873.5711
128,19,2,9,47006,13,4.8960,6.2220,1789875880.9955
128,19,2,10,55182,16,5.8870,7.9850,1789875890.0656
128,19,2,11,53182,13,4.7740,6.1120,1789875897.3176
128,19,2,12,63373,16,5.7270,7.3860,1789875905.8056
128,19,2,13,63114,15,5.6010,7.2730,1789875914.4375
128,19,2,14,73936,15,6.1320,7.6200,1789875923.1292
128,19,2,15,79549,16,6.6550,8.2840,1789875932.4266
128,19,2,16,82691,16,6.9300,8.6270,1789875942.4961
128,19,2,17,77004,14,6.8160,8.4470,1789875952.1541
128,19,2,18,102943,16,7.4250,9.3490,1789875962.6823
128,19,2,19,90272,16,7.3140,9.1640,1789875973.0302
128,19,2,20,84596,16,6.9710,8.7740,1789875983.0741
128,19,2,21,81320,16,7.0820,8.9470,1789875993.2609
128,19,2,22,121432,16,9.9560,12.3360,1789876006.8305
128,19,2,23,87055,16,7.2840,9.1520,1789876017.0811
128,19,2,24,150017,16,11.8000,14.6530,1789876032.9807
128,19,2,25,137056,16,10.4490,13.0440,1789876047.2458
128,19,2,26,145582,16,11.7480,14.4720,1789876062.9628
128,19,2,27,170796,16,14.2820,17.5260,1789876081.8373
128,19,2,28,170745,16,14.4050,17.6510,1789876100.8595
128,19,2,29,390341,32,32.5050,40.1840,1789876142.4042
128,19,2,30,201959,16,16.5170,20.3940,1789876164.2140
128,19,2,31,121698,8,9.8010,12.1740,1789876177.9336
128,19,2,32,106304,8,9.3770,11.4200,1789876190.6867
128,0,3,1,75042,16,12.2410,23.2230,1789864927.9875
128,0,3,2,80424,16,6.7490,8.5080,1789864937.7356
128,0,3,3,90753,16,7.2890,9.1150,1789864947.9132
128,0,3,4,86049,16,7.6940,9.5070,1789864958.4852
128,0,3,5,96134,16,7.6120,9.4830,1789864969.0819
128,0,3,6,98989,16,8.0150,10.0180,1789864980.3040
128,0,3,7,148268,16,11.1890,13.9110,1789864995.2665
128,0,3,8,124720,16,9.3590,11.7070,1789865008.2116
128,0,3,9,154979,16,12.6570,15.5820,1789865025.0726
128,0,3,10,161654,16,13.1140,16.1190,1789865042.5459
128,0,3,11,174509,16,13.5420,16.7970,1789865060.6224
128,0,3,12,390743,32,31.2550,38.8250,1789865100.8797
128,0,3,13,448852,32,38.7590,47.5750,1789865149.9304
128,0,3,14,229105,16,18.8550,23.2640,1789865174.5916
128,1,3,1,13622,4,1.4750,2.0070,1789865386.2430
128,1,3,2,26835,8,2.9920,3.8190,1789865391.1796
128,1,3,3,31490,10,3.3910,5.0770,1789865398.2732
128,1,3,4,26691,8,2.5610,3.3050,1789865402.6357
128,1,3,5,35907,11,3.7420,4.7580,1789865408.4196
128,1,3,6,36337,11,3.3910,4.4650,1789865413.9220
128,1,3,7,45927,15,4.6270,5.9800,1789865421.0787
128,1,3,8,42536,14,4.6400,5.9030,1789865428.0061
128,1,3,9,43933,14,4.8540,6.1080,1789865435.1476
128,1,3,10,43689,14,5.0990,6.5270,1789865442.8586
128,1,3,11,48549,15,5.2260,6.7270,1789865450.8033
128,1,3,12,33050,9,3.7170,4.6540,1789865456.6197
128,1,3,13,44370,12,4.2610,5.4910,1789865463.4585
128,1,3,14,60465,15,5.5620,7.1220,1789865471.8381
128,1,3,15,57081,16,5.7720,7.4810,1789865480.4953
128,1,3,16,60440,15,5.5060,7.1760,1789865489.5340
128,1,3,17,55282,13,5.0740,6.4950,1789865497.1899
128,1,3,18,62018,14,5.5070,7.0070,1789865505.3090
128,1,3,19,74744,16,6.2860,7.9590,1789865514.4539
128,1,3,20,63850,15,6.0560,7.6640,1789865524.0934
128,1,3,21,102651,16,9.1620,11.1320,1789865536.4123
128,1,3,22,91848,16,6.9740,8.8820,1789865546.6060
128,1,3,23,105363,16,7.8520,9.7990,1789865557.5654
128,1,3,24,124949,16,9.4640,11.9320,1789865570.7218
128,1,3,25,115689,16,9.4770,11.9400,1789865583.9326
128,1,3,26,130417,16,9.8890,12.3120,1789865597.9328
128,1,3,27,138329,16,11.3970,14.1060,1789865613.5664
128,1,3,28,146149,15,12.4390,15.2910,1789865630.4875
128,1,3,29,130754,16,10.5250,12.9800,1789865644.6806
128,1,3,30,360503,32,29.6980,36.5870,1789865682.7973
128,1,3,31,125411,8,9.8970,12.2060,1789865696.4836
128,1,3,32,224320,16,17.8640,22.2610,1789865720.4031
128,1,3,33,115181,8,10.0850,12.2650,1789865734.0742
128,2,3,1,52246,14,5.0530,6.5050,1789866051.1749
128,2,3,2,51180,12,4.6850,5.9340,1789866058.4255
128,2,3,3,68756,16,6.6410,8.2820,1789866067.9185
128,2,3,4,72408,16,6.2900,8.0480,1789866077.1907
128,2,3,5,79141,16,6.5930,8.3020,1789866086.6814
128,2,3,6,80220,16,6.8290,8.5940,1789866096.4519
128,2,3,7,85401,16,7.6680,9.5750,1789866107.2138
128,2,3,8,84153,15,6.8560,8.4850,1789866116.8137
128,2,3,9,122700,16,9.0560,11.2820,1789866129.3606
128,2,3,10,132526,16,10.4790,12.9470,1789866143.6760
128,2,3,11,107442,16,8.9970,11.1940,1789866156.2134
128,2,3,12,118874,16,9.5930,11.8640,1789866169.7269
128,2,3,13,177270,16,13.8540,17.1370,1789866188.5598
128,2,3,14,165207,16,13.0970,16.2200,1789866206.1580
128,2,3,15,134203,16,10.6990,13.1960,1789866220.6671
128,2,3,16,161522,16,12.7030,15.7820,1789866237.7041
128,2,3,17,378697,32,31.3740,38.7260,1789866277.8241
128,2,3,18,226607,16,17.8540,22.1760,1789866301.7270
128,2,3,19,103107,8,7.8880,9.7570,1789866312.7893
128,2,3,20,93021,8,8.1930,9.9770,1789866324.1099
128,3,3,1,61148,16,6.1450,7.8250,1789866641.1135
128,3,3,2,51776,15,5.5670,7.1080,1789866649.4991
128,3,3,3,60768,15,5.6250,7.2590,1789866657.9814
128,3,3,4,67006,15,5.6260,7.4330,1789866666.5681
128,3,3,5,90583,16,7.1980,8.9630,1789866676.9031
128,3,3,6,110420,16,8.4580,10.4390,1789866688.6139
128,3,3,7,115007,16,9.2060,11.3490,1789866701.1338
128,3,3,8,94653,15,7.8800,9.8200,1789866712.5905
128,3,3,9,103086,15,8.4760,10.4890,1789866724.2996
128,3,3,10,158809,16,12.7700,15.7230,1789866741.4529
128,3,3,11,125060,16,9.9130,12.3650,1789866755.0783
128,3,3,12,155312,16,12.2000,15.1440,1789866771.5698
128,3,3,13,168269,16,14.0190,17.1670,1789866789.9888
128,3,3,14,179155,16,14.1040,17.4700,1789866809.4940
128,3,3,15,453969,32,39.3730,48.0740,1789866859.2986
128,3,3,16,204550,16,16.9840,20.9300,1789866881.6587
128,3,3,17,109844,8,9.4190,11.4810,1789866894.6188
128,4,3,1,138042,8,12.2900,14.8600,1789867449.7550
128,5,3,1,16727,5,1.6470,2.1580,1789867628.1750
128,5,3,2,19265,6,1.9220,2.5940,1789867631.8093
128,5,3,3,30605,9,2.8350,3.6860,1789867636.7207
128,5,3,4,29330,9,2.7780,3.6230,1789867641.5726
128,5,3,5,29449,9,2.9710,3.7810,1789867646.3856
128,5,3,6,31474,9,3.2070,4.0970,1789867651.6385
128,5,3,7,36822,11,3.8230,4.9630,1789867657.7232
128,5,3,8,38202,12,4.1550,5.3650,1789867664.2090
128,5,3,9,42998,13,4.6080,5.9220,1789867671.2981
128,5,3,10,47059,15,5.6680,7.1950,1789867679.7232
128,5,3,11,53419,15,5.3520,6.8660,1789867687.8329
128,5,3,12,47490,16,5.4760,7.0730,1789867696.1529
128,5,3,13,46589,13,4.5760,5.9190,1789867703.5300
128,5,3,14,30138,8,2.8830,3.9930,1789867708.6917
128,5,3,15,48544,14,4.9580,6.4030,1789867716.2444
128,5,3,16,63330,16,6.1300,7.8110,1789867725.2961
128,5,3,17,55436,15,5.3380,6.8560,1789867733.4729
128,5,3,18,66205,16,5.8870,7.8310,1789867742.4076
128,5,3,19,77592,16,6.4470,8.1210,1789867752.0317
128,5,3,20,78741,15,6.3450,8.0350,1789867761.2698
128,5,3,21,102414,16,8.8200,10.8510,1789867773.3160
128,5,3,22,90502,16,7.2070,8.9780,1789867783.4015
128,5,3,23,92734,16,7.3050,9.1380,1789867793.6657
128,5,3,24,95896,16,7.3680,9.6060,1789867804.8314
128,5,3,25,130067,16,10.4570,12.8730,1789867818.9671
128,5,3,26,121500,16,10.3510,12.7200,1789867833.0500
128,5,3,27,133608,16,10.1780,12.7250,1789867847.4311
128,5,3,28,148212,16,11.9620,14.7060,1789867863.4058
128,5,3,29,162358,16,12.1990,15.2470,1789867879.8579
128,5,3,30,361323,32,29.5700,36.6110,1789867917.7547
128,5,3,31,132203,16,11.4770,14.1610,1789867933.1455
128,5,3,32,225779,16,18.7400,23.1030,1789867957.6123
128,5,3,33,54419,8,4.9520,6.0140,1789867964.9245
128,6,3,1,22753,7,3.0910,3.8900,1789868220.6916
128,6,3,2,30084,9,3.2090,4.1950,1789868225.9944
128,6,3,3,28186,8,2.9530,3.9090,1789868231.2187
128,6,3,4,34241,11,4.3970,5.5250,1789868237.9536
128,6,3,5,42585,14,5.0970,6.5430,1789868246.3545
128,6,3,6,40000,14,5.1630,6.5630,1789868254.1272
128,6,3,7,50363,16,5.2340,6.8560,1789868262.1430
128,6,3,8,44817,13,4.1190,5.2720,1789868268.7776
128,6,3,9,62576,16,5.3620,6.9010,1789868276.7367
128,6,3,10,56902,15,5.3740,6.7290,1789868285.0094
128,6,3,11,71101,16,5.9100,7.4310,1789868293.5680
128,6,3,12,46324,11,4.4660,6.0940,1789868301.1480
128,6,3,13,77957,15,6.3310,7.9490,1789868310.2674
128,6,3,14,75336,16,6.3540,8.0600,1789868319.4435
128,6,3,15,83372,15,6.7180,8.3740,1789868328.9839
128,6,3,16,95260,16,7.6210,9.5390,1789868339.6728
128,6,3,17,100215,16,7.6670,9.6190,1789868350.4220
128,6,3,18,144890,16,12.4030,15.1280,1789868366.9688
128,6,3,19,122823,16,10.3920,12.7000,1789868380.9019
128,6,3,20,123565,16,9.8340,12.2640,1789868394.5146
128,6,3,21,149814,16,12.1240,14.8880,1789868410.7476
128,6,3,22,154823,16,12.9970,16.0080,1789868428.1623
128,6,3,23,99985,16,8.3060,10.3800,1789868439.7566
128,6,3,24,344046,32,28.6520,35.2160,1789868476.2286
128,6,3,25,420567,32,34.6860,42.7410,1789868520.5542
128,6,3,26,250110,16,21.2290,26.1110,1789868548.1061
128,7,3,1,70569,16,6.4850,8.1840,1789868855.2679
128,7,3,2,58108,15,5.3960,6.9400,1789868863.3397
128,7,3,3,88059,16,6.9240,8.6980,1789868873.2651
128,7,3,4,86658,15,6.7620,8.4080,1789868882.7586
128,7,3,5,77641,16,6.4040,8.0370,1789868891.9736
128,7,3,6,109905,16,8.6820,11.0130,1789868904.2348
128,7,3,7,87819,16,7.9360,9.8070,1789868915.2332
128,7,3,8,111648,16,8.7950,10.9810,1789868927.6487
128,7,3,9,152545,16,11.5920,14.3610,1789868943.4228
128,7,3,10,147249,16,11.4030,14.1710,1789868958.9868
128,7,3,11,137765,16,10.6910,13.2390,1789868973.4607
128,7,3,12,135359,16,10.9400,13.5900,1789868988.4874
128,7,3,13,191009,16,15.8440,19.4100,1789869009.2990
128,7,3,14,367594,32,29.6180,36.6070,1789869047.5665
128,7,3,15,189130,16,14.1760,17.6720,1789869066.4809
128,7,3,16,91625,8,7.6640,9.3900,1789869079.2760
128,7,3,17,99965,8,8.1910,10.1370,1789869090.6997
128,7,3,18,146346,8,12.3520,15.2070,1789869144.9856
128,8,3,1,21766,6,2.1530,2.8160,1789869370.2088
128,8,3,2,21660,6,2.3050,2.9620,1789869374.3224
128,8,3,3,30512,9,3.0030,4.0030,1789869379.4658
128,8,3,4,24449,7,2.1660,2.8780,1789869383.4475
128,8,3,5,34839,11,3.3560,4.3380,1789869388.9058
128,8,3,6,44026,15,4.7350,6.0430,1789869395.9865
128,8,3,7,41046,12,3.7670,4.8830,1789869401.9794
128,8,3,8,35458,10,3.0680,3.9960,1789869407.0362
128,8,3,9,47373,14,4.8320,6.2140,1789869414.4943
128,8,3,10,42063,12,4.0820,5.2710,1789869420.8921
128,8,3,11,62792,16,5.7360,7.3690,1789869429.4437
128,8,3,12,55261,14,4.9520,6.3520,1789869436.9882
128,8,3,13,75509,16,6.8180,8.4900,1789869446.6306
128,8,3,14,83787,16,6.4540,8.1260,1789869455.9017
128,8,3,15,97804,16,7.7350,9.8660,1789869467.0525
128,8,3,16,87354,15,7.9560,9.9210,1789869478.2259
128,8,3,17,92730,16,7.6430,9.5100,1789869489.0348
128,8,3,18,68987,15,6.1870,7.8420,1789869498.1104
128,8,3,19,98174,16,7.7630,9.6590,1789869509.1725
128,8,3,20,128324,16,9.9010,12.3860,1789869522.7690
128,8,3,21,112984,16,9.5110,11.8000,1789869535.8053
128,8,3,22,102749,16,8.2250,10.2300,1789869547.3011
128,8,3,23,123983,16,10.2780,12.6980,1789869561.2680
128,8,3,24,122204,14,10.5270,13.0000,1789869576.0681
128,8,3,25,172927,16,13.5660,16.8350,1789869594.2590
128,8,3,26,176895,16,14.6680,18.2090,1789869613.8398
128,8,3,27,219565,16,18.8130,22.9760,1789869638.4419
128,8,3,28,219952,16,17.2880,21.4780,1789869661.3038
128,8,3,29,129175,8,10.4050,12.7850,1789869675.4236
128,9,3,1,148103,8,12.0340,14.7970,1789870223.7847
128,9,3,2,135105,8,10.8880,13.3640,1789870239.0569
128,10,3,1,31129,9,3.7320,4.7810,1789870565.8812
128,10,3,2,31949,9,3.5930,5.0250,1789870572.4986
128,10,3,3,42700,13,5.0630,6.5450,1789870580.4050
128,10,3,4,38701,13,5.1130,6.6010,1789870588.3001
128,10,3,5,44415,13,5.0890,6.5940,1789870596.0807
128,10,3,6,39470,13,4.9750,6.8300,1789870604.1119
128,10,3,7,45689,13,5.0350,6.5830,1789870611.9595
128,10,3,8,44211,15,5.8820,7.6640,1789870620.8759
128,10,3,9,55032,14,5.4860,7.1050,1789870629.1807
128,10,3,10,54149,15,5.9670,7.7180,1789870638.1159
128,10,3,11,68807,16,6.8460,8.7560,1789870648.1599
128,10,3,12,66222,16,6.7450,8.6140,1789870657.9730
128,10,3,13,80169,16,7.0970,9.0080,1789870668.2180
128,10,3,14,82902,15,6.9630,8.8320,1789870678.9364
128,10,3,15,127492,16,9.6320,12.0110,1789870692.3447
128,10,3,16,139806,16,11.0320,13.6120,1789870707.2758
128,10,3,17,118590,15,9.0420,11.3020,1789870719.7778
128,10,3,18,168683,16,14.2520,17.4800,1789870738.5249
128,10,3,19,166008,16,13.5170,16.5910,1789870756.6424
128,10,3,20,123178,16,10.4650,12.9130,1789870770.9590
128,10,3,21,165721,16,13.7890,16.9300,1789870789.1142
128,10,3,22,192310,16,16.5240,20.2390,1789870810.7440
128,10,3,23,391712,32,32.3350,39.7700,1789870851.9459
128,10,3,24,210644,16,18.1220,22.1010,1789870875.6388
128,10,3,25,104723,8,8.2570,10.2590,1789870887.9684
128,10,3,26,114035,8,9.3610,11.5670,1789870901.3939
128,11,3,1,77335,16,6.7140,8.4820,1789871230.7114
128,11,3,2,84613,16,6.9200,8.6520,1789871240.7034
128,11,3,3,77743,16,6.7480,8.5660,1789871250.9374
128,11,3,4,81658,16,7.3230,9.1620,1789871261.3855
128,11,3,5,65144,14,5.8400,7.3780,1789871269.9750
128,11,3,6,107136,16,8.7340,10.8770,1789871282.0720
128,11,3,7,116392,16,9.0960,11.2490,1789871294.4795
128,11,3,8,120954,16,9.9930,12.3850,1789871308.1327
128,11,3,9,152279,16,12.2340,15.0350,1789871324.4382
128,11,3,10,169351,16,12.3720,15.4630,1789871341.1967
128,11,3,11,152136,16,12.6010,15.5220,1789871358.3189
128,11,3,12,201809,16,16.0790,19.8470,1789871379.4578
128,11,3,13,392400,32,32.3970,39.7970,1789871420.7405
128,11,3,14,98999,8,8.3890,10.2110,1789871432.4400
128,11,3,15,235072,16,20.7080,25.2280,1789871459.2639
128,12,3,1,23769,7,2.5870,3.3290,1789871740.6797
128,12,3,2,25066,7,2.5990,3.4060,1789871745.1602
128,12,3,3,29226,9,3.1190,4.0380,1789871750.4551
128,12,3,4,24597,7,2.4640,3.1850,1789871754.9699
128,12,3,5,40449,14,4.7750,6.2100,1789871762.2639
128,12,3,6,33570,10,3.6860,4.8160,1789871768.5406
128,12,3,7,43549,13,4.6190,5.9540,1789871775.7954
128,12,3,8,39062,13,4.7880,6.2350,1789871783.2408
128,12,3,9,39871,11,3.8760,5.0900,1789871789.7064
128,12,3,10,48702,14,4.9670,6.8360,1789871797.7479
128,12,3,11,46054,12,4.4700,5.7050,1789871804.5831
128,12,3,12,74650,16,6.3330,8.4700,1789871814.2432
128,12,3,13,63685,15,6.0800,7.6380,1789871823.0673
128,12,3,14,69381,15,6.0510,7.6370,1789871831.9562
128,12,3,15,63541,15,6.3710,7.9580,1789871841.3736
128,12,3,16,99284,16,7.9490,9.8570,1789871852.3954
128,12,3,17,109538,16,8.4810,10.4810,1789871864.1385
128,12,3,18,135534,16,10.5460,13.0170,1789871878.5265
128,12,3,19,166210,16,13.6720,16.7780,1789871896.7187
128,12,3,20,129923,16,10.9520,13.5010,1789871911.4692
128,12,3,21,101471,16,8.3730,10.4580,1789871923.2377
128,12,3,22,127336,15,10.8450,13.3920,1789871937.7673
128,12,3,23,179981,16,14.6510,17.9660,1789871957.2296
128,12,3,24,214981,16,18.4200,22.4920,1789871981.0738
128,12,3,25,382574,32,31.4110,38.6060,1789872021.1058
128,12,3,26,181555,16,14.5140,17.9640,1789872040.4548
128,12,3,27,137120,8,12.2580,14.8210,1789872056.6963
128,13,3,1,17444,5,1.8760,2.4520,1789872270.4689
128,13,3,2,21899,6,2.3000,2.9390,1789872274.7001
128,13,3,3,29738,9,3.9720,4.9560,1789872280.8166
128,13,3,4,36635,12,4.1280,5.3420,1789872287.4139
128,13,3,5,42857,14,4.7110,6.1220,1789872294.7474
128,13,3,6,42893,13,4.5170,5.8370,1789872301.6986
128,13,3,7,44890,13,4.8980,6.2270,1789872309.0874
128,13,3,8,46515,13,4.5960,5.9830,1789872316.4322
128,13,3,9,51931,14,5.0650,6.4740,1789872324.0538
128,13,3,10,49148,14,4.8670,6.4370,1789872331.7662
128,13,3,11,61109,16,5.8550,7.4830,1789872340.3785
128,13,3,12,68985,16,5.6360,7.3510,1789872348.9144
128,13,3,13,60662,14,5.2490,6.6370,1789872356.8221
128,13,3,14,56991,13,4.7730,6.0200,1789872364.0808
128,13,3,15,42917,10,3.9930,5.0080,1789872370.1279
128,13,3,16,54491,14,5.1170,6.7830,1789872378.0526
128,13,3,17,88083,16,7.1850,9.0000,1789872388.3212
128,13,3,18,93898,16,7.5340,9.4940,1789872398.9899
128,13,3,19,105519,16,7.8200,9.8130,1789872410.4017
128,13,3,20,92401,16,7.4360,9.3070,1789872421.1108
128,13,3,21,121905,16,9.7760,12.0500,1789872434.4771
128,13,3,22,123752,16,10.2470,12.6890,1789872448.4827
128,13,3,23,140768,16,10.8600,13.5630,1789872463.4112
128,13,3,24,154451,16,12.3870,15.2060,1789872479.8700
128,13,3,25,120816,16,9.9730,12.3380,1789872493.5422
128,13,3,26,139784,16,10.7210,13.3250,1789872508.1426
128,13,3,27,217522,24,18.1820,22.7480,1789872532.4302
128,13,3,28,402023,32,34.5820,42.3120,1789872576.3349
128,13,3,29,235854,16,19.6170,24.0990,1789872601.8959
128,14,3,1,65199,16,6.0050,7.7560,1789872935.2746
128,14,3,2,78599,16,7.6790,9.5400,1789872946.0632
128,14,3,3,93283,16,7.2590,9.0610,1789872956.3794
128,14,3,4,79909,16,6.5470,8.3490,1789872965.8982
128,14,3,5,82609,16,7.2690,9.0390,1789872976.1490
128,14,3,6,69438,15,6.2300,7.9020,1789872985.3617
128,14,3,7,91910,16,8.1630,10.1910,1789872996.8241
128,14,3,8,110628,16,8.9140,11.1050,1789873009.8385
128,14,3,9,127241,16,11.8690,14.3400,1789873025.4867
128,14,3,10,104622,16,9.2030,11.3380,1789873038.0120
128,14,3,11,155675,16,12.8180,15.7620,1789873055.2256
128,14,3,12,188432,16,15.1780,18.7370,1789873076.0212
128,14,3,13,189170,16,15.2270,18.8170,1789873096.1175
128,14,3,14,139573,16,11.3320,13.9700,1789873111.2689
128,14,3,15,404238,32,34.9050,42.7320,1789873155.4117
128,14,3,16,139256,8,11.2780,13.8760,1789873170.7933
128,14,3,17,231292,16,18.5950,23.0860,1789873195.4654
128,14,3,18,146069,8,13.1070,15.7950,1789873212.6863
128,14,3,19,143559,8,11.9410,14.6610,1789873229.4181
128,15,3,1,56854,16,5.9980,7.6580,1789873464.8373
128,15,3,2,66890,16,5.8220,7.4870,1789873473.7170
128,15,3,3,45997,12,4.4560,5.7250,1789873480.5590
128,15,3,4,55104,14,5.2170,6.6610,1789873488.3470
128,15,3,5,74292,15,6.2160,7.9190,1789873497.4181
128,15,3,6,74425,16,6.3440,8.0200,1789873506.7427
128,15,3,7,80339,16,6.4150,8.0050,1789873515.8747
128,15,3,8,85857,16,6.9400,8.6660,1789873525.6231
128,15,3,9,81389,16,6.5320,8.1260,1789873534.8764
128,15,3,10,51460,11,4.8620,6.1000,1789873542.2480
128,15,3,11,91469,13,7.2080,9.0230,1789873553.4537
128,15,3,12,72728,15,6.5750,8.2270,1789873562.8385
128,15,3,13,109948,16,8.7050,10.8180,1789873574.8562
128,15,3,14,127303,16,10.1370,13.0300,1789873589.2773
128,15,3,15,148446,16,12.6330,15.8880,1789873606.4117
128,15,3,16,141083,16,11.3670,14.0300,1789873621.6819
128,15,3,17,293864,24,23.1260,28.6600,1789873651.6879
128,15,3,18,341631,32,28.1040,34.6270,1789873687.8085
128,15,3,19,66218,8,5.5830,6.8520,1789873697.2981
128,15,3,20,105971,8,8.3220,10.3770,1789873712.0336
128,15,3,21,52885,8,4.7520,5.8810,1789873729.4354
128,15,3,22,151585,8,12.9640,15.9400,1789873746.8722
128,16,3,1,56817,16,6.0430,7.9370,1789874022.3309
128,16,3,2,71521,16,5.8370,7.3530,1789874030.9584
128,16,3,3,54904,16,5.4570,6.9110,1789874039.1684
128,16,3,4,58557,13,4.9410,6.2990,1789874046.6003
128,16,3,5,81837,16,6.8410,8.9260,1789874056.7238
128,16,3,6,101312,16,8.2120,10.2360,1789874068.4041
128,16,3,7,105188,16,8.4380,10.5200,1789874080.1708
128,16,3,8,110828,16,8.9180,11.0480,1789874092.4564
128,16,3,9,96405,16,8.2610,10.3120,1789874104.0448
128,16,3,10,134011,16,10.4640,13.0860,1789874118.6087
128,16,3,11,102699,16,8.4100,10.5120,1789874130.5772
128,16,3,12,100137,15,8.9550,11.1610,1789874142.9364
128,16,3,13,117363,16,9.5010,11.8430,1789874155.9689
128,16,3,14,131376,16,11.2450,13.8770,1789874170.9888
128,16,3,15,159795,16,12.4670,15.4500,1789874187.7365
128,16,3,16,149976,16,12.1270,15.1050,1789874204.0461
128,16,3,17,366514,32,28.8390,35.7900,1789874241.0787
128,16,3,18,132748,8,11.9010,14.4130,1789874257.1405
128,16,3,19,127330,8,12.7630,15.1890,1789874273.8675
128,16,3,20,147666,8,12.3420,15.1200,1789874290.4998
128,16,3,21,111464,8,10.2200,12.4240,1789874304.6722
128,16,3,22,164849,8,14.1600,17.3760,1789874333.5224
128,17,3,1,20703,6,2.1630,3.3280,1789874493.1827
128,17,3,2,23992,7,2.5180,3.2830,1789874497.7463
128,17,3,3,23289,7,2.6270,3.3550,1789874502.3104
128,17,3,4,32038,11,4.2050,5.3440,1789874508.7958
128,17,3,5,35885,11,4.1500,5.4540,1789874515.4945
128,17,3,6,32420,10,3.3390,4.3490,1789874521.4049
128,17,3,7,23698,7,2.1770,2.8060,1789874525.2928
128,17,3,8,39833,13,3.9470,5.1870,1789874531.6339
128,17,3,9,46614,15,4.5950,5.9580,1789874538.6724
128,17,3,10,50416,16,4.9380,6.3910,1789874546.1821
128,17,3,11,43695,14,4.6640,5.9210,1789874553.2126
128,17,3,12,51805,16,5.7810,7.4600,1789874561.8637
128,17,3,13,47483,14,5.1630,6.5910,1789874569.5590
128,17,3,14,54134,14,4.7980,6.2110,1789874576.9092
128,17,3,15,59402,15,5.0900,6.4950,1789874584.7977
128,17,3,16,66179,15,5.4600,6.8900,1789874592.7853
128,17,3,17,82322,16,6.4150,8.0440,1789874602.1367
128,17,3,18,70088,16,5.8270,7.3230,1789874610.6388
128,17,3,19,65389,14,5.9320,7.4890,1789874619.1677
128,17,3,20,61298,14,5.2020,6.5300,1789874626.8160
128,17,3,21,75582,16,6.2670,7.9050,1789874636.0876
128,17,3,22,81961,16,6.7390,8.4240,1789874645.5867
128,17,3,23,113288,16,8.7600,10.8110,1789874657.7274
128,17,3,24,84055,15,11.4880,13.6690,1789874672.5555
128,17,3,25,89936,16,7.3650,9.1750,1789874682.8497
128,17,3,26,82980,16,7.0240,8.8120,1789874692.8162
128,17,3,27,92034,16,7.9200,9.7340,1789874709.1594
128,17,3,28,127264,16,10.1530,12.7420,1789874723.0633
128,17,3,29,148108,16,11.4510,14.1870,1789874738.4045
128,17,3,30,162963,16,12.6040,15.6200,1789874755.1872
128,17,3,31,181291,16,15.0010,18.3590,1789874775.0067
128,17,3,32,170070,16,12.7110,15.8680,1789874792.3073
128,17,3,33,156177,16,13.2870,16.2950,1789874809.9310
128,17,3,34,103572,8,9.0690,10.9370,1789874822.3979
128,17,3,35,112760,8,9.7490,11.8840,1789874857.7971
128,17,3,36,55195,8,4.3720,5.5140,1789874871.8190
128,17,3,37,120878,8,10.9100,13.2610,1789874902.3565
128,17,3,38,192050,16,15.4850,19.1530,1789874923.0726
128,17,3,39,126481,8,11.3500,13.7710,1789874938.2131
128,17,3,40,113774,8,8.8110,10.9230,1789874953.1657
128,17,3,41,83941,8,6.7150,8.2670,1789874962.9963
128,17,3,42,114015,8,9.9660,12.1510,1789874976.5968
128,17,3,43,179667,8,16.0320,19.5520,1789874997.9357
128,17,3,44,92696,8,7.1510,8.9060,1789875008.4162
128,18,3,1,78093,8,6.6480,8.1240,1789875590.7146
128,18,3,2,106134,8,9.5720,11.6470,1789875603.6847
128,19,3,1,61661,16,5.5070,7.0720,1789875924.2427
128,19,3,2,72790,16,5.9310,7.4820,1789875932.9362
128,19,3,3,66735,13,5.1260,6.4900,1789875940.7657
128,19,3,4,90229,16,6.8710,8.6970,1789875950.6664
128,19,3,5,72713,16,6.6720,8.5010,1789875960.3753
128,19,3,6,92326,16,7.3660,9.2200,1789875970.9294
128,19,3,7,103506,16,8.3890,10.4060,1789875982.5790
128,19,3,8,123217,16,9.6370,11.8690,1789875995.9426
128,19,3,9,100831,16,8.4680,10.5310,1789876008.0258
128,19,3,10,81414,14,6.8890,8.6120,1789876017.7985
128,19,3,11,124374,15,9.1780,11.5390,1789876030.5833
128,19,3,12,103173,16,8.4910,10.5340,1789876042.3228
128,19,3,13,135695,16,11.3540,14.0170,1789876057.7237
128,19,3,14,126838,16,10.1970,12.5730,1789876071.7976
128,19,3,15,169271,16,13.5560,16.7490,1789876089.8986
128,19,3,16,328463,32,26.5980,32.9910,1789876124.3324
128,19,3,17,455046,32,38.4270,47.2020,1789876173.0331
128,19,3,18,199160,16,16.5290,20.3310,1789876194.7407
